sigla,nombre,creditos,busqueda
AAC101,Botánica,10,botanica
AAC110,Suelos y Fertilidad,10,suelos y fertilidad
AAC111,Agua y Riego,10,agua y riego
AAC112,Climatología,10,climatologia
AAC200,Mecanización,10,mecanizacion
AAC201,Estadística,10,estadistica
AAC202,Ecología Agropecuaria,10,ecologia agropecuaria
AAC203,Genética y Biotecnología,10,genetica y biotecnologia
AAC210,Fisiología de Producción Vegetal,10,fisiologia de produccion vegetal
AAC211,Protección de Plantas,10,proteccion de plantas
AAC220,Fisiología y Nutrición Animal,10,fisiologia y nutricion animal
AAC231,Administración,10,administracion
AAC290,Formulación y Evaluación de Proyectos,10,formulacion y evaluacion de proyectos
AAC300,Seminario de Título,10,seminario de titulo
AAE201,Análisis de Decisiones,10,analisis de decisiones
AAE205,Comercialización Agropecuaria,10,comercializacion agropecuaria
AAE301,Gestión de Rr Hh,10,gestion de rr hh
AAE302,Desarrollo Económico de la Agricultura,10,desarrollo economico de la agricultura
AAE303,Estrategia Empresarial,10,estrategia empresarial
AAE304,Gestión de Operaciones,10,gestion de operaciones
AAE305,Economía de los Recursos Naturales I,10,economia de los recursos naturales 1
AAF201,Fruticultura,10,fruticultura
AAF202,Viticultura,10,viticultura
AAF203,Frutales Menores,10,frutales menores
AAF210,Patología Frutal,10,patologia frutal
AAF211,Entomología Frutal,10,entomologia frutal
AAF301,Vinificación,10,vinificacion
AAF302,Frutales de Hoja Caduca,10,frutales de hoja caduca
AAF303,Enología I,10,enologia 1
AAF304,Frutales de Hoja Persistente,10,frutales de hoja persistente
AAF305,Taller de Vinificación y Analítica del Vino,10,taller de vinificacion y analitica del vino
AAF306,Nutrición y Fertilización Frutal,10,nutricion y fertilizacion frutal
AAF307,Postcosecha de Fruta,10,postcosecha de fruta
AAF308,Enología II,10,enologia 2
AAF309,Taller Evaluación Sensorial,10,taller evaluacion sensorial
AAF311,Tecnología de Riego,10,tecnologia de riego
AAP005,Taller de Habitos y Estrategias de Estudio,5,taller de habitos y estrategias de estudio
AAP010,Desafíos de la Agricultura,5,desafios de la agricultura
AAP011,Geomensura,5,geomensura
AAP012,Dendrología,5,dendrologia
AAP013,Liderazgo y Trabajo en Equipo,5,liderazgo y trabajo en equipo
AAP014,Espiritu Emprendedor,5,espiritu emprendedor
AAP015,Tópicos Administración Agroindustrial,5,topicos administracion agroindustrial
AAP016,Manejo de Cultivos,5,manejo de cultivos
AAP017,Manejo de Especies Frutales,5,manejo de especies frutales
AAP018,Manejo de Especies Animales,5,manejo de especies animales
AAP020,Actualidad Económica,5,actualidad economica
AAP080,Agricultura Orgánica,10,agricultura organica
AAP100,Práctica de Verano 1,0,practica de verano 1
AAP110,Enfrentando la Pobreza,10,enfrentando la pobreza
AAP120,Gestión Medio Ambiental,10,gestion medio ambiental
AAP200,Práctica de Verano 2,0,practica de verano 2
AAP210,Taller,5,taller
AAR201,"Aerofotogrametría, Sig",10,"aerofotogrametria, sig"
AAR202,Silvicultura,10,silvicultura
AAR203,Dasometría,10,dasometria
AAR204,Propiedades e Industrias de la Madera,10,propiedades e industrias de la madera
AAR206,Manejo Forestal,10,manejo forestal
AAR207,Cosecha Forestal,10,cosecha forestal
AAR311,Manejo de Áreas Protegidas,10,manejo de areas protegidas
AAR332,Política Forestal,10,politica forestal
AAR337,Silvicultura Avanzada,10,silvicultura avanzada
AAV201,Producción de Cultivos,10,produccion de cultivos
AAV202,Principios de Mejoramiento Genetico,10,principios de mejoramiento genetico
AAV203,Producción de Flores y Ornamentales,10,produccion de flores y ornamentales
AAV204,Producción de Semillas,10,produccion de semillas
AAV205,Horticultura,10,horticultura
AAV206,Manejo y Diseño del Paisaje,10,manejo y diseno del paisaje
AAV210,Patología de Cultivos,10,patologia de cultivos
AAV211,Entomología de Cultivos,10,entomologia de cultivos
AAV220,Flora Nativa,10,flora nativa
AAV301,Nutrición de Cultivos,10,nutricion de cultivos
AAV302,Postcosecha de Cultivos,10,postcosecha de cultivos
AAV303,Biología y Manejo de Malezas,10,biologia y manejo de malezas
AAZ201,Fisiología y Nutrición Animal (AAZ201),10,fisiologia y nutricion animal (aaz201)
AAZ202,Nutrición y Metabolismo Animal,10,nutricion y metabolismo animal
AAZ203,Forrajeras y Manejo de Praderas,10,forrajeras y manejo de praderas
AAZ204,Calidad y Sanidad de Productos Pecuarios,10,calidad y sanidad de productos pecuarios
AAZ205,Reproducción y Mejoramiento,10,reproduccion y mejoramiento
AAZ206,Introducción a la Biología de la Conservación,10,introduccion a la biologia de la conservacion
AAZ210,Acuicultura,10,acuicultura
AAZ220,Fauna Silvestre,10,fauna silvestre
AAZ301,Fisiología Animal Avanzada,10,fisiologia animal avanzada
AAZ307,Bienestar Animal,10,bienestar animal
ACG1020,Fgh Adiestramiento Vocal Oradores,5,fgh adiestramiento vocal oradores
ACG1050,Fgh la Experiencia Teatral,5,fgh la experiencia teatral
ACG1060,Fgh Teatro Chileno Contemporáneo,5,fgh teatro chileno contemporaneo
ACG1070,Fgh Dramaturgia,5,fgh dramaturgia
ACO0310,La Escena Interna I,10,la escena interna 1
ACO0312,La Escena Interna II,10,la escena interna 2
ACO1110,Mascara I,5,mascara 1
ACO1170,Mascara II,5,mascara 2
ACO1230,Práctica Teatral I,8,practica teatral 1
ACO1240,Seminario Abierto I,5,seminario abierto 1
ACO1250,Seminario Abierto II,5,seminario abierto 2
ACO1270,Técnicas de Expresión Verbal,10,tecnicas de expresion verbal
ACO1280,Práctica Teatral II,8,practica teatral 2
ACO1310,Grandes Creadores del Teatro Moderno,10,grandes creadores del teatro moderno
ACO1660,Taller de Escenografía,8,taller de escenografia
ACO2000,Metodología de la Investigación Artística,10,metodologia de la investigacion artistica
ACO2010,Esgrima,10,esgrima
ACO2030,Teatro de Objetos,10,teatro de objetos
ACO2060,Crítica Teatral,10,critica teatral
ACO2080,Taller la Dramaturgia del Espacio,10,taller la dramaturgia del espacio
ACO2090,Introducción a la Voz,10,introduccion a la voz
ACO210E,Escena Interna I,10,escena interna 1
ACO212E,Escena Interna II,10,escena interna 2
ACO213E,La Escena Interna,10,la escena interna
ACO214E,Pedagogía Teatral,10,pedagogia teatral
ACO216E,Dramaturgia Alemana Contemporánea (Texto y Consecuencias Escénicas),10,dramaturgia alemana contemporanea (texto y consecuencias escenicas)
ACO220E,"Rito, Arte y Hermeneutica",10,"rito, arte y hermeneutica"
ACO224,Seminario Abierto,10,seminario abierto
ACO226E,Introducción a la Dirección,10,introduccion a la direccion
ACO228E,Caracterización Interna,10,caracterizacion interna
ACO2290,Teatro Latinoamericano,6,teatro latinoamericano
ACO230E,Actuación Frente a Camara,10,actuacion frente a camara
ACO232E,Producción,10,produccion
ACO236E,Taller Avanzado de Dramaturgia,10,taller avanzado de dramaturgia
ACO2390,Mascara,8,mascara
ACO2391,Mascara II (ACO2391),6,mascara 2 (aco2391)
ACO242E,Bailes de Salon,10,bailes de salon
ACO244E,Taller de Creación Colectiva,10,taller de creacion colectiva
ACO2490,Movimiento Sicologico,6,movimiento sicologico
ACO250E,Maquillaje Teatral,10,maquillaje teatral
ACO252E,Teatro Oriental,10,teatro oriental
ACO254E,Taller de Danza Butoh,10,taller de danza butoh
ACO256E,Improvisación y Mascara,10,improvisacion y mascara
ACO260E,Crítica,10,critica
ACO262E,Taller de Montaje de Texto Clásico,10,taller de montaje de texto clasico
ACO264E,Habilidades Comunicativas Orales,10,habilidades comunicativas orales
ACO266E,Taller de Iniciación al Movimiento,10,taller de iniciacion al movimiento
ACO268E,Taller Acrobacia Nivel Iniciación,10,taller acrobacia nivel iniciacion
ACO270E,Taller Acrobacia Nivel Avanzado,10,taller acrobacia nivel avanzado
ACO271,Laboratorio de Practicas Performativas,10,laboratorio de practicas performativas
ACO272E,Teatro Oriental II,10,teatro oriental 2
ACO274E,Bailes de Salon: Hombres,10,bailes de salon: hombres
ACO276E,Bailes de Salon: Mujeres,10,bailes de salon: mujeres
ACO278E,Del Cubismo al Happening,10,del cubismo al happening
ACO2791,Producción (ACO2791),6,produccion (aco2791)
ACO280E,Espacio Escenico y Percepción,10,espacio escenico y percepcion
ACO284E,Teoría y Práctica de la Meditación,10,teoria y practica de la meditacion
ACO286E,Cuerpo y Espacio Escenico,10,cuerpo y espacio escenico
ACO288E,Teatro Musical,10,teatro musical
ACO2890,Crítica Teatral (ACO2890),6,critica teatral (aco2890)
ACO2891,Seminario Abierto I (ACO2891),6,seminario abierto 1 (aco2891)
ACO2892,Danza,6,danza
ACO2893,Danza II,6,danza 2
ACO290E,Bailes Teatrales - Hombres,10,bailes teatrales - hombres
ACO292E,Bailes Teatrales - Mujeres,10,bailes teatrales - mujeres
ACO294E,Especialización para Actores / Voz Cantada,10,especializacion para actores / voz cantada
ACO296E,Realistic Theatre,10,realistic theatre
ACO298E,Teatro Chileno,10,teatro chileno
ACO299E,La Telenovela Latinoamericana: Teatralidad y Cultura,10,la telenovela latinoamericana: teatralidad y cultura
ACO3000,Antonin Artaud,10,antonin artaud
ACO300E,Taller Tecnica Actoral y Lenguaje Audiovisual,10,taller tecnica actoral y lenguaje audiovisual
ACO3020,Trabajo de la Mascara,10,trabajo de la mascara
ACO302E,Mascara y Realismo,10,mascara y realismo
ACO3030,Taller Experimental de Dramaturgia,10,taller experimental de dramaturgia
ACO3040,Taller de Expresión y Creatividad Corporal,10,taller de expresion y creatividad corporal
ACO304E,Teoría Postdramática y Teatro Chileno Contemporáneo,10,teoria postdramatica y teatro chileno contemporaneo
ACO3050,La Escritura Dramatico Teatral,8,la escritura dramatico teatral
ACO305E,La Palabra Como Sintoma,10,la palabra como sintoma
ACO306E,Vestuario y Decoración de Vestuario,10,vestuario y decoracion de vestuario
ACO310E,Practicas de Teatro Post-Dramatico,10,practicas de teatro post-dramatico
ACO320E,Introducción a la Investigación Escenica,10,introduccion a la investigacion escenica
ACO330E,Teatro y Espacio Público .Taller de Teatro Callejero,10,teatro y espacio publico .taller de teatro callejero
ACO340E,Gestión Cultural y Políticas Culturales,10,gestion cultural y politicas culturales
ACO350E,Práctica de Lugar para la Creación Espacial,10,practica de lugar para la creacion espacial
ACO360E,Proceso Crítico Teatral,10,proceso critico teatral
ACO380E,Poeticas de la Nueva Escena Chilena 1988-1995,10,poeticas de la nueva escena chilena 1988-1995
ACT1000,Percepción,12,percepcion
ACT101A,Taller de Montaje: Teatro Dramatico,15,taller de montaje: teatro dramatico
ACT101B,Taller de Montaje: Teatro Fragmentario,15,taller de montaje: teatro fragmentario
ACT101C,Taller de Montaje: Teatro Épico y Narrativo,15,taller de montaje: teatro epico y narrativo
ACT101D,Taller de Montaje: Teatro Musical,15,taller de montaje: teatro musical
ACT101E,Taller de Montaje: Cuerpo Extracotidiano,15,taller de montaje: cuerpo extracotidiano
ACT101F,Taller de Montaje: Teatro Clásico-Barroco,15,taller de montaje: teatro clasico-barroco
ACT101G,Taller de Montaje: Teatro Colaborativo,15,taller de montaje: teatro colaborativo
ACT101H,Taller de Montaje: Practicas Performativas y Multimedia,15,taller de montaje: practicas performativas y multimedia
ACT101J,Taller de Montaje: Practicas Performativas del Teatro Contemporáneo,15,taller de montaje: practicas performativas del teatro contemporaneo
ACT103A,Procesos Creativos del Cuerpo,10,procesos creativos del cuerpo
ACT103B,Cuerpo y Territorio,10,cuerpo y territorio
ACT103C,Cuerpo y Memoria,10,cuerpo y memoria
ACT103D,Cuerpo y Medios,10,cuerpo y medios
ACT105A,"Estudios Teatrales en Chile: Problemas, Contextos y Practicas",10,"estudios teatrales en chile: problemas, contextos y practicas"
ACT105B,Poieticas Teatrales,10,poieticas teatrales
ACT105C,"Experiencia Estética, Recepción y Teatralidad",10,"experiencia estetica, recepcion y teatralidad"
ACT105D,Estudios Teatrales de la Vida Social,10,estudios teatrales de la vida social
ACT106A,Relatos de Ficción,10,relatos de ficcion
ACT106B,Ejercicios de Escritura Teatral,10,ejercicios de escritura teatral
ACT106C,Seminario de Poeticas Dramaticas,10,seminario de poeticas dramaticas
ACT106D,Taller de Dramaturgia,10,taller de dramaturgia
ACT107A,Dirección y Texto Dramatico,10,direccion y texto dramatico
ACT107B,Dirección a Partir de Soportes Textuales no Dramáticos,10,direccion a partir de soportes textuales no dramaticos
ACT107C,Dirección de Actores en la Puesta en Escena,10,direccion de actores en la puesta en escena
ACT107D,Estructura y Construcción de la Puesta en Escena,10,estructura y construccion de la puesta en escena
ACT108A,Dirección: Texto Teatral,10,direccion: texto teatral
ACT108B,Dirección: Imagen y Sonido,10,direccion: imagen y sonido
ACT108C,Dirección: Laboratorio de Creación,10,direccion: laboratorio de creacion
ACT108D,Dirección: Proyecto Autoral,10,direccion: proyecto autoral
ACT109A,Archivos Escenicos: Memoria y Relatos,10,archivos escenicos: memoria y relatos
ACT109B,Escritura Crítica y Análisis Escenico,10,escritura critica y analisis escenico
ACT109C,Teatro Aplicado: Desde lo Personal a lo Social,10,teatro aplicado: desde lo personal a lo social
ACT109D,Teorías Teatrales y de la Performance,10,teorias teatrales y de la performance
ACT111,Actuación I: Percepción Teatral,10,actuacion i: percepcion teatral
ACT1110,Introducción al Teatro,8,introduccion al teatro
ACT112,Voz I: Percepción,5,voz i: percepcion
ACT1120,Percepción Musical,6,percepcion musical
ACT113,Movimiento I: Conciencia Corporal,5,movimiento i: conciencia corporal
ACT115,El Proceso de Creación Teatral,10,el proceso de creacion teatral
ACT1150,Percepción Plastico Visual,6,percepcion plastico visual
ACT1160,Percepción Dramática,8,percepcion dramatica
ACT1170,Teatro y Sociedad,8,teatro y sociedad
ACT121,Actuación II: la Escena Realista,10,actuacion ii: la escena realista
ACT1210,Actuación Voz y Movimiento I,12,actuacion voz y movimiento 1
ACT1211,Percepción Actoral,10,percepcion actoral
ACT1212,Teatro y Sociedad (ACT1212),10,teatro y sociedad (act1212)
ACT1213,Percepción del Movimiento,6,percepcion del movimiento
ACT1214,Percepción Vocal,6,percepcion vocal
ACT122,Voz II: Acción Verbal,5,voz ii: accion verbal
ACT1221,Actuación I,10,actuacion 1
ACT1222,Teoría Cultural del Drama,10,teoria cultural del drama
ACT1223,Movimiento I,6,movimiento 1
ACT1224,Voz I,6,voz 1
ACT1225,Gestión y Producción Teatral,10,gestion y produccion teatral
ACT123,Movimiento II: Principios,5,movimiento ii: principios
ACT1230,Teoría Dramática,8,teoria dramatica
ACT1231,Actuación II,10,actuacion 2
ACT1233,Movimiento II,6,movimiento 2
ACT1234,Voz II,6,voz 2
ACT1235,Teatro Antiguo,10,teatro antiguo
ACT1236,Teoría y Tecnica Dramática I,10,teoria y tecnica dramatica 1
ACT124,Del Teatro Antiguo al Renacentista,10,del teatro antiguo al renacentista
ACT1241,Actuación III,10,actuacion 3
ACT1243,Taller de Movimiento,6,taller de movimiento
ACT1244,Voz III,6,voz 3
ACT1245,Teatro del Siglo XIX,10,teatro del siglo xix
ACT1246,Teoría y Tecnica Dramática II,10,teoria y tecnica dramatica 2
ACT125,Introducción a los Estudios Teatrales,10,introduccion a los estudios teatrales
ACT1250,Historia del Teatro I,6,historia del teatro 1
ACT1251,Taller de Actuación I,10,taller de actuacion 1
ACT1253,Pantomima,6,pantomima
ACT1254,Verso,6,verso
ACT1255,Teatro Contemporáneo I,10,teatro contemporaneo 1
ACT1256,Taller de Construcción Dramática,10,taller de construccion dramatica
ACT126,Teoría y Práctica de la Dramaturgia I,10,teoria y practica de la dramaturgia 1
ACT1260,Teatro y Sociedad II,8,teatro y sociedad 2
ACT1261,Taller de Actuación II,10,taller de actuacion 2
ACT1263,Comedia del Arte,6,comedia del arte
ACT1264,Canto,6,canto
ACT1265,Teatro Contemporáneo II,10,teatro contemporaneo 2
ACT1267,Escenario I,10,escenario 1
ACT1270,Historia del Teatro II,6,historia del teatro 2
ACT1271,Taller de Actuación III,15,taller de actuacion 3
ACT1277,Escenario II,10,escenario 2
ACT1281,Realización Artística,25,realizacion artistica
ACT1282,Taller de Investigación Teórica,15,taller de investigacion teorica
ACT1290,Taller de Testimonios,10,taller de testimonios
ACT1291,Re-Conociendo la Emoción,10,re-conociendo la emocion
ACT1293,Taller de Rehabilitación de Obras Escénicas,10,taller de rehabilitacion de obras escenicas
ACT1294,Laboratorio de Puesta en Escena para Lenguaje Audiovisual,10,laboratorio de puesta en escena para lenguaje audiovisual
ACT1295,Poeticas del Espacio Escenico,10,poeticas del espacio escenico
ACT1296,"Taller Vocal: Entrenamiento, Imagen y Acción",10,"taller vocal: entrenamiento, imagen y accion"
ACT1297,Teatro Gestual,10,teatro gestual
ACT1298,La Mascara en el Trabajo del Actor,10,la mascara en el trabajo del actor
ACT1299,Entrenamiento y Cuerpo-Metafora,10,entrenamiento y cuerpo-metafora
ACT130,Actuación III: La Escena Moderna en el Siglo XX,10,actuacion iii: la escena moderna en el siglo xx
ACT1300,Actuación II (ACT1300),8,actuacion 2 (act1300)
ACT1301,"Creación Colaborativa: Memoria, Archivo y Teatro Documental",10,"creacion colaborativa: memoria, archivo y teatro documental"
ACT1302,Tenicas Actorales para Lenguaje Audiovisual,10,tenicas actorales para lenguaje audiovisual
ACT1303,Técnicas de Maquillaje Teatral,10,tecnicas de maquillaje teatral
ACT1304,Re-Conociendo la Emoción II,10,re-conociendo la emocion 2
ACT1305,Actuación: Exploración y Acontecimiento,10,actuacion: exploracion y acontecimiento
ACT1306,Activismos Feministas en América Latina: Performance y Política,10,activismos feministas en america latina: performance y politica
ACT1307,Comunicación Expresiva: Conciencia Vocal y Corporal,10,comunicacion expresiva: conciencia vocal y corporal
ACT1308,Conciencia y Expresión del Cuerpo,10,conciencia y expresion del cuerpo
ACT1309,Imaginarios para la Construcción del Teatro Chileno,10,imaginarios para la construccion del teatro chileno
ACT1311,Mitos Clasicos y Creación de Relatos en la Dramaturgia,10,mitos clasicos y creacion de relatos en la dramaturgia
ACT1312,Performance como Experiencia para la Transformación Social,10,performance como experiencia para la transformacion social
ACT1313,Problemas de las Artes Escénicas Hoy,10,problemas de las artes escenicas hoy
ACT1314,Teatro Aplicado,10,teatro aplicado
ACT1315,La Experiencia de la Creación Teatral,10,la experiencia de la creacion teatral
ACT1316,Taller Final de Escritura,10,taller final de escritura
ACT1317,Entre el Yo y el Personaje,10,entre el yo y el personaje
ACT1318,Improvisación y Juego Escenico,10,improvisacion y juego escenico
ACT1319,"Cuerpo, Emoción y Arte",10,"cuerpo, emocion y arte"
ACT132,Voz III: Texto y Expresividad,5,voz iii: texto y expresividad
ACT1320,Movimiento II (ACT1320),8,movimiento 2 (act1320)
ACT1321,El Diálogo Teatral para la Comunicación Escenica,10,el dialogo teatral para la comunicacion escenica
ACT1322,"Escena, Partitura y Pixel: Reflexion Crítica sobre Inteligencia Artificial en las Artes",10,"escena, partitura y pixel: reflexion critica sobre inteligencia artificial en las artes"
ACT1323,"Cuerpo, Voz y Tecnología",10,"cuerpo, voz y tecnologia"
ACT133,Movimiento III: Articulación y Construcción,5,movimiento iii: articulacion y construccion
ACT1330,Tecnica Dramática,8,tecnica dramatica
ACT134,Del Teatro Barroco al Realismo Histórico,10,del teatro barroco al realismo historico
ACT136,Teoría y Práctica de la Dramaturgia II,10,teoria y practica de la dramaturgia 2
ACT1360,Técnicas de Investigación,8,tecnicas de investigacion
ACT1370,Voz II (ACT1370),5,voz 2 (act1370)
ACT140,Actuación IV: La Escena Clásica,10,actuacion iv: la escena clasica
ACT1400,Actuación III (ACT1400),8,actuacion 3 (act1400)
ACT141,Actuación IV: La Escena Clásica y Barroca,10,actuacion iv: la escena clasica y barroca
ACT142,Voz IV: Texto Clásico,5,voz iv: texto clasico
ACT1420,Movimiento III,8,movimiento 3
ACT143,Movimiento IV: Dramaturgia Corporal,5,movimiento iv: dramaturgia corporal
ACT1430,Construcción Dramática,6,construccion dramatica
ACT144,Vanguardias y Teatro Épico en las Artes Escénicas,10,vanguardias y teatro epico en las artes escenicas
ACT1450,Historia del Teatro III,6,historia del teatro 3
ACT1460,Voz III (ACT1460),5,voz 3 (act1460)
ACT1470,Teatro y Psicología I,8,teatro y psicologia 1
ACT1500,Actuación IV,8,actuacion 4
ACT1510,Voz IV,5,voz 4
ACT152,Taller de Voz Cantada,5,taller de voz cantada
ACT1520,Movimiento IV,8,movimiento 4
ACT1530,Taller de Dramaturgia (ACT1530),8,taller de dramaturgia (act1530)
ACT154,Transformaciones del Cuerpo y la Palabra en Escena (2da Mitad Siglo Xx),10,transformaciones del cuerpo y la palabra en escena (2da mitad siglo xx)
ACT1550,Historia del Teatro IV,6,historia del teatro 4
ACT1560,Teatro y Psicología II,8,teatro y psicologia 2
ACT1600,Actuación V,10,actuacion 5
ACT1620,Movimiento V,8,movimiento 5
ACT1630,Voz V,5,voz 5
ACT1640,Historia del Teatro V,6,historia del teatro 5
ACT1650,Escenario,8,escenario
ACT1710,Taller de Actuación I (ACT1710),19,taller de actuacion 1 (act1710)
ACT1720,Voz VI,5,voz 6
ACT1740,Historia del Teatro VI,6,historia del teatro 6
ACT1800,Taller de Actuación II (ACT1800),22,taller de actuacion 2 (act1800)
ACT1900,Proyecto de Título,54,proyecto de titulo
ACT191B,Práctica Profesional,6,practica profesional
ACT191C,Tesis,14,tesis
ACT2110,Percepción Actoral (ACT2110),12,percepcion actoral (act2110)
ACT2120,Teatro y Sociedad I,8,teatro y sociedad 1
ACT2130,Movimiento I (ACT2130),6,movimiento 1 (act2130)
ACT2140,Voz I (ACT2140),6,voz 1 (act2140)
ACT2170,Percepción Plastico Visual (ACT2170),8,percepcion plastico visual (act2170)
ACT2180,Percepción Musical (ACT2180),6,percepcion musical (act2180)
ACT2210,Actuación I (ACT2210),8,actuacion 1 (act2210)
ACT2220,Teatro y Sociedad II (ACT2220),8,teatro y sociedad 2 (act2220)
ACT2230,Movimiento II (ACT2230),6,movimiento 2 (act2230)
ACT2240,Voz II (ACT2240),6,voz 2 (act2240)
ACT2250,Historia del Teatro Chileno,8,historia del teatro chileno
ACT2260,Percepción Dramática (ACT2260),8,percepcion dramatica (act2260)
ACT2270,Percepción Dramática (ACT2270),10,percepcion dramatica (act2270)
ACT2280,Historia del Teatro Chileno (ACT2280),10,historia del teatro chileno (act2280)
ACT2290,Teatro y Sociedad II (ACT2290),10,teatro y sociedad 2 (act2290)
ACT2310,Actuación II (ACT2310),8,actuacion 2 (act2310)
ACT2330,Pantomima (ACT2330),6,pantomima (act2330)
ACT2340,Voz III (ACT2340),6,voz 3 (act2340)
ACT2350,Teatro Chileno Contemporáneo,8,teatro chileno contemporaneo
ACT2351,Teatro Chileno Contemporáneo (ACT2351),10,teatro chileno contemporaneo (act2351)
ACT2360,Teoría y Tecnica Dramática I (ACT2360),8,teoria y tecnica dramatica 1 (act2360)
ACT2361,Teoría y Tecnica Dramática I (ACT2361),10,teoria y tecnica dramatica 1 (act2361)
ACT2410,Actuación III (ACT2410),8,actuacion 3 (act2410)
ACT2430,Comedia del Arte (ACT2430),6,comedia del arte (act2430)
ACT2440,Voz IV (ACT2440),6,voz 4 (act2440)
ACT2450,Teatro Antiguo Medieval,8,teatro antiguo medieval
ACT2460,Teoría y Tecnica Dramática II (ACT2460),8,teoria y tecnica dramatica 2 (act2460)
ACT2510,Actuación IV (ACT2510),8,actuacion 4 (act2510)
ACT2520,Psicología I,8,psicologia 1
ACT2530,Taller de Movimiento (ACT2530),8,taller de movimiento (act2530)
ACT2540,Voz V (ACT2540),6,voz 5 (act2540)
ACT2550,Renacimiento y Barroco,8,renacimiento y barroco
ACT2551,Renacimiento y Barroco (ACT2551),10,renacimiento y barroco (act2551)
ACT2560,Taller de Construcción Dramática (ACT2560),8,taller de construccion dramatica (act2560)
ACT2610,Taller de Actuación I (ACT2610),14,taller de actuacion 1 (act2610)
ACT2619,Taller de Actuación I (ACT2619),14,taller de actuacion 1 (act2619)
ACT2620,Psicología II,8,psicologia 2
ACT2640,Voz VI (ACT2640),8,voz 6 (act2640)
ACT2650,Neoclasico y Romantico,8,neoclasico y romantico
ACT2660,Neoclasico y Romantico (ACT2660),10,neoclasico y romantico (act2660)
ACT2670,Escenario I (ACT2670),8,escenario 1 (act2670)
ACT2710,Taller de Actuación II (ACT2710),16,taller de actuacion 2 (act2710)
ACT2720,Técnicas de Investigación (ACT2720),8,tecnicas de investigacion (act2720)
ACT2740,Voz VII,8,voz 7
ACT2750,Teatro Moderno Contemporáneo,8,teatro moderno contemporaneo
ACT2760,Teatro Moderno Contemporáneo (ACT2760),10,teatro moderno contemporaneo (act2760)
ACT2820,Memoria,15,memoria
ACT2823,Memoria (ACT2823),15,memoria (act2823)
ACT2825,Memoria (ACT2825),15,memoria (act2825)
ACT2920,Memoria (ACT2920),15,memoria (act2920)
ACT3661,Dirección Escenica,10,direccion escenica
ADE2101,Diseño Interdisciplinario en la Red de Centros y Estaciones Regionales de la UC,10,diseno interdisciplinario en la red de centros y estaciones regionales de la uc
ADE2201,Iluminación,10,iluminacion
ADE2301,Laboratorio de Proyectos para la Transformación Territorial,10,laboratorio de proyectos para la transformacion territorial
ADP001D,Introducción al Derecho,10,introduccion al derecho
ADP001E,Fundamentos de Macroeconomía,10,fundamentos de macroeconomia
ADP001G,Justicia y Bien Común,10,justicia y bien comun
ADP002D,Instituciones y Garantías del Estado,10,instituciones y garantias del estado
ADP002E,Economía del Sector Público,10,economia del sector publico
ADP002G,Gestión Pública I,10,gestion publica 1
ADP003G,Gestión Pública II,10,gestion publica 2
ADP004G,Métodos Aplicados a la Gestión Pública,10,metodos aplicados a la gestion publica
ADP005G,Evidencia para la Gestión Pública,10,evidencia para la gestion publica
ADP201C,Política en Gestión y Políticas Públicas,10,politica en gestion y politicas publicas
ADP201D,Regimen Jurídico de la Administración del Estado,10,regimen juridico de la administracion del estado
ADP201E,Gestión de Recursos Humanos en el Sector Público,10,gestion de recursos humanos en el sector publico
ADP201G,Evaluación de Programas Publicos,10,evaluacion de programas publicos
ADP201I,Operaciones de Servicios Publicos,10,operaciones de servicios publicos
ADP202E,Gestión de Personas en el Sector Público,10,gestion de personas en el sector publico
ADP202G,Administración Financiera del Estado,10,administracion financiera del estado
ADP202I,Gestión de Innovación y Tecnología,10,gestion de innovacion y tecnologia
ADP203G,Gestión de Proyectos Publicos (Capstone),10,gestion de proyectos publicos (capstone)
ADP203I,Transformación Digital,10,transformacion digital
ADP301E,Habilidades Directivas,10,habilidades directivas
ADP301G,Ética y Políticas Pubicas,5,etica y politicas pubicas
ADP302G,Probidad y Transparencia,5,probidad y transparencia
ADP303G,Auditoría Gubernamental,10,auditoria gubernamental
ADP304G,Ética Profesional,5,etica profesional
ADP305G,Entorno y Relación con el Medio,10,entorno y relacion con el medio
ADP500,Gobernar a Nivel Subnacional: Política y Gestión de los Gobiernos Regionales y Locales,10,gobernar a nivel subnacional: politica y gestion de los gobiernos regionales y locales
AEU2000,Accesibilidad en los Espacios de la Ciudad,10,accesibilidad en los espacios de la ciudad
AEU2001,Nuevas Tecnologías para el Diseño Estrategico de Información Ambiental,10,nuevas tecnologias para el diseno estrategico de informacion ambiental
AEU2002,"Genero, Espacio y Cuerpo: Hacia Proyectos con Enfoque Feminista",10,"genero, espacio y cuerpo: hacia proyectos con enfoque feminista"
AEU2003,Diseño Estrategico de Información Ambiental,10,diseno estrategico de informacion ambiental
AGC101,Gira de Estudios Ciencias Vegetales,0,gira de estudios ciencias vegetales
AGC1010,Práctica Básica III,3,practica basica 3
AGC1021,Operaciones Aplicadas Agrícolas II,6,operaciones aplicadas agricolas 2
AGC1146,Entomología General,9,entomologia general
AGC1152,Fertilidad y Fertilizantes,9,fertilidad y fertilizantes
AGC1154,Fitotecnia General,9,fitotecnia general
AGC1155,Fruticultura General,9,fruticultura general
AGC1156,Fitopatología General,9,fitopatologia general
AGC1163,Genética General,9,genetica general
AGC1180,Agroclimatología,6,agroclimatologia
AGC1245,Vitivinicultura,9,vitivinicultura
AGC2000,Fundamentos Producción Vegetal,9,fundamentos produccion vegetal
AGC2001,Práctica Profesional Ciencias Vegetales,4,practica profesional ciencias vegetales
AGC202,Principios de Mejoramiento Genetico (AGC202),10,principios de mejoramiento genetico (agc202)
AGC203,Producción de Flores y Ornamentales (AGC203),10,produccion de flores y ornamentales (agc203)
AGC204,Mecanización (AGC204),10,mecanizacion (agc204)
AGC205,Horticultura (AGC205),10,horticultura (agc205)
AGC2050,Práctica Profesional II Fitotecnia,6,practica profesional 2 fitotecnia
AGC2051,Práctica Profesional II Frutales,6,practica profesional 2 frutales
AGC2052,Práctica Profesional Ciencias Vegetales (AGC2052),6,practica profesional ciencias vegetales (agc2052)
AGC206,Producción de Cultivos (AGC206),10,produccion de cultivos (agc206)
AGC207,Producción de Cultivos Extensivos,10,produccion de cultivos extensivos
AGC208,Producción de Semillas (AGC208),10,produccion de semillas (agc208)
AGC209,Comprendiendo la Agricultura y sus Desafíos,10,comprendiendo la agricultura y sus desafios
AGC210,Patología de Cultivos (AGC210),10,patologia de cultivos (agc210)
AGC211,Entomología de Cultivos (AGC211),10,entomologia de cultivos (agc211)
AGC2166,Malezas y Principios de Control,9,malezas y principios de control
AGC2170,Biología de Malezas y Estrategias,9,biologia de malezas y estrategias
AGC2180,Agroclimatología (AGC2180),9,agroclimatologia (agc2180)
AGC220,Flora Nativa (AGC220),10,flora nativa (agc220)
AGC2201,Postcosecha de Frutales,9,postcosecha de frutales
AGC2203,Postcosecha de Cultivos y Hortalizas,9,postcosecha de cultivos y hortalizas
AGC2210,Frutales Hoja Caduca,9,frutales hoja caduca
AGC2211,Frutales Hoja Persistente,9,frutales hoja persistente
AGC2212,Viticultura (AGC2212),9,viticultura (agc2212)
AGC2215,Frutales Menores (AGC2215),9,frutales menores (agc2215)
AGC2220,Cereales,9,cereales
AGC2221,Cultivos Industriales,6,cultivos industriales
AGC2222,Horticultura (AGC2222),9,horticultura (agc2222)
AGC2223,Leguminosas de Grano,6,leguminosas de grano
AGC2226,Producción de Cultivos I,9,produccion de cultivos 1
AGC2227,Producción de Cultivos II,9,produccion de cultivos 2
AGC2230,Vinificación (AGC2230),9,vinificacion (agc2230)
AGC2231,Enología,9,enologia
AGC2232,Enología II (AGC2232),9,enologia 2 (agc2232)
AGC2233,Principios de Mejoramiento Genetico (AGC2233),6,principios de mejoramiento genetico (agc2233)
AGC2235,Producción de Semillas (AGC2235),9,produccion de semillas (agc2235)
AGC2240,Patología de Cultivos (AGC2240),9,patologia de cultivos (agc2240)
AGC2241,Patología Frutal (AGC2241),9,patologia frutal (agc2241)
AGC2243,Maquinaria Agricola II,6,maquinaria agricola 2
AGC2244,Tecnología de la Fruta,9,tecnologia de la fruta
AGC2250,Entomología de Cultivos (AGC2250),9,entomologia de cultivos (agc2250)
AGC2251,Entomología Frutal (AGC2251),9,entomologia frutal (agc2251)
AGC2257,Fundamentos de Fertilidad Cultivo,9,fundamentos de fertilidad cultivo
AGC2260,Mejoramiento de Plantas,9,mejoramiento de plantas
AGC2262,Fundamentos de Riego,9,fundamentos de riego
AGC2266,Herbicidas y Control de Malezas,6,herbicidas y control de malezas
AGC2270,Factores de Crecimiento y Desarro,9,factores de crecimiento y desarro
AGC2281,Flora Nativa (AGC2281),9,flora nativa (agc2281)
AGC2300,Seminario I Fitotecnia,3,seminario 1 fitotecnia
AGC2301,Seminario II Fitotecnia,3,seminario 2 fitotecnia
AGC2310,Seminario Frutales,3,seminario frutales
AGC2400,Estudios Dirigidos Fitotecnia,3,estudios dirigidos fitotecnia
AGC2410,Estudios Dirigidos Frutales,3,estudios dirigidos frutales
AGC250,Manejo de Cespedes,10,manejo de cespedes
AGC260,Manejo y Diseño del Paisaje (AGC260),10,manejo y diseno del paisaje (agc260)
AGC261,Material Vegetal y Diseño de Parques y Jardines,10,material vegetal y diseno de parques y jardines
AGC262,Manejo del Paisaje,10,manejo del paisaje
AGC303,Biología y Manejo de Malezas (AGC303),10,biologia y manejo de malezas (agc303)
AGC304,Nutrición de Cultivos (AGC304),10,nutricion de cultivos (agc304)
AGC306,Postcosecha de Cultivos (AGC306),10,postcosecha de cultivos (agc306)
AGC307,Producción de Cultivos Extensivos (AGC307),10,produccion de cultivos extensivos (agc307)
AGC308,Horticultura (AGC308),10,horticultura (agc308)
AGC310,Sistemas Intensivos de Producción Vegetal,10,sistemas intensivos de produccion vegetal
AGC3100,Fisiología de Plantas Frutales,15,fisiologia de plantas frutales
AGC311,Producción de Flores y Ornamentales (AGC311),10,produccion de flores y ornamentales (agc311)
AGC3110,Relación Suelo Planta Agua,12,relacion suelo planta agua
AGC312,Biología y Producción de Semillas,10,biologia y produccion de semillas
AGC3120,Física de Suelos,9,fisica de suelos
AGC313,Principios de Mejoramiento Genetico (AGC313),10,principios de mejoramiento genetico (agc313)
AGC3130,Química de Suelos,9,quimica de suelos
AGC314,Entomología de Cultivos (AGC314),10,entomologia de cultivos (agc314)
AGC3140,Tópicos Especiales I,10,topicos especiales 1
AGC315,Patología de Cultivos (AGC315),10,patologia de cultivos (agc315)
AGC316,Nutrición de Cultivos (AGC316),10,nutricion de cultivos (agc316)
AGC317,Biología y Manejo de Malezas (AGC317),10,biologia y manejo de malezas (agc317)
AGC318,Biotecnología Agropecuaria,10,biotecnologia agropecuaria
AGC319,Diseño y Manejo del Riego para Cultivos,10,diseno y manejo del riego para cultivos
AGC3200,Fruticultura Avanzada,15,fruticultura avanzada
AGC321,Agricultura Orgánica (AGC321),10,agricultura organica (agc321)
AGC322,Ciencia de Plaguicidas e Interacciones Ambientales,10,ciencia de plaguicidas e interacciones ambientales
AGC3220,Tecnologías de Riego,15,tecnologias de riego
AGC3230,Tecnología de Fertilizantes,15,tecnologia de fertilizantes
AGC3240,Tópicos Especiales II,10,topicos especiales 2
AGC326,Infraestructura Verde,10,infraestructura verde
AGC3266,Modos de Acción de Herbicidas,6,modos de accion de herbicidas
AGC3300,Biotecnología de Postcosecha,15,biotecnologia de postcosecha
AGC3320,Proyectos de Riego,15,proyectos de riego
AGC3330,Nutrición de Cultivos (AGC3330),15,nutricion de cultivos (agc3330)
AGC3400,Seminario de Fruticultura,5,seminario de fruticultura
AGE102,Gira de Estudios en Economía Agraria,0,gira de estudios en economia agraria
AGE1061,Operaciones Aplicadas Agrícolas VI,6,operaciones aplicadas agricolas 6
AGE1113,Métodos de Investigación Agricola I,9,metodos de investigacion agricola 1
AGE2000,Práctica Profesional I,6,practica profesional 1
AGE2010,Práctica Profesional de Economía Agraria,3,practica profesional de economia agraria
AGE201E,Rural Development,10,rural development
AGE204,Desarrollo Rural,10,desarrollo rural
AGE205,Comercialización Agropecuaria (AGE205),10,comercializacion agropecuaria (age205)
AGE206,Introducción a la Economía Ambiental y de los Recursos Naturales,10,introduccion a la economia ambiental y de los recursos naturales
AGE207,Economía Agraria y Ambiental,10,economia agraria y ambiental
AGE2113,Métodos Investigación Agricola II,9,metodos investigacion agricola 2
AGE2120,Gestión de Operaciones (AGE2120),9,gestion de operaciones (age2120)
AGE2160,Economía Agraria Chilena,9,economia agraria chilena
AGE2161,Economía Aplicada,9,economia aplicada
AGE2170,Administración Empresas Agropecuarias I,9,administracion empresas agropecuarias 1
AGE2210,Desarrollo Económico de la Agricultura (AGE2210),9,desarrollo economico de la agricultura (age2210)
AGE2213,Análisis de Regresión,9,analisis de regresion
AGE2230,Métodos Cuantitativos en Economía Agraria I,9,metodos cuantitativos en economia agraria 1
AGE2240,Comercialización Productos Agropecuarios,9,comercializacion productos agropecuarios
AGE2250,Producción y Toma de Decisiones,9,produccion y toma de decisiones
AGE226,Derecho de Aguas,10,derecho de aguas
AGE2260,Derechos de Agua,9,derechos de agua
AGE2270,Administración de Empresas Agropecuarias II,9,administracion de empresas agropecuarias 2
AGE2275,Evaluación de Proyectos Agropecuarios,9,evaluacion de proyectos agropecuarios
AGE2300,Seminario Economía Agraria,3,seminario economia agraria
AGE2360,Economía Recursos Naturales I,9,economia recursos naturales 1
AGE237,Sistemas de Información para la Gestión Agroindustrial,10,sistemas de informacion para la gestion agroindustrial
AGE2500,Práctica Profesional de Economía Agraria (AGE2500),4,practica profesional de economia agraria (age2500)
AGE259,Comercialización Internacional de Fruta Fresca,10,comercializacion internacional de fruta fresca
AGE2900,Seminario y Proyecto de Título,9,seminario y proyecto de titulo
AGE300,Gestión de Recursos Humanos,10,gestion de recursos humanos
AGE303,Estrategia Empresarial (AGE303),10,estrategia empresarial (age303)
AGE304,Gestión de Operaciones (AGE304),10,gestion de operaciones (age304)
AGE305,Economía de los Recursos Naturales I (AGE305),10,economia de los recursos naturales 1 (age305)
AGE305E,Environmental and Natural Resource Economics,10,environmental and natural resource economics
AGE306,Desarrollo Económico de la Agricultura (AGE306),10,desarrollo economico de la agricultura (age306)
AGE307,Análisis de Decisiones (AGE307),10,analisis de decisiones (age307)
AGE308,Comercialización Agropecuaria (AGE308),10,comercializacion agropecuaria (age308)
AGE309,Mercados Agrícolas,10,mercados agricolas
AGE312,Políticas Agrarias,10,politicas agrarias
AGE313,Economía Ambiental,10,economia ambiental
AGE315,Gestión de Operaciones (AGE315),10,gestion de operaciones (age315)
AGE316,Gestión de Recursos Humanos (AGE316),10,gestion de recursos humanos (age316)
AGE317,Análisis de Decisiones (AGE317),10,analisis de decisiones (age317)
AGE318,Desarrollo Rural (AGE318),10,desarrollo rural (age318)
AGE319,Economía Regional,10,economia regional
AGE320,Economía de Recursos Naturales,10,economia de recursos naturales
AGE321,Transformación Digital en el Agronegocio,10,transformacion digital en el agronegocio
AGE335,Gestión de Sistemas Agroalimentarios,10,gestion de sistemas agroalimentarios
AGE336,Contexto Macroeconomico para la Agricultura,10,contexto macroeconomico para la agricultura
AGE3360,Economía de Recursos Ambientales,9,economia de recursos ambientales
AGE3375,Desarrollo de Negocios,9,desarrollo de negocios
AGE338,Manejo de Datos y Análisis Multivariado,10,manejo de datos y analisis multivariado
AGE3395,Recursos Humanos,9,recursos humanos
AGF101,Gira de Estudios Fruticultura y Enología,0,gira de estudios fruticultura y enologia
AGF1051,Operaciones Aplicadas Agrícolas V,6,operaciones aplicadas agricolas 5
AGF2000,Práctica Profesional Fruticultura,6,practica profesional fruticultura
AGF201,Fruticultura (AGF201),10,fruticultura (agf201)
AGF203,Frutales Menores (AGF203),10,frutales menores (agf203)
AGF209,Patología Frutal (AGF209),10,patologia frutal (agf209)
AGF212,Entomología Frutal (AGF212),10,entomologia frutal (agf212)
AGF2201,Postcosecha de Frutales (AGF2201),9,postcosecha de frutales (agf2201)
AGF2210,Frutales Hoja Caduca (AGF2210),9,frutales hoja caduca (agf2210)
AGF2211,Frutales Hoja Persistente (AGF2211),9,frutales hoja persistente (agf2211)
AGF2212,Viticultura (AGF2212),9,viticultura (agf2212)
AGF2215,Frutales Menores (AGF2215),9,frutales menores (agf2215)
AGF2230,Taller de Vinificación y Analítica del Vino (AGF2230),6,taller de vinificacion y analitica del vino (agf2230)
AGF2231,Enología I (AGF2231),9,enologia 1 (agf2231)
AGF2233,Vinificación (AGF2233),9,vinificacion (agf2233)
AGF2234,Enología II (AGF2234),9,enologia 2 (agf2234)
AGF2240,Taller de Evaluación Sensorial y Enología,9,taller de evaluacion sensorial y enologia
AGF2241,Patología Frutal (AGF2241),9,patologia frutal (agf2241)
AGF2244,Tecnología de la Fruta (AGF2244),9,tecnologia de la fruta (agf2244)
AGF2251,Entomología Frutal (AGF2251),9,entomologia frutal (agf2251)
AGF2256,Fertilizante y Nutrición Frutal,9,fertilizante y nutricion frutal
AGF2265,Protección de Plantas Frutales,6,proteccion de plantas frutales
AGF2310,Frutales Hoja Caduca II,9,frutales hoja caduca 2
AGF2605,Bioquímica de los Alimentos,9,bioquimica de los alimentos
AGF261,Tecnología de la Fruta (AGF261),10,tecnologia de la fruta (agf261)
AGF2610,Microbiología de Alimentos,9,microbiologia de alimentos
AGF2611,Microbiología de Alimentos (AGF2611),6,microbiologia de alimentos (agf2611)
AGF2620,Operaciones Unitarias Proceso Alimentos,9,operaciones unitarias proceso alimentos
AGF2650,Control de Calidad de Alimentos,9,control de calidad de alimentos
AGF2670,Laboratorio de Alimentos,5,laboratorio de alimentos
AGF300,Viticultura (AGF300),10,viticultura (agf300)
AGF301,Vinificación (AGF301),10,vinificacion (agf301)
AGF302,Frutales de Hoja Caduca I,10,frutales de hoja caduca 1
AGF303,Enología I (AGF303),10,enologia 1 (agf303)
AGF304,Frutales de Hoja Persistente (AGF304),10,frutales de hoja persistente (agf304)
AGF305,Taller de Vinificación y Analítica del Vino (AGF305),10,taller de vinificacion y analitica del vino (agf305)
AGF306,Nutrición y Fertilización Frutal (AGF306),10,nutricion y fertilizacion frutal (agf306)
AGF307,Postcosecha de Fruta (AGF307),10,postcosecha de fruta (agf307)
AGF308,Enología II (AGF308),10,enologia 2 (agf308)
AGF309,Taller de Evaluación Sensorial,10,taller de evaluacion sensorial
AGF310,Frutales de Hoja Caduca II,10,frutales de hoja caduca 2
AGF311,Tecnología de Riego (AGF311),10,tecnologia de riego (agf311)
AGF312,Viticultura (AGF312),10,viticultura (agf312)
AGF321,Agricultura Orgánica (AGF321),10,agricultura organica (agf321)
AGF322,Métodos Integrados en Protección Vegetal,10,metodos integrados en proteccion vegetal
AGF323,Nutrición y Fertilidad Frutal,10,nutricion y fertilidad frutal
AGF324,Diseño y Manejo de Riego en Frutales y Viñas,10,diseno y manejo de riego en frutales y vinas
AGF325,Viticultura (AGF325),10,viticultura (agf325)
AGF326,Vinificación (AGF326),10,vinificacion (agf326)
AGF327,Frutales de Hoja Caduca I (AGF327),10,frutales de hoja caduca 1 (agf327)
AGF328,Frutales de Hoja Persistente (AGF328),10,frutales de hoja persistente (agf328)
AGF329,Poscosecha de Frutas,10,poscosecha de frutas
AGF330,Propagación de Plantas,10,propagacion de plantas
AGF331,Química y Microbiología del Vino,10,quimica y microbiologia del vino
AGF332,Procesamiento del Vino,10,procesamiento del vino
AGF333,Evaluación Sensorial,10,evaluacion sensorial
AGF334,Analítica de Vino y Alimentos,10,analitica de vino y alimentos
AGF335,Cerveceria y otras Bebidas Fermentadas,10,cerveceria y otras bebidas fermentadas
AGF337,Entomología Frutal (AGF337),10,entomologia frutal (agf337)
AGF338,Taller de Fermentaciones,10,taller de fermentaciones
AGF339,Frutales de Hoja Caduca II (AGF339),10,frutales de hoja caduca 2 (agf339)
AGG401,Nutrición Animal,12,nutricion animal
AGL007,Taller de Biohuerto,5,taller de biohuerto
AGL008,Taller de Apicultura,5,taller de apicultura
AGL009,Taller de Excel,5,taller de excel
AGL010,Desafíos de la Agricultura (AGL010),5,desafios de la agricultura (agl010)
AGL011,Sistemas de Información Geográfica,5,sistemas de informacion geografica
AGL012,Biodiversidad Vegetal,5,biodiversidad vegetal
AGL014,Espiritu Emprendedor (AGL014),5,espiritu emprendedor (agl014)
AGL015,Tópicos Administración Agroindustrial (AGL015),5,topicos administracion agroindustrial (agl015)
AGL016,Manejo de Cultivos (AGL016),5,manejo de cultivos (agl016)
AGL017,Manejo de Especies Frutales (AGL017),5,manejo de especies frutales (agl017)
AGL018,Manejo de Especies Animales (AGL018),5,manejo de especies animales (agl018)
AGL019,Practicas de Ecología Forestal,5,practicas de ecologia forestal
AGL021,Morfología de Plantas Agronomicas,5,morfologia de plantas agronomicas
AGL022,Taller de Mecanización,5,taller de mecanizacion
AGL023,From Climate Risk to Sustainability: Perspectives from Chile and Latín América,5,from climate risk to sustainability: perspectives from chile and latin america
AGL024,Desafíos de la Vida Profesional,5,desafios de la vida profesional
AGL025,Taller de Elaboración de Cerveza,5,taller de elaboracion de cerveza
AGL030,Taller de Sistemas Agrícolas y Forestales I,5,taller de sistemas agricolas y forestales 1
AGL040,Taller de Sistemas Agrícolas y Forestales II,5,taller de sistemas agricolas y forestales 2
AGL060,Taller 3,5,taller 3
AGL070,Taller 4,5,taller 4
AGL090,Taller 5,5,taller 5
AGL100,Práctica de Verano 1 (AGL100),0,practica de verano 1 (agl100)
AGL102,Enfrentando la Pobreza (AGL102),10,enfrentando la pobreza (agl102)
AGL110,Suelos y Fertilidad (AGL110),10,suelos y fertilidad (agl110)
AGL111,Agua y Riego (AGL111),10,agua y riego (agl111)
AGL120,Gestión Medio Ambiental (AGL120),10,gestion medio ambiental (agl120)
AGL150,Práctica de Licenciatura,0,practica de licenciatura
AGL200,Práctica de Verano II,0,practica de verano 2
AGL202,Ecología Agropecuaria (AGL202),10,ecologia agropecuaria (agl202)
AGL204,"Principios de Procesamiento, Calidad e Inocuidad de Alimentos",10,"principios de procesamiento, calidad e inocuidad de alimentos"
AGL210,Fisiología de Producción Vegetal (AGL210),10,fisiologia de produccion vegetal (agl210)
AGL211,Protección de Plantas (AGL211),10,proteccion de plantas (agl211)
AGL212,Evaluación de Impacto Ambiental,10,evaluacion de impacto ambiental
AGL221,Producción Animal,10,produccion animal
AGL222,Cmd Espiritu Emprendedor,10,cmd espiritu emprendedor
AGL231,Administración (AGL231),10,administracion (agl231)
AGL232,Administración de Sistemas Agrícolas y Forestales,10,administracion de sistemas agricolas y forestales
AGL245,Vitivinicultura (AGL245),10,vitivinicultura (agl245)
AGL246,Cmd Populations and Genetics,10,cmd populations and genetics
AGL251,CMD Cambio Climático: Un Enfoque Multidisciplinario,10,cmd cambio climatico: un enfoque multidisciplinario
AGL252,Calidad de Suelos,10,calidad de suelos
AGL253,Apicultura Sustentable,10,apicultura sustentable
AGL255,Excel para la Vida Profesional,10,excel para la vida profesional
AGL270,Comercio Exterior Silvoagropecuario,10,comercio exterior silvoagropecuario
AGL275,CMD Investigación en Pregrado UC Propone Agronomía e Ingeniería Forestal,10,cmd investigacion en pregrado uc propone agronomia e ingenieria forestal
AGL280,Aplicaciones Estadisticas,10,aplicaciones estadisticas
AGL281,Huertos Urbanos y Comunitarios,10,huertos urbanos y comunitarios
AGL282,Tópicos de Investigación en Pregrado,10,topicos de investigacion en pregrado
AGL283,Buenas Practicas Agropecuarias y Manufactura,10,buenas practicas agropecuarias y manufactura
AGL299,Manejo Integrado de Cuencas,10,manejo integrado de cuencas
AGL308,Comercialización Agropecuaria (AGL308),10,comercializacion agropecuaria (agl308)
AGL309,Tecnologías Agropecuarias Emergentes y Agricultura Digital,10,tecnologias agropecuarias emergentes y agricultura digital
AGL350,Taller 5: Viaje de Estudios,5,taller 5: viaje de estudios
AGL351,Inteligencia Artificial y Sistemas Naturales,10,inteligencia artificial y sistemas naturales
AGL380,Residencia Profesional,30,residencia profesional
AGL381,Pasantia Profesional,20,pasantia profesional
AGL400,Examen de Certificación de Licenciatura,0,examen de certificacion de licenciatura
AGL401,Estudiar y Aprender para el Examen de Licenciatura,3,estudiar y aprender para el examen de licenciatura
AGR000,Convenio Puc-Ucla,1,convenio puc-ucla
AGR1000,Fgm Hombre y Medio Ambiente,5,fgm hombre y medio ambiente
AGR1001,Fgm Agricultura Chilena: Hoy y Mañana,5,fgm agricultura chilena: hoy y manana
AGR1010,Operaciones Agrícolas I,6,operaciones agricolas 1
AGR1011,Operaciones Aplicadas I,6,operaciones aplicadas 1
AGR1012,Operaciones Aplicadas Forestales I,6,operaciones aplicadas forestales 1
AGR1013,Operaciones Aplicadas Agrícolas I,6,operaciones aplicadas agricolas 1
AGR102,Gira de Estudios Gestión Ambiental,0,gira de estudios gestion ambiental
AGR1020,Operaciones Agrícolas II,6,operaciones agricolas 2
AGR1021,Operaciones Aplicadas II,6,operaciones aplicadas 2
AGR1022,Operaciones Aplicadas Forestales II,6,operaciones aplicadas forestales 2
AGR103,Gira de Estudios Ingeniería Forestal,0,gira de estudios ingenieria forestal
AGR1030,Operaciones Agrícolas III,6,operaciones agricolas 3
AGR1031,Operaciones Aplicadas III,6,operaciones aplicadas 3
AGR1040,Operaciones Agrícolas IV,6,operaciones agricolas 4
AGR1041,Operaciones Aplicadas IV,6,operaciones aplicadas 4
AGR1050,Operaciones Agrícolas V,6,operaciones agricolas 5
AGR1051,Operaciones Aplicadas V,6,operaciones aplicadas 5
AGR1060,Operaciones Agrícolas VI,6,operaciones agricolas 6
AGR1061,Operaciones Aplicadas VI,6,operaciones aplicadas 6
AGR1130,Ecología,9,ecologia
AGR120,Gestión Medio Ambiental (AGR120),10,gestion medio ambiental (agr120)
AGR200,Ecología Forestal,10,ecologia forestal
AGR205,Geomática Aplicada a Recursos Naturales,10,geomatica aplicada a recursos naturales
AGR208,Suelo e Hidrología Forestal,10,suelo e hidrologia forestal
AGR209,Biodiversidad Vegetal (AGR209),10,biodiversidad vegetal (agr209)
AGR211,Manejo y Planificación Forestal,10,manejo y planificacion forestal
AGR2110,Introducción a la Percepción Remota,6,introduccion a la percepcion remota
AGR212,Muestreo y Dinámica de Bosques,10,muestreo y dinamica de bosques
AGR2130,Teledetec y Aplicaciones Agroforestal,6,teledetec y aplicaciones agroforestal
AGR2162,Hidrología e Hidráulica Aplicada,9,hidrologia e hidraulica aplicada
AGR217,Taller de Ecosistemas,10,taller de ecosistemas
AGR218,Conservación y Manejo de Recursos Naturales,10,conservacion y manejo de recursos naturales
AGR2180,Conservación Recursos Naturales,9,conservacion recursos naturales
AGR2181,Conservación y Manejo de Recursos Naturales (AGR2181),10,conservacion y manejo de recursos naturales (agr2181)
AGR220,Silvicultura del Bosque Nativo,10,silvicultura del bosque nativo
AGR2220,Computación para la Investigación,6,computacion para la investigacion
AGR2226,Pobreza: Causas y Soluciones,9,pobreza: causas y soluciones
AGR2230,El Mundo Rural en Chile,5,el mundo rural en chile
AGR2244,Tecnología de Alimentos,9,tecnologia de alimentos
AGR232,Caracterización de Ecosistemas Mediante Imagenes Satelitales,5,caracterizacion de ecosistemas mediante imagenes satelitales
AGR238,Arbolado Urbano para la Ciudad Sustentable,10,arbolado urbano para la ciudad sustentable
AGR240,Diversificación Forestal,10,diversificacion forestal
AGR2400,Tópicos de Investigación,6,topicos de investigacion
AGR2490,Pauta de Proyecto de Título,0,pauta de proyecto de titulo
AGR251,Cambio Climático: Un Enfoque Multidisciplinario,10,cambio climatico: un enfoque multidisciplinario
AGR2600,Covenio Duoc UC-Agronomía,10,covenio duoc uc-agronomia
AGR296,Tesis (AGR296),45,tesis (agr296)
AGR301,Sanidad Forestal,10,sanidad forestal
AGR302,Manejo y Planificación Forestal (AGR302),10,manejo y planificacion forestal (agr302)
AGR303,Silvicultura Avanzada (AGR303),10,silvicultura avanzada (agr303)
AGR304,Arbolado Urbano,10,arbolado urbano
AGR305,Ciencia y Manejo del Fuego,10,ciencia y manejo del fuego
AGR306,"Estructura, Propiedades e Industria de la Madera",10,"estructura, propiedades e industria de la madera"
AGR308,Fauna y Manejo de Vida Silvestre,10,fauna y manejo de vida silvestre
AGR309,Restauración Ecológica,10,restauracion ecologica
AGR311,Manejo de Áreas Protegidas (AGR311),10,manejo de areas protegidas (agr311)
AGR313,Ordenación Forestal Aplicada,10,ordenacion forestal aplicada
AGR315,Manejo Integrado de Cuencas (AGR315),10,manejo integrado de cuencas (agr315)
AGR316,Planificación Territorial,10,planificacion territorial
AGR317,Evaluación Integrada de Ecosistemas,10,evaluacion integrada de ecosistemas
AGR318,Gestión Ambiental en Agricultura,10,gestion ambiental en agricultura
AGR319,Manejo de Agroecosistemas,10,manejo de agroecosistemas
AGR320,Problemas Ambientales del Sector Agropecuario,10,problemas ambientales del sector agropecuario
AGR321,Bosques y Sociedad,10,bosques y sociedad
AGR324,Agricultura Sustentable,10,agricultura sustentable
AGR325,Restauración Ecológica (AGR325),10,restauracion ecologica (agr325)
AGR337,Silvicultura Avanzada (AGR337),10,silvicultura avanzada (agr337)
AGR339,Conservación y Biodiversidad,10,conservacion y biodiversidad
AGR340,Protección Forestal,10,proteccion forestal
AGR341,Manejo de Vida Silvestre,10,manejo de vida silvestre
AGR342,Problemas Ambientales del Sector Agropecuario (AGR342),10,problemas ambientales del sector agropecuario (agr342)
AGR343,Cmd Gestión de Residuos Sólidos,10,cmd gestion de residuos solidos
AGZ101,Gira de Estudios Ciencias Animales,0,gira de estudios ciencias animales
AGZ1010,Práctica Básica II,3,practica basica 2
AGZ1147,Fundamentos de Producción Animal,9,fundamentos de produccion animal
AGZ1167,Alimentación,9,alimentacion
AGZ167,Alimentos y Alimentación Animal,10,alimentos y alimentacion animal
AGZ200,Acuicultura (AGZ200),10,acuicultura (agz200)
AGZ201,Fisiología y Nutrición Animal (AGZ201),10,fisiologia y nutricion animal (agz201)
AGZ2020,Conservación y Manejo de Fauna Silvestre en Chile,9,conservacion y manejo de fauna silvestre en chile
AGZ203,Forrajeras y Manejo de Praderas (AGZ203),10,forrajeras y manejo de praderas (agz203)
AGZ205,Reproducción y Mejoramiento (AGZ205),10,reproduccion y mejoramiento (agz205)
AGZ206,Calidad y Sanidad de Productos Pecuarios (AGZ206),10,calidad y sanidad de productos pecuarios (agz206)
AGZ209,Acuicultura (AGZ209),10,acuicultura (agz209)
AGZ211,Salmonicultura,10,salmonicultura
AGZ2207,Taller de Ecosistemas (AGZ2207),9,taller de ecosistemas (agz2207)
AGZ2210,Nutrición Animal (AGZ2210),9,nutricion animal (agz2210)
AGZ222,Fauna Silvestre (AGZ222),10,fauna silvestre (agz222)
AGZ2220,Genética Animal,9,genetica animal
AGZ223,Ganaderia Regenerativa,10,ganaderia regenerativa
AGZ2230,Praderas Naturales de Chile,9,praderas naturales de chile
AGZ2240,Sanidad Animal,9,sanidad animal
AGZ2249,Forrajeras y Manejo Praderas,9,forrajeras y manejo praderas
AGZ2250,Fisiología Animal,9,fisiologia animal
AGZ2251,Ovinotecnia,9,ovinotecnia
AGZ2252,Porcinotecnia,9,porcinotecnia
AGZ2253,Avicultura,9,avicultura
AGZ2255,Producción de Leche,9,produccion de leche
AGZ2256,Producción de Carne,9,produccion de carne
AGZ2258,Reproducción Animal,9,reproduccion animal
AGZ2259,Manejo y Utilización de Praderas,9,manejo y utilizacion de praderas
AGZ2280,Sistemas de Producción Pecuaria,9,sistemas de produccion pecuaria
AGZ2300,Seminario,3,seminario
AGZ302,Sistemas de Producción Pecuaria (AGZ302),10,sistemas de produccion pecuaria (agz302)
AGZ303,Producción de Rumiantes,10,produccion de rumiantes
AGZ304,Genética Animal (AGZ304),10,genetica animal (agz304)
AGZ305,Producción de Aves,10,produccion de aves
AGZ306,Producción de Cerdos,10,produccion de cerdos
AGZ320,Fisiología Animal Aplicada,10,fisiologia animal aplicada
AGZ321,Tecnología de Productos Pecuarios,10,tecnologia de productos pecuarios
AGZ322,Sistemas Ganaderos y Acuicolas,10,sistemas ganaderos y acuicolas
AGZ332,Calidad y Sanidad de Productos Pecuarios (AGZ332),10,calidad y sanidad de productos pecuarios (agz332)
AGZ333,Forrajeras y Manejo de Praderas (AGZ333),10,forrajeras y manejo de praderas (agz333)
AGZ334,Reproducción y Mejoramiento Animal,10,reproduccion y mejoramiento animal
AGZ340,Comportamiento y Bienestar Animal,10,comportamiento y bienestar animal
AGZ342,Gestión de Sistemas Animales,10,gestion de sistemas animales
AGZ350,Producción Acuicola-Salmones,10,produccion acuicola-salmones
AGZ353,Producción Intensiva de Cerdos y Aves,10,produccion intensiva de cerdos y aves
AHL190,Diseño Ecologico,10,diseno ecologico
AIF1030,Operaciones Aplicadas Forestales III,6,operaciones aplicadas forestales 3
AIF1031,Operaciones Aplicadas Forestales III (AIF1031),6,operaciones aplicadas forestales 3 (aif1031)
AIF1041,Operaciones Aplicadas Forestales IV,6,operaciones aplicadas forestales 4
AIF1051,Operaciones Aplicadas Forestales V,6,operaciones aplicadas forestales 5
AIF1061,Operaciones Aplicadas Forestales VI,6,operaciones aplicadas forestales 6
AIF2010,Aerofotogrametría y Fotointerpretación,6,aerofotogrametria y fotointerpretacion
AIF2011,Manejo Áreas Protegidas,6,manejo areas protegidas
AIF2020,Silvicultura del Bosque Nativo (AIF2020),6,silvicultura del bosque nativo (aif2020)
AIF2040,Diversificación Forestal (AIF2040),6,diversificacion forestal (aif2040)
AIF2050,Políticas y Legislación Forestal,6,politicas y legislacion forestal
AIF2051,Política y Legislación Forestal,9,politica y legislacion forestal
AIF2100,Fundamento Protección Fitosanitaria,9,fundamento proteccion fitosanitaria
AIF2101,Protección Fitosanitaria Forestal,9,proteccion fitosanitaria forestal
AIF2110,Manejo Forestal (AIF2110),9,manejo forestal (aif2110)
AIF2120,Dasometría (AIF2120),9,dasometria (aif2120)
AIF2150,Ciencia y Manejo de Fuego,6,ciencia y manejo de fuego
AIF2160,Hidrología y Manejo de Cuencas,6,hidrologia y manejo de cuencas
AIF2200,Silvicultura (AIF2200),12,silvicultura (aif2200)
AIF2201,Silvicultura (AIF2201),9,silvicultura (aif2201)
AIF2210,Planificación y Gestión Forestal,9,planificacion y gestion forestal
AIF2220,Dasometría II,9,dasometria 2
AIF2270,Producción Forestal I,9,produccion forestal 1
AIF2300,Silvicultura Aplicada,9,silvicultura aplicada
AIF2370,Producción Forestal II,9,produccion forestal 2
AIF2410,Evaluación de Impacto Ambiental en Sistemas Silvoagropecuarios,9,evaluacion de impacto ambiental en sistemas silvoagropecuarios
AIF2420,Optimización Aplicada al Manejo de Recursos Forestales,9,optimizacion aplicada al manejo de recursos forestales
AIF2510,Propiedades de la Madera,9,propiedades de la madera
AIF2520,Tecnología de la Madera,9,tecnologia de la madera
AIF2530,Industrias Forestales,9,industrias forestales
AIF2613,Accesibilidad Forestal,6,accesibilidad forestal
AIT1000,Italiano,0,italiano
AMB049,Mención Química Ambiental y Analítica,0,mencion quimica ambiental y analitica
ANT100,Paradigmas Antropológicos,10,paradigmas antropologicos
ANT106,Análisis de Datos Cuantitativos,10,analisis de datos cuantitativos
ANT107,Ética Social,10,etica social
ANT110,Introducción a la Antropología Biológica,10,introduccion a la antropologia biologica
ANT120,Introducción a la Arqueología,10,introduccion a la arqueologia
ANT130,Antropología Lingüística,10,antropologia linguistica
ANT133,Introducción a la Investigación Cualitativa,10,introduccion a la investigacion cualitativa
ANT135,Antropología del Lenguaje,10,antropologia del lenguaje
ANT140,Teoría Antropológica I,10,teoria antropologica 1
ANT150,Teoría Antropológica II,10,teoria antropologica 2
ANT160,Teoría Antropológica III,10,teoria antropologica 3
ANT1600,Prehistoria General,10,prehistoria general
ANT1610,Teoría Arqueológica y Cultura Material Moderna,10,teoria arqueologica y cultura material moderna
ANT170,Introducción a la Etnografía,10,introduccion a la etnografia
ANT180,Etnografía I,10,etnografia 1
ANT190,Etnografía II,10,etnografia 2
ANT200,Antropología del Parentesco y el Genero,10,antropologia del parentesco y el genero
ANT210,Antropología Urbana,10,antropologia urbana
ANT220,Antropología Política,10,antropologia politica
ANT221,Antropología de las Ciencias y Tecnologías,10,antropologia de las ciencias y tecnologias
ANT222,Antropología e Intervención Social,10,antropologia e intervencion social
ANT223,Inventar el Patrimonio: Articulando Procesos de Patrimonialización,10,inventar el patrimonio: articulando procesos de patrimonializacion
ANT224,"Infancia, Ciudadanía y Participación: Claves Teóricas y Metodologicas",10,"infancia, ciudadania y participacion: claves teoricas y metodologicas"
ANT225,"Antropología de los Museos: Historia, Debates y Practicas",10,"antropologia de los museos: historia, debates y practicas"
ANT226,"Escribir la Cultura: Viajes, Contactos y (Auto)Representaciones",10,"escribir la cultura: viajes, contactos y (auto)representaciones"
ANT2263,Antropología de las Zonas Fronteras,10,antropologia de las zonas fronteras
ANT2264,"Taller Experimental de Investigación Social: Lenguajes, Materiales y Artefactos",10,"taller experimental de investigacion social: lenguajes, materiales y artefactos"
ANT2265,Antropología de la Nación en América Latina,10,antropologia de la nacion en america latina
ANT227,Antropología de los Patrimonios,10,antropologia de los patrimonios
ANT228,"Estado, Derecho y Política Pública: Herramientas para la Práctica Antropológica",10,"estado, derecho y politica publica: herramientas para la practica antropologica"
ANT229,Etnografía e Investigación Artística: Memoria en Relación con el Espacio,10,etnografia e investigacion artistica: memoria en relacion con el espacio
ANT230,Antropología Económica,10,antropologia economica
ANT231,Fundamentos de la Etnopsiquiatria,10,fundamentos de la etnopsiquiatria
ANT2320,Arqueología de las Sociedades Tribales,10,arqueologia de las sociedades tribales
ANT2321,"Migración, Antropología y Circuitos Globales",10,"migracion, antropologia y circuitos globales"
ANT2322,"Patrimonio Cultural en Chile: Teoría, Conceptos y Legislación",10,"patrimonio cultural en chile: teoria, conceptos y legislacion"
ANT2323,Patrimonios en Disputa: Patrimonialización y Repatriación en Rapa Nui,10,patrimonios en disputa: patrimonializacion y repatriacion en rapa nui
ANT2324,Antropología Digital,10,antropologia digital
ANT2325,Antropología y Relaciones Internacionales,10,antropologia y relaciones internacionales
ANT2326,"Antropología, Espacio Público e Intervención",10,"antropologia, espacio publico e intervencion"
ANT2327,Antropología y Diseño: Investigación Aplicada Ecosistemica,10,antropologia y diseno: investigacion aplicada ecosistemica
ANT2328,Antropoceno en la Vida Cotidiana,10,antropoceno en la vida cotidiana
ANT240,Antropología de la Religión,10,antropologia de la religion
ANT250,Antropología Médica,10,antropologia medica
ANT251,Antropología de la Violencia,10,antropologia de la violencia
ANT252,Antropología de la Migración y el Trasnacionalismo,10,antropologia de la migracion y el trasnacionalismo
ANT253,"Antropología del Espacio, la Tierra y el Paisaje",10,"antropologia del espacio, la tierra y el paisaje"
ANT2530,Antropología del Derecho y de los Derechos Humanos,10,antropologia del derecho y de los derechos humanos
ANT2531,Taller de Análisis Cualitativo en Investigación Social,10,taller de analisis cualitativo en investigacion social
ANT2532,Investigación Cualitativa en Organizaciones Sociales,10,investigacion cualitativa en organizaciones sociales
ANT2533,Análisis de Datos Cualitativos (A+S),10,analisis de datos cualitativos (a+s)
ANT254,Antropología del Consumo,10,antropologia del consumo
ANT255,Cultura y Biología,10,cultura y biologia
ANT256,Antropología de las Ciencias y la Tecnología,10,antropologia de las ciencias y la tecnologia
ANT257,Antropología del Arte y las Imagenes,10,antropologia del arte y las imagenes
ANT258,Antropología del Desarrollo,10,antropologia del desarrollo
ANT259,Antropología Visual,10,antropologia visual
ANT260,Cultura y Mente,10,cultura y mente
ANT261,Tiempo y Antropología,10,tiempo y antropologia
ANT2610,Antropología y Salud Mental,10,antropologia y salud mental
ANT2611,Antropología de los Cuidados,10,antropologia de los cuidados
ANT2612,Antropología de los Andes Prehispanicos,10,antropologia de los andes prehispanicos
ANT2613,Paleoetnobotánica,10,paleoetnobotanica
ANT2614,Antropología del Sudeste Asiatico,10,antropologia del sudeste asiatico
ANT262,"Antropología, Políticas Públicas y Estado",10,"antropologia, politicas publicas y estado"
ANT263,Salud Global y Pueblos Indigenas,10,salud global y pueblos indigenas
ANT264,Introducción a la Antropología Sociocultural,10,introduccion a la antropologia sociocultural
ANT302Q,Prehistoria de América,10,prehistoria de america
ANT303Q,Arqueología Avanzada I,10,arqueologia avanzada 1
ANT304Q,Interpretación en Arqueología,10,interpretacion en arqueologia
ANT305Q,Arqueología Cuantitativa,10,arqueologia cuantitativa
ANT306Q,Arqueología Avanzada II,10,arqueologia avanzada 2
ANT307Q,Arqueologías Simbólicas y Materialidades,10,arqueologias simbolicas y materialidades
ANT308Q,Arqueometría,10,arqueometria
ANT309Q,Arqueología de Chile I,10,arqueologia de chile 1
ANT310,Mediación e Interculturalidad,10,mediacion e interculturalidad
ANT310Q,Arqueología Avanzada III,10,arqueologia avanzada 3
ANT311Q,Arqueologías Políticas y las Formas del Poder,10,arqueologias politicas y las formas del poder
ANT312Q,Laboratorio I,10,laboratorio 1
ANT313Q,Arqueología de Chile II,10,arqueologia de chile 2
ANT314Q,Arqueología de los Recursos Naturales,10,arqueologia de los recursos naturales
ANT315Q,Arqueologías Económicas y Consumo,10,arqueologias economicas y consumo
ANT316Q,Laboratorio II,10,laboratorio 2
ANT317Q,Arqueología de Chile III,10,arqueologia de chile 3
ANT318Q,Arqueología y Empresa,10,arqueologia y empresa
ANT319Q,Arqueología y Ciencia,10,arqueologia y ciencia
ANT320,Políticas Públicas,10,politicas publicas
ANT320Q,Arqueología y Políticas Públicas,10,arqueologia y politicas publicas
ANT330,Taller de Titulación,50,taller de titulacion
ANT400R,Antropología de Chile,10,antropologia de chile
ANT401R,Antropología Amerindia Comparada,10,antropologia amerindia comparada
ANT402R,Antropología de la Polinesia,10,antropologia de la polinesia
ANT403R,Antropología de Mesoamérica,10,antropologia de mesoamerica
ANT404R,Cosmologias Afro-Americanas,10,cosmologias afro-americanas
ANT405R,Cultura y Sociedad en la Region Andina,10,cultura y sociedad en la region andina
ANT406R,Antropología de Europa,10,antropologia de europa
ANT407R,Cultura Mapuche: Historia y Debates Contemporáneos,10,cultura mapuche: historia y debates contemporaneos
ANT408R,"Intelectualidades, Escrituras Y Movimiento Indígena En América Latina",10,"intelectualidades, escrituras y movimiento indigena en america latina"
ANT409R,Antropología y Estudios Afrolatinoamericanos,10,antropologia y estudios afrolatinoamericanos
ANT501Q,Paleoantropología,10,paleoantropologia
ANT502Q,Bioarqueología,10,bioarqueologia
ANT503Q,Sistemas de Información Geográfica en Arqueología,10,sistemas de informacion geografica en arqueologia
ANT504Q,"Arqueología, Memoria y Derechos Humanos",10,"arqueologia, memoria y derechos humanos"
ANT505Q,Conservación Arqueológica,10,conservacion arqueologica
ANT506Q,Arqueología y Antropología de Evaluación Ambiental en el Marco de Proyectos de Inversión,10,arqueologia y antropologia de evaluacion ambiental en el marco de proyectos de inversion
ANT507Q,Arte-Factos Nativos en Chile,10,arte-factos nativos en chile
ANT508Q,Paleoclimatología Aplicada a Arqueología,10,paleoclimatologia aplicada a arqueologia
ANT509Q,Arqueologías del Norte Semiarido en Chile: Problematicas Socioculturales ayer y hoy,10,arqueologias del norte semiarido en chile: problematicas socioculturales ayer y hoy
ANT510Q,Introducción a la Arqueometalurgia,10,introduccion a la arqueometalurgia
ANT511Q,Arqueología de la Cultura Diaguita: Nuevas Miradas para Viejos Temas,10,arqueologia de la cultura diaguita: nuevas miradas para viejos temas
ANT512Q,Introducción a la Arqueología del Arte Rupestre,10,introduccion a la arqueologia del arte rupestre
ANT513Q,Arqueología Histórica,10,arqueologia historica
ANT514Q,Arqueología del Cine. Las Ilusiones como Experiencia Cultural,10,arqueologia del cine. las ilusiones como experiencia cultural
ANT515Q,"Conservación en Arqueología: Materialidad, Comportamiento y Manejo de Materiales",10,"conservacion en arqueologia: materialidad, comportamiento y manejo de materiales"
AQA0001,Taller I,15,taller 1
AQA0002,Taller II,15,taller 2
AQA0003,Taller III,15,taller 3
AQA0004,Taller IV,15,taller 4
AQA0005,Taller V,15,taller 5
AQA0006,Taller VI,15,taller 6
AQA0007,Taller VII,20,taller 7
AQA0008,Taller VIII,18,taller 8
AQA0009,Taller IX,18,taller 9
AQA0010,Taller X,18,taller 10
AQA0101,Taller de Inicio I,15,taller de inicio 1
AQA0102,Taller de Formación I,15,taller de formacion 1
AQA0202,Taller de Inicio II,15,taller de inicio 2
AQA0203,Taller de Formación II,15,taller de formacion 2
AQA0303,Taller Formación I,15,taller formacion 1
AQA0304,Taller de Formación III,15,taller de formacion 3
AQA0404,Taller Formación II,15,taller formacion 2
AQA0504,Taller de Formación IV,15,taller de formacion 4
AQA0505,Taller Formación III,15,taller formacion 3
AQA0605,Taller de Formación V,15,taller de formacion 5
AQA0606,Taller Formación IV,15,taller formacion 4
AQA0704,Taller de Investigación,15,taller de investigacion
AQA0706,Taller de Investigación (AQA0706),20,taller de investigacion (aqa0706)
AQA0807,Taller de Ejercitación I,18,taller de ejercitacion 1
AQA0808,Taller de Ejercitación I (AQA0808),15,taller de ejercitacion 1 (aqa0808)
AQA080C,Taller de Ejercitación I (AQA080C),15,taller de ejercitacion 1 (aqa080c)
AQA080H,Taller de Ejercitación I (AQA080H),15,taller de ejercitacion 1 (aqa080h)
AQA080I,Taller Colaborativo Aic,15,taller colaborativo aic
AQA080U,Taller de Ejercitación I (AQA080U),15,taller de ejercitacion 1 (aqa080u)
AQA0908,Taller de Ejercitación II,18,taller de ejercitacion 2
AQA0909,Taller de Ejercitación II (AQA0909),15,taller de ejercitacion 2 (aqa0909)
AQA090C,Taller de Ejercitación II (AQA090C),15,taller de ejercitacion 2 (aqa090c)
AQA090H,Taller de Ejercitación II (AQA090H),15,taller de ejercitacion 2 (aqa090h)
AQA090I,Taller Colaborativo Aic (AQA090I),15,taller colaborativo aic (aqa090i)
AQA090U,Taller de Ejercitación II (AQA090U),15,taller de ejercitacion 2 (aqa090u)
AQA1009,Taller de Ejercitación III,18,taller de ejercitacion 3
AQA100C,Taller de Ejercitación III (AQA100C),15,taller de ejercitacion 3 (aqa100c)
AQA100H,Taller de Ejercitación III (AQA100H),15,taller de ejercitacion 3 (aqa100h)
AQA100I,Taller Colaborativo Aic (AQA100I),15,taller colaborativo aic (aqa100i)
AQA100U,Taller de Ejercitación III (AQA100U),15,taller de ejercitacion 3 (aqa100u)
AQA1010,Taller de Ejercitación III (AQA1010),15,taller de ejercitacion 3 (aqa1010)
AQA1100,Proyecto de Título I,25,proyecto de titulo 1
AQA1102,Proyecto de Título I (AQA1102),24,proyecto de titulo 1 (aqa1102)
AQA110C,Proyecto de Título I (AQA110C),25,proyecto de titulo 1 (aqa110c)
AQA110H,Proyecto de Título I (AQA110H),25,proyecto de titulo 1 (aqa110h)
AQA110U,Proyecto de Título I (AQA110U),25,proyecto de titulo 1 (aqa110u)
AQA1200,Proyecto de Título II,25,proyecto de titulo 2
AQA1202,Proyecto de Título II (AQA1202),24,proyecto de titulo 2 (aqa1202)
AQA120C,Proyecto de Título II (AQA120C),25,proyecto de titulo 2 (aqa120c)
AQA120H,Proyecto de Título II (AQA120H),25,proyecto de titulo 2 (aqa120h)
AQA120U,Proyecto de Título II (AQA120U),25,proyecto de titulo 2 (aqa120u)
AQC0100,Introducción a la Construcción,10,introduccion a la construccion
AQC0101,Práctica de Obras I,0,practica de obras 1
AQC0102,Práctica de Obras II,0,practica de obras 2
AQC0110,Elementos Estructurales: Fundamentos de Análisis y Diseño Estructural,10,elementos estructurales: fundamentos de analisis y diseno estructural
AQC0200,Técnicas y Construcción,10,tecnicas y construccion
AQC0201,Introducción a la Edificación y Tecnologías,10,introduccion a la edificacion y tecnologias
AQC0210,Forma Sismorresistente,10,forma sismorresistente
AQC0300,"Instalaciones, Sistemas y Proyecto Arquitectónico",10,"instalaciones, sistemas y proyecto arquitectonico"
AQC0403,Edificación y Tecnologías I,10,edificacion y tecnologias 1
AQC0603,Edificación y Tecnologías II,10,edificacion y tecnologias 2
AQC1110,Gestión de Proyectos,10,gestion de proyectos
AQC1111,Diseño y Legislación,10,diseno y legislacion
AQC1121,Diseño y Construcción en Madera,10,diseno y construccion en madera
AQC1122,Materiales Arquitectonicos: Tecnologías de los Ceramicos,10,materiales arquitectonicos: tecnologias de los ceramicos
AQC1123,La Observación de la Construcción. Estudio de Obras Notables en Chile,10,la observacion de la construccion. estudio de obras notables en chile
AQC1130,Diseño y Construcción de Componentes Vidriados,10,diseno y construccion de componentes vidriados
AQC1131,Prototipos de Sistemas de Fachadas,5,prototipos de sistemas de fachadas
AQC1302,Edificación Sustentable,10,edificacion sustentable
AQC1303,Laboratorio Solar: Estudio y Visualización de Asoleamiento en Fachadas,10,laboratorio solar: estudio y visualizacion de asoleamiento en fachadas
AQC1304,Iluminación y Acústica Arquitectónica,10,iluminacion y acustica arquitectonica
AQC1305,Arquitectura Bioclimática en Detalle,10,arquitectura bioclimatica en detalle
AQC1306,Iluminación Natural en Arquitectura y Diseño,5,iluminacion natural en arquitectura y diseno
AQC1402,Prototipos y Nuevas Técnicas en Madera,10,prototipos y nuevas tecnicas en madera
AQC1501,Laboratorio de Modelos para Uso de Madera,10,laboratorio de modelos para uso de madera
AQC1502,Prefabricación Cuerpo y Fragmento: el Prototipo Como Método de Trabajo,10,prefabricacion cuerpo y fragmento: el prototipo como metodo de trabajo
AQC1503,"Arte y Ciencia, Diseño Experimental de Proyectos",10,"arte y ciencia, diseno experimental de proyectos"
AQC1504,Diseño Constructivo: Detalles de Arquitectura,10,diseno constructivo: detalles de arquitectura
AQC1505,Diseño Arquitectónico para la Manufactura,10,diseno arquitectonico para la manufactura
AQC1603,Análisis Cualitativo de las Estructuras en Arquitectura,10,analisis cualitativo de las estructuras en arquitectura
AQC1610,Estructuras Espaciales,10,estructuras espaciales
AQC1611,Modelación Digital y Construcción,10,modelacion digital y construccion
AQC1612,Laboratorio de Modelos Estructurales,10,laboratorio de modelos estructurales
AQC1613,Proyecto Arquitectónico y Estructuración,5,proyecto arquitectonico y estructuracion
AQC2003,Análisis y Evaluación de Daños Sismicos,5,analisis y evaluacion de danos sismicos
AQC2010,Observación de la Construcción. Obras Notables en Chile,5,observacion de la construccion. obras notables en chile
AQC2011,Normativa y Diseño de Vivienda Económica en Chile,5,normativa y diseno de vivienda economica en chile
AQC2012,Observación de la Construcción en Madera,5,observacion de la construccion en madera
AQC2013,Procesos Constructivos con Sistemas Prefabricados en Seco,5,procesos constructivos con sistemas prefabricados en seco
AQC6301,Construcciones en Hormigón,8,construcciones en hormigon
AQC7450,Diseño de Sistemas de Edificación,6,diseno de sistemas de edificacion
AQC7550,Arquitectura en Tierra,6,arquitectura en tierra
AQC8002,Sig y Análisis Urbano,8,sig y analisis urbano
AQC8050,Nivelación Cad,6,nivelacion cad
AQD0021,Color y Arquitectura,6,color y arquitectura
AQD0101,Dibujo I,10,dibujo 1
AQD0102,Representación,10,representacion
AQD0202,Dibujo II,10,dibujo 2
AQD0302,Proyección y Volumen,10,proyeccion y volumen
AQD0503,Forma Animada,10,forma animada
AQD1200,Cuerpo y Espacio,8,cuerpo y espacio
AQD1201,Cuerpo y Espacio (AQD1201),10,cuerpo y espacio (aqd1201)
AQD1202,Técnicas Mixtas de Representación,10,tecnicas mixtas de representacion
AQD1203,Arquitectura e Ilustración,10,arquitectura e ilustracion
AQD1204,Lecciones Cartograficas Sobre Planos de Santiago,5,lecciones cartograficas sobre planos de santiago
AQD1205,Ilustración de Proyectos,5,ilustracion de proyectos
AQD1206,Color - Arquitectura I,5,color - arquitectura 1
AQD1207,Color - Arquitectura II,5,color - arquitectura 2
AQD1208,Representación Arquitectónica Contextual,5,representacion arquitectonica contextual
AQD1220,Modelación del Paisaje Urbano,10,modelacion del paisaje urbano
AQD1221,Sig y Análisis del Paisaje,10,sig y analisis del paisaje
AQD1222,Modelación y Representación Digital Avanzada,10,modelacion y representacion digital avanzada
AQD2010,Video y Proyecto,5,video y proyecto
AQD2011,"Imagen, Tiempo y Movimiento - Dispositivos Arquitectonicos en el Cinema Contemporáneo",5,"imagen, tiempo y movimiento - dispositivos arquitectonicos en el cinema contemporaneo"
AQD7000,Arquitectura y Fotografía,8,arquitectura y fotografia
AQE0001,Estructuras I,8,estructuras 1
AQE0002,Estructuras II,8,estructuras 2
AQE0101,Estructuras I (AQE0101),10,estructuras 1 (aqe0101)
AQE0102,Estructuras II (AQE0102),10,estructuras 2 (aqe0102)
AQE0301,Estructuras I (AQE0301),10,estructuras 1 (aqe0301)
AQE0502,Estructuras II (AQE0502),10,estructuras 2 (aqe0502)
AQE0803,Estructuras Avanzadas,8,estructuras avanzadas
AQE0805,Estructuras Avanzadas (AQE0805),8,estructuras avanzadas (aqe0805)
AQE2300,Planificación y Organización de Proyectos,8,planificacion y organizacion de proyectos
AQE6001,Modelos Estructurales,6,modelos estructurales
AQE6200,Taller de Modelos,10,taller de modelos
AQE6201,Taller de Modelos (AQE6201),8,taller de modelos (aqe6201)
AQF3204,Introducción a las Políticas Públicas,10,introduccion a las politicas publicas
AQF6302,Debates Contemporáneos de Diseño Urbano,8,debates contemporaneos de diseno urbano
AQF6310,Crecimiento Urbano Sustentable,8,crecimiento urbano sustentable
AQF6615,Vivienda y Asentamientos Humanos,8,vivienda y asentamientos humanos
AQF6618,Urbanismo Aterritorial,8,urbanismo aterritorial
AQF6650,Carreteras Urbanas:Desafio Arquitectónico,6,carreteras urbanas:desafio arquitectonico
AQF6710,Espacio Público y Ciudad,6,espacio publico y ciudad
AQF6750,Proyectos Urbanos y Sociales,10,proyectos urbanos y sociales
AQG0021,Arquitectura y Tecnología Digital,10,arquitectura y tecnologia digital
AQG0022,Debates Contemporáneos en Diseño Urbano,10,debates contemporaneos en diseno urbano
AQH0000,Introducción a la Arquitectura,10,introduccion a la arquitectura
AQH0001,Introducción a la Arquitectura I,10,introduccion a la arquitectura 1
AQH0101,Introducción Arquitectura I,10,introduccion arquitectura 1
AQH0200,Arquitectura Antigua y Tradición Clásica,10,arquitectura antigua y tradicion clasica
AQH0202,Historia de la Arquitectura I,10,historia de la arquitectura 1
AQH0300,Arquitectura y la Tradición Moderna,10,arquitectura y la tradicion moderna
AQH0400,Debates de la Arquitectura Contemporánea,10,debates de la arquitectura contemporanea
AQH0403,Historia de la Arquitectura II,10,historia de la arquitectura 2
AQH0704,"Teoría, Historia y Crítica",10,"teoria, historia y critica"
AQH1102,"Arquitectura Moderna en Chile, Obsolescencia y Transformación y Cambio",10,"arquitectura moderna en chile, obsolescencia y transformacion y cambio"
AQH1108,La Decada de los Paradigmas Truncados: Arquitectura en los Sesenta,10,la decada de los paradigmas truncados: arquitectura en los sesenta
AQH1109,Berlin-Viena-Moscu: Vivienda Popular Comienzos del Siglo XX,10,berlin-viena-moscu: vivienda popular comienzos del siglo xx
AQH1201,Iintroducción al Patrimonio Arquitectónico y Urbano,10,iintroduccion al patrimonio arquitectonico y urbano
AQH1202,Arquitectura Moderna Italiana y Su Influencia en América Latina,10,arquitectura moderna italiana y su influencia en america latina
AQH1203,Arquitectura Colonial Chilena,10,arquitectura colonial chilena
AQH1301,"Arquitectura Contemporánea y Artes Visuales, Siglo XX - XXI",10,"arquitectura contemporanea y artes visuales, siglo xx - xxi"
AQH1303,Arquitectura en Tiempo Real,10,arquitectura en tiempo real
AQH1304,Socio-Tectonicas,10,socio-tectonicas
AQH1305,Imagenes de Arquitectura: de la Descripción a la Crítica,10,imagenes de arquitectura: de la descripcion a la critica
AQH1401,El Imaginario Arquitectónico Siglo XIX,10,el imaginario arquitectonico siglo xix
AQH1402,La Naturaleza y el Valor Simbolico en Arte y Arquitectura,10,la naturaleza y el valor simbolico en arte y arquitectura
AQH1405,Rito y Arquitectura,10,rito y arquitectura
AQH1601,Precisiones a Proposito de Le Corbusier,10,precisiones a proposito de le corbusier
AQH1602,Claves Intelectuales en la Arquitectura de Juan Borchers,10,claves intelectuales en la arquitectura de juan borchers
AQH1603,Guillermo Jullian y la Cultura Arquitectónica en la Decada de los Sesenta,10,guillermo jullian y la cultura arquitectonica en la decada de los sesenta
AQH2003,"Poética del Habitar 3, Mundo Contemporáneo",10,"poetica del habitar 3, mundo contemporaneo"
AQH2004,Poética y Arquitectónica del Habitar: Nuestros Tiempos,10,poetica y arquitectonica del habitar: nuestros tiempos
AQH2005,"Poética del Habitar, Mundo Clásico",10,"poetica del habitar, mundo clasico"
AQH2008,Arquitectura del Siglo XIX en Chile. De la Independencia al Centenario,5,arquitectura del siglo xix en chile. de la independencia al centenario
AQH2009,Arquitectura del Siglo XX en Chile. Del Primer al Segundo Centenerio,5,arquitectura del siglo xx en chile. del primer al segundo centenerio
AQH2100,El Imaginario Arquitectónico de Chile S.Xix,8,el imaginario arquitectonico de chile s.xix
AQH8100,Le Corbusier: Obra Plastica,8,le corbusier: obra plastica
AQI0001,CMD Vive Salud: Construyendo Un Hábitat Saludable,10,cmd vive salud: construyendo un habitat saludable
AQI0002,CMD Investigación en Pregrado UC Propone Arquitectura,10,cmd investigacion en pregrado uc propone arquitectura
AQI0003,Diseño de Viviendas Saludables,10,diseno de viviendas saludables
AQI0100,Cmd Reconstruyendo la Cultura a Través de los Objetos. el Estudio de la Cultura Material,10,cmd reconstruyendo la cultura a traves de los objetos. el estudio de la cultura material
AQI0101,Conservación y Rehabilitación: Una Mirada al Patrimonio Moderno en Chile,10,conservacion y rehabilitacion: una mirada al patrimonio moderno en chile
AQI0102,Cmd Introducción al Patrimonio Construido,10,cmd introduccion al patrimonio construido
AQI0103,Cmd Patrimonio Colonial Chileno,10,cmd patrimonio colonial chileno
AQI0105,Cmd Comprendiendo el Patrimonio a Través de la Arqueología,10,cmd comprendiendo el patrimonio a traves de la arqueologia
AQI0106,CMD Conservación y Rehabilitación Arquitectónica,10,cmd conservacion y rehabilitacion arquitectonica
AQI0107,CMD Ambientes Sustentables,10,cmd ambientes sustentables
AQI0200,Cmd Lecciones de Anatomía Con Modelos Estructurales,10,cmd lecciones de anatomia con modelos estructurales
AQI0201,Moldajes Flexibles: Nuevas Tecnologías en el Hormigón,10,moldajes flexibles: nuevas tecnologias en el hormigon
AQI0202,Modelos Estructurales (AQI0202),10,modelos estructurales (aqi0202)
AQI0203,Cmd el Mueble: la Construcción del Gesto,10,cmd el mueble: la construccion del gesto
AQI0300,Cmd Biomimética: Transferencia Tecnologica Desde los Organismos Vivos al Diseño,10,cmd biomimetica: transferencia tecnologica desde los organismos vivos al diseno
AQI0301,Cmd Fabricación Personal: Prototipos Desde Perspectivas Locales,10,cmd fabricacion personal: prototipos desde perspectivas locales
AQI0302,"Cmd Poética del Habitar, Mundo Contemporáneo",10,"cmd poetica del habitar, mundo contemporaneo"
AQI0303,Cmd Habitabilidad en Sectores Vulnerables,10,cmd habitabilidad en sectores vulnerables
AQL0701,Ética en Arquitectura,6,etica en arquitectura
AQM0202,Computación I,5,computacion 1
AQM0203,Computación II,8,computacion 2
AQO0100,Práctica de Oficina,0,practica de oficina
AQP0003,Práctica de Servicio,8,practica de servicio
AQP0005,Práctica Municipal,6,practica municipal
AQP0006,Práctica Tecnologica,6,practica tecnologica
AQP0702,Práctica de Obras,10,practica de obras
AQP0802,Práctica de Linea,8,practica de linea
AQP1027,Sistemas Ambientales y Procesos de Desarrollo y Urbanización,10,sistemas ambientales y procesos de desarrollo y urbanizacion
AQP1102,Práctica II,15,practica 2
AQP2001,Cronología de la Naturaleza en la Modernidad,10,cronologia de la naturaleza en la modernidad
AQP2002,La Construcción del Territorio en Chile,10,la construccion del territorio en chile
AQP2003,Gestión de Espacios Publicos Resilentes,10,gestion de espacios publicos resilentes
AQP2004,El Jardin Oriental,10,el jardin oriental
AQP802C,Práctica de Area Arquitectura y Tecnología,0,practica de area arquitectura y tecnologia
AQP802H,Práctica de Area Arquitectura y Patrimonio,0,practica de area arquitectura y patrimonio
AQP802U,Práctica de Area Proyecto Urbano,0,practica de area proyecto urbano
AQR0101,Introducción a la Arquitectura I (AQR0101),10,introduccion a la arquitectura 1 (aqr0101)
AQR0202,Introducción a la Arquitectura II,10,introduccion a la arquitectura 2
AQR1000,Producción Digital I,5,produccion digital 1
AQR2000,Producción Digital II,5,produccion digital 2
AQS0011,Fgh Vivienda y Calidad de Vida,5,fgh vivienda y calidad de vida
AQT0000,Taller de Formación y Representación I,20,taller de formacion y representacion 1
AQT0006,Pensar y Habitar,6,pensar y habitar
AQT0007,Arquitectura y Filosofía,6,arquitectura y filosofia
AQT0008,Poética del Habitar: Prop y Lenguaje,6,poetica del habitar: prop y lenguaje
AQT006A,"Taller Investigación y Proyecto en Arquitectura, Ciudad y Paisaje",20,"taller investigacion y proyecto en arquitectura, ciudad y paisaje"
AQT006C,"Taller Investigación y Proyecto en Arquitectura, Ciudad y Paisaje (AQT006C)",20,"taller investigacion y proyecto en arquitectura, ciudad y paisaje (aqt006c)"
AQT006H,"Taller Investigación y Proyecto en Arquitectura, Ciudad y Paisaje (AQT006H)",20,"taller investigacion y proyecto en arquitectura, ciudad y paisaje (aqt006h)"
AQT006I,"Taller Investigación y Proyecto en Arquitectura, Ciudad y Paisaje (AQT006I)",20,"taller investigacion y proyecto en arquitectura, ciudad y paisaje (aqt006i)"
AQT006U,"Taller Investigación y Proyecto en Arquitectura, Ciudad y Paisaje (AQT006U)",20,"taller investigacion y proyecto en arquitectura, ciudad y paisaje (aqt006u)"
AQT007A,Taller Optativo Proyecto I,15,taller optativo proyecto 1
AQT007C,Taller Optativo Proyecto I (AQT007C),15,taller optativo proyecto 1 (aqt007c)
AQT007H,Taller Optativo Proyecto I (AQT007H),15,taller optativo proyecto 1 (aqt007h)
AQT007I,Taller Optativo Proyecto I (AQT007I),15,taller optativo proyecto 1 (aqt007i)
AQT007U,Taller Optativo Proyecto I (AQT007U),15,taller optativo proyecto 1 (aqt007u)
AQT008A,Taller Optativo Proyecto II,15,taller optativo proyecto 2
AQT008C,Taller Optativo Proyecto II (AQT008C),15,taller optativo proyecto 2 (aqt008c)
AQT008H,Taller Optativo Proyecto II (AQT008H),15,taller optativo proyecto 2 (aqt008h)
AQT008I,Taller Optativo Proyecto II (AQT008I),15,taller optativo proyecto 2 (aqt008i)
AQT008U,Taller Optativo Proyecto II (AQT008U),15,taller optativo proyecto 2 (aqt008u)
AQT009A,Taller Optativo de Proyecto III,15,taller optativo de proyecto 3
AQT010T,Taller de Proyecto de Título I,20,taller de proyecto de titulo 1
AQT0200,Taller de Formación y Representación II,20,taller de formacion y representacion 2
AQT020T,Taller de Proyecto de Título II,30,taller de proyecto de titulo 2
AQT0300,Taller de Formación y Representación III,20,taller de formacion y representacion 3
AQT0600,Taller Optativo Proyecto I (AQT0600),15,taller optativo proyecto 1 (aqt0600)
AQT060C,Taller Optativo Proyecto I (AQT060C),15,taller optativo proyecto 1 (aqt060c)
AQT060H,Taller Optativo Proyecto I (AQT060H),15,taller optativo proyecto 1 (aqt060h)
AQT060I,Taller Optativo Proyecto I (AQT060I),15,taller optativo proyecto 1 (aqt060i)
AQT060U,Taller Optativo Proyecto I (AQT060U),15,taller optativo proyecto 1 (aqt060u)
AQT0700,Taller Optativo Proyecto II (AQT0700),15,taller optativo proyecto 2 (aqt0700)
AQT070C,Taller Optativo Proyecto II (AQT070C),15,taller optativo proyecto 2 (aqt070c)
AQT070H,Taller Optativo Proyecto II (AQT070H),15,taller optativo proyecto 2 (aqt070h)
AQT070I,Taller Optativo Proyecto II (AQT070I),15,taller optativo proyecto 2 (aqt070i)
AQT070U,Taller Optativo Proyecto II (AQT070U),15,taller optativo proyecto 2 (aqt070u)
AQT0800,"Taller de Investigación y Proyecto en Arquitectura, Ciudad y Paisaje",20,"taller de investigacion y proyecto en arquitectura, ciudad y paisaje"
AQT080C,"Taller de Investigación y Proyecto en Arquitectura, Ciudad y Paisaje (AQT080C)",20,"taller de investigacion y proyecto en arquitectura, ciudad y paisaje (aqt080c)"
AQT080H,"Taller de Investigación y Proyecto en Arquitectura, Ciudad y Paisaje (AQT080H)",20,"taller de investigacion y proyecto en arquitectura, ciudad y paisaje (aqt080h)"
AQT080I,"Taller de Investigación y Proyecto en Arquitectura, Ciudad y Paisaje (AQT080I)",20,"taller de investigacion y proyecto en arquitectura, ciudad y paisaje (aqt080i)"
AQT080U,"Taller de Investigación y Proyecto en Arquitectura, Ciudad y Paisaje (AQT080U)",20,"taller de investigacion y proyecto en arquitectura, ciudad y paisaje (aqt080u)"
AQU0000,Ciudad y Paisaje I: Introducción a la Forma Urbana y Territorial,10,ciudad y paisaje i: introduccion a la forma urbana y territorial
AQU0200,Ciudad y Paisaje II: el Proyecto Urbano,10,ciudad y paisaje ii: el proyecto urbano
AQU0300,Ciudad y Paisaje III: Urbanismo Desde el Paisaje,10,ciudad y paisaje iii: urbanismo desde el paisaje
AQU0301,Introducción a la Ciudad: Territorio y Medio Ambiente,10,introduccion a la ciudad: territorio y medio ambiente
AQU0400,Ciudad y Paisaje IV: Gestión del Proyecto Urbano y de Paisaje,10,ciudad y paisaje iv: gestion del proyecto urbano y de paisaje
AQU0402,"Ciudad, Territorio y Medio Ambiente I",10,"ciudad, territorio y medio ambiente 1"
AQU0404,Ciudad y Paisaje IV: Fenómenos Urbanos Contemporáneos,10,ciudad y paisaje iv: fenomenos urbanos contemporaneos
AQU0605,"Ciudad, Territorio y Medio Ambiente II",10,"ciudad, territorio y medio ambiente 2"
AQU1100,Habitabilidad en Sectores Vulnerables,10,habitabilidad en sectores vulnerables
AQU1101,Vivienda en la Ciudad: Entre Prototipos y Realidades,10,vivienda en la ciudad: entre prototipos y realidades
AQU1102,Vivienda de Interes Social,10,vivienda de interes social
AQU1112,Proyectos Urbanos en Territorios Extremos,10,proyectos urbanos en territorios extremos
AQU1206,Las Ciudades de las Infraestructuras Urbanas,10,las ciudades de las infraestructuras urbanas
AQU1303,Normativa Urbana y Forma Construida,10,normativa urbana y forma construida
AQU1304,Transformaciones Urbanas Contemporaneas: Factores Subyacentes,10,transformaciones urbanas contemporaneas: factores subyacentes
AQU1305,Las Ciudades del Siglo XX,10,las ciudades del siglo xx
AQU1306,La Ciudad en la Historia,10,la ciudad en la historia
AQU1307,El Espacio del Transporte en la Ciudad,10,el espacio del transporte en la ciudad
AQU2502,Regeneración Urbana,10,regeneracion urbana
AQU2503,Normativa y Diseño Urbano,5,normativa y diseno urbano
AQU2504,Del Zoning al Diseño Urbano,5,del zoning al diseno urbano
ARB4236,Cb Arte Chileno I,5,cb arte chileno 1
ARF0120,Fgh Dibujo Figura Humana,5,fgh dibujo figura humana
ARO0120,Fgh Dibujo Figura Humana (ARO0120),5,fgh dibujo figura humana (aro0120)
ARO0841,Esmalte Vidriado Sobre Metal,8,esmalte vidriado sobre metal
ARO1000,Perspectiva,6,perspectiva
ARO100D,Dibujo Basico Luces y Sombras,10,dibujo basico luces y sombras
ARO100E,Espacio y Percepción,10,espacio y percepcion
ARO100F,Introducción a la Fotografía Digital,10,introduccion a la fotografia digital
ARO100G,Introducción al Grabado,10,introduccion al grabado
ARO100I,Taller de Expresión Plastica e Inconsciente,10,taller de expresion plastica e inconsciente
ARO100M,Introducción a las Artes Mediales,10,introduccion a las artes mediales
ARO100T,Introducción al Arte Contemporáneo,10,introduccion al arte contemporaneo
ARO101C,Comunidades del Patrimonio: Conservación y Restauración Participativas,10,comunidades del patrimonio: conservacion y restauracion participativas
ARO101D,Dibujo Figura Humana Basico,10,dibujo figura humana basico
ARO101E,Ceramica Experimental,10,ceramica experimental
ARO101F,Introducción a la Manipilación Digital de Fotografias,10,introduccion a la manipilacion digital de fotografias
ARO101G,Xilografía: Grabado en Madera,10,xilografia: grabado en madera
ARO101I,CMD: Artes Visuales y Educación,10,cmd: artes visuales y educacion
ARO101M,Historia y Teoría de las Artes Mediales,10,historia y teoria de las artes mediales
ARO101P,Pintura: Paisaje y Espacio,10,pintura: paisaje y espacio
ARO101T,Arte del Siglo XX,10,arte del siglo xx
ARO102C,Valoración y Conservación de Patrimonio Arqueologico,10,valoracion y conservacion de patrimonio arqueologico
ARO102D,Dibujo de Retratos,10,dibujo de retratos
ARO102E,Escultura en Acero,10,escultura en acero
ARO102F,Fotografía Analoga,10,fotografia analoga
ARO102G,Xilografía Color,10,xilografia color
ARO102I,CMD: Recursos de Aprendizaje para las Artes Visuales,10,cmd: recursos de aprendizaje para las artes visuales
ARO102M,Animación desde las Artes Visuales,10,animacion desde las artes visuales
ARO102P,El Retrato y la Práctica de la Pintura,10,el retrato y la practica de la pintura
ARO102T,Historia del Arte: Siglo XIX,10,historia del arte: siglo xix
ARO103C,"Patrimonio, Memoria y Derechos Humanos",10,"patrimonio, memoria y derechos humanos"
ARO103D,Dibujo de Croquis y Boceto,10,dibujo de croquis y boceto
ARO103F,Fotografía de Retrato,10,fotografia de retrato
ARO103G,Grabado en Metal,10,grabado en metal
ARO103I,"Arte, Territorio y Paisaje",10,"arte, territorio y paisaje"
ARO103M,Animación Tradicional,10,animacion tradicional
ARO103P,Pintura del Objeto Actual,10,pintura del objeto actual
ARO103T,Historia del Arte: Renacimiento y Barroco,10,historia del arte: renacimiento y barroco
ARO104C,Memoria del Mundo y Conservación de Archivos,10,memoria del mundo y conservacion de archivos
ARO104E,Sistemas Constructivos en Ceramica,10,sistemas constructivos en ceramica
ARO104F,Teoría de la Imagen Fotografica,10,teoria de la imagen fotografica
ARO104G,Huecograbador en Color,10,huecograbador en color
ARO104I,Cuerpo y Arte: Miradas en torno a la Corporalidad,10,cuerpo y arte: miradas en torno a la corporalidad
ARO104M,Cronofotografía,10,cronofotografia
ARO104P,Pintura: Cruces Interdisciplinarios,10,pintura: cruces interdisciplinarios
ARO104T,Arte en América Latina Colonial,10,arte en america latina colonial
ARO105C,Arte y Patrimonio,10,arte y patrimonio
ARO105D,"Dibujo, Espacio y Entorno",10,"dibujo, espacio y entorno"
ARO105E,Escultura en Madera: Talla Directa,10,escultura en madera: talla directa
ARO105F,Fotografía en la Modernidad,10,fotografia en la modernidad
ARO105G,Serigrafía,10,serigrafia
ARO105I,Taller de Performance,10,taller de performance
ARO105M,Fotogrametría y Modelado 3D,10,fotogrametria y modelado 3d
ARO105P,Pintura en Soporte Tridimensional,10,pintura en soporte tridimensional
ARO105T,Arte Precolombino,10,arte precolombino
ARO106C,Restauración de Obras de Arte,10,restauracion de obras de arte
ARO106D,Dibujo y Observación,10,dibujo y observacion
ARO106E,Escultura en Madera: Carpinteria y Torneria,10,escultura en madera: carpinteria y torneria
ARO106F,Fotografía Contemporánea,10,fotografia contemporanea
ARO106G,Fotoserigrafía,10,fotoserigrafia
ARO106I,Arte y Genero : Trayectos Contemporáneos,10,arte y genero : trayectos contemporaneos
ARO106M,Taller de Video Instalación,10,taller de video instalacion
ARO106P,La Corporalidad en la Pintura,10,la corporalidad en la pintura
ARO106T,Semiotica Visual,10,semiotica visual
ARO107C,Conservación y Restauración de Arte Moderno y Contemporáneo,10,conservacion y restauracion de arte moderno y contemporaneo
ARO107D,Dibujo Analogo y Digital,10,dibujo analogo y digital
ARO107E,Materiales Cotidianos en la Escultura,10,materiales cotidianos en la escultura
ARO107F,Procesos Fotograficos Alternativos,10,procesos fotograficos alternativos
ARO107G,Litografía,10,litografia
ARO107I,"Arte,Paisajes y Geografías Culturales",10,"arte,paisajes y geografias culturales"
ARO107M,Animación Stop Motion,10,animacion stop motion
ARO107P,Acuarela,10,acuarela
ARO107T,Introducción al Arte Latinoamericano,10,introduccion al arte latinoamericano
ARO108C,CMD Conservación Preventiva en Museos,10,cmd conservacion preventiva en museos
ARO108E,"Escultura con Materiales Blandos, Flexibles y Elasticos",10,"escultura con materiales blandos, flexibles y elasticos"
ARO108F,Fotografía Figura Humana,10,fotografia figura humana
ARO108G,Algrafía: Litografía sobre Plancha,10,algrafia: litografia sobre plancha
ARO108I,Representaciones del Genero: Perspectivas Contemporaneas,10,representaciones del genero: perspectivas contemporaneas
ARO108M,Introducción al Modelamiento 3D,10,introduccion al modelamiento 3d
ARO108T,Artes Visuales: Apropiaciones y Citas,10,artes visuales: apropiaciones y citas
ARO109C,CMD Comunidades del Patrimonio: Conservación y Restauración Participativas,10,cmd comunidades del patrimonio: conservacion y restauracion participativas
ARO109E,Moldes Experimentales,10,moldes experimentales
ARO109F,Creación Fotografica y Producción Editorial,10,creacion fotografica y produccion editorial
ARO109G,Papel como Medio de Expresión,10,papel como medio de expresion
ARO109M,Dibujo Vectorial,10,dibujo vectorial
ARO109T,Arte y Espacios Publicos: del Land Art al Net Art,10,arte y espacios publicos: del land art al net art
ARO110C,"CMD Patrimonio, Memoria y Derechos Humanos",10,"cmd patrimonio, memoria y derechos humanos"
ARO110E,Introducción al Modelado Tridimensional,10,introduccion al modelado tridimensional
ARO110F,Fotografía Estenopeica: Camaras y Procesos,10,fotografia estenopeica: camaras y procesos
ARO110G,Libros de Artista,10,libros de artista
ARO110M,Animación Experimental 3D,10,animacion experimental 3d
ARO110T,El Paisaje en las Artes Visuales,10,el paisaje en las artes visuales
ARO111C,CMD Valoración y Conservación de Patrimonio Arqueologico,10,cmd valoracion y conservacion de patrimonio arqueologico
ARO111M,CMD Arte y Fabricación Digital,10,cmd arte y fabricacion digital
ARO111T,Arte y Simbología,10,arte y simbologia
ARO112C,CMD Memoria del Mundo y Conservación de Archivos,10,cmd memoria del mundo y conservacion de archivos
ARO112M,Arte y Video Juegos,10,arte y video juegos
ARO112T,El Arte del Retrato: Desde Rome a las Selfies,10,el arte del retrato: desde rome a las selfies
ARO113M,"Tiempo, Movimiento y Representación",10,"tiempo, movimiento y representacion"
ARO113T,Expresión Artística y Religiosidad,10,expresion artistica y religiosidad
ARO114M,Animación desde las Artes Visuales (ARO114M),10,animacion desde las artes visuales (aro114m)
ARO114T,Artes Visuales en la Obra Cinematografica,10,artes visuales en la obra cinematografica
ARO115M,Animación Japonesa: Una Aproximación a su Arte y Tematicas,10,animacion japonesa: una aproximacion a su arte y tematicas
ARO115T,Introducción al Arte Chileno,10,introduccion al arte chileno
ARO116T,Arte y Política,10,arte y politica
ARO117T,Arte del Siglo XIX en Chile,10,arte del siglo xix en chile
ARO118T,Arte del Siglo XX: 1950-1999,10,arte del siglo xx: 1950-1999
ARO119T,Apreciación del Arte: Modernidad,10,apreciacion del arte: modernidad
ARO120T,Apreciación del Arte: Obras y Artistas,10,apreciacion del arte: obras y artistas
ARO121T,Cristo y Buda en el Arte,10,cristo y buda en el arte
ARO122T,El Mundo De Las Artes Visuales,10,el mundo de las artes visuales
ARO123T,Paisaje en las Artes Visuales,10,paisaje en las artes visuales
ARO124T,Arte Latinoamericano Colonial,10,arte latinoamericano colonial
ARO125T,Introducción al Arte Chileno (ARO125T),10,introduccion al arte chileno (aro125t)
ARO2110,Pintura Paisaje,10,pintura paisaje
ARO2111,Taller de Residencia,12,taller de residencia
ARO2113,Autogestion Artística,8,autogestion artistica
ARO2114,Producción Gestión Cultural,8,produccion gestion cultural
ARO2810,Acuarela (ARO2810),10,acuarela (aro2810)
ARO2812,Taller Experimental de Pintura,8,taller experimental de pintura
ARO2813,Técnicas Pictoricas Especiales,8,tecnicas pictoricas especiales
ARO2830,Litografía (ARO2830),8,litografia (aro2830)
ARO3110,Pintura del Paisaje Urbano,6,pintura del paisaje urbano
ARO3200,Desarrollo de Proyecto en Pintura,8,desarrollo de proyecto en pintura
ARO3210,Realismo Pictorico,10,realismo pictorico
ARO3330,Taller Grabado Metal,8,taller grabado metal
ARO3800,Dibujo de Retratos (ARO3800),10,dibujo de retratos (aro3800)
ARO3802,El Ser Humano Como Tema Creación,8,el ser humano como tema creacion
ARO3803,Taller Dibujo Animación,8,taller dibujo animacion
ARO3810,Pintura del Objeto Actual (ARO3810),8,pintura del objeto actual (aro3810)
ARO3830,Serigrafía (ARO3830),8,serigrafia (aro3830)
ARO3831,Fotografía,8,fotografia
ARO3832,Fotoserigrafía (ARO3832),8,fotoserigrafia (aro3832)
ARO3833,Heliografía,8,heliografia
ARO3834,Historia de la Fotografía,8,historia de la fotografia
ARO3872,Análisis Estilos en Artes Decorativos,8,analisis estilos en artes decorativos
ARO3873,Diagnóstico del Patrimonio Cultural,6,diagnostico del patrimonio cultural
ARO3874,Historia del Vestuario en Chile,6,historia del vestuario en chile
ARO400,Dibujo Figura Humana Práctica General,6,dibujo figura humana practica general
ARO401,"Dibujo Figura Humana, Práctica General II",6,"dibujo figura humana, practica general 2"
ARO4336,Hueco-Grabado en Color,8,hueco-grabado en color
ARO4830,Fotograbado,8,fotograbado
ARO4832,Fotografía II,8,fotografia 2
ARO4835,Taller de Creación Gráfica,8,taller de creacion grafica
ARO7221,Escultura Figura Humana,8,escultura figura humana
ARO7222,Escultura en Ceramica,8,escultura en ceramica
ARO7330,Taller de Multimedios,8,taller de multimedios
ARO7331,Fotografía Color,10,fotografia color
ARO7332,Técnicas Modernas del Huecograbado,8,tecnicas modernas del huecograbado
ARO7334,Linea e Incisión,8,linea e incision
ARO7335,Papel como Medio de Expresión (ARO7335),8,papel como medio de expresion (aro7335)
ARO7336,Técnicas de la Aguatinta,8,tecnicas de la aguatinta
ARO7337,Xilografía Color (ARO7337),8,xilografia color (aro7337)
ARO7338,Grabado en Metal (ARO7338),8,grabado en metal (aro7338)
ARO7339,Fotolitografía Color,6,fotolitografia color
ARO7340,Teoría de la Imagen Fotografica (ARO7340),8,teoria de la imagen fotografica (aro7340)
ARO7341,Semiología Visual,8,semiologia visual
ARO7438,Grabado en Metal Avanzado,8,grabado en metal avanzado
ARO7440,Desarrollo de Proyecto en Grabado,8,desarrollo de proyecto en grabado
ARO7801,Ilustración Cientifica,8,ilustracion cientifica
ARO7802,Gráfica Gestual,8,grafica gestual
ARO7803,Dibujo Ilustración,8,dibujo ilustracion
ARO7804,Seminario de Ilustración,6,seminario de ilustracion
ARO7810,"Materiales, Técnicas y Procedimie",6,"materiales, tecnicas y procedimie"
ARO7820,Desarrollo de Proyectos en Escultura,8,desarrollo de proyectos en escultura
ARO7821,Escultura en Piedra,10,escultura en piedra
ARO7823,Técnicas Mixtas en la Escultura,6,tecnicas mixtas en la escultura
ARO7824,La Malla Como Material Escultorico,8,la malla como material escultorico
ARO7826,Escultura Figura Humana (ARO7826),8,escultura figura humana (aro7826)
ARO7828,La Madera Como Material Escultorico,8,la madera como material escultorico
ARO7829,Escultura en Fierro,8,escultura en fierro
ARO7830,Cine Chileno,5,cine chileno
ARO7871,Conservación de Maderas Policromadas,8,conservacion de maderas policromadas
ARO8110,Materiales Alternativos de la Pintura,6,materiales alternativos de la pintura
ARO8111,Pintura Urbana,10,pintura urbana
ARO8112,La Cita Pictorica,8,la cita pictorica
ARO8113,Taller de Experiencia Creativa,8,taller de experiencia creativa
ARO8114,Práctica y Crítica de Trabajo en Equipo,8,practica y critica de trabajo en equipo
ARO8115,Puesta en Escena,8,puesta en escena
ARO8116,Taller Pintura Mural,8,taller pintura mural
ARO8381,El Color en el Grabado,8,el color en el grabado
ARO8760,Restauración y Conservación de Vidrieras,10,restauracion y conservacion de vidrieras
ARO8770,Conservación de Textiles,8,conservacion de textiles
ARO8771,Conservación de Maderas Policroma,8,conservacion de maderas policroma
ARO8772,Conservación y Restauración de Libros,6,conservacion y restauracion de libros
ARO8773,Conservación Material Arqueologico,8,conservacion material arqueologico
ARO8810,Plastica Oriental I,8,plastica oriental 1
ARO8812,Pintura Escenografica,6,pintura escenografica
ARO8813,Pintura en Soporte Tridimensional (ARO8813),8,pintura en soporte tridimensional (aro8813)
ARO8850,Nociones de Arte y Cultura Post Moderna,6,nociones de arte y cultura post moderna
ARO8851,El Surrealismo: Origen y Trascendencia,6,el surrealismo: origen y trascendencia
ARO8852,En Torno al Objeto y las Instalaciones,8,en torno al objeto y las instalaciones
ARO8853,El Video Como Arte,6,el video como arte
ARO8854,Seminario de Arte Americano,6,seminario de arte americano
ARO8856,Lecturas Guiadas: Grabado y Pintura,6,lecturas guiadas: grabado y pintura
ARO8857,Arte y Empresa,8,arte y empresa
ARO8858,Lenguaje del Cine,6,lenguaje del cine
ARO8868,Expresiones Salvajes y Modernidad,8,expresiones salvajes y modernidad
ARO8870,Conservación Preventiva en Museos I,6,conservacion preventiva en museos 1
ARO8871,Conservación Preventiva en Museos II,6,conservacion preventiva en museos 2
ARO8872,Conservación Preventiva en Museos,8,conservacion preventiva en museos
ARO8874,Tratamiento de Pinturas de Caballetes,8,tratamiento de pinturas de caballetes
ARO8875,Restauración de Pinturas de Caballetes,8,restauracion de pinturas de caballetes
ARO8877,Análisis de Textiles Precolombinos,6,analisis de textiles precolombinos
ARO8878,Conservación y Restauración Obras en Papel I,6,conservacion y restauracion obras en papel 1
ARO8879,Conservación y Restauración Obras en Papel II,6,conservacion y restauracion obras en papel 2
ARO8880,Conservación Material Filmico,8,conservacion material filmico
ARO8881,Conservación de Fotografía,8,conservacion de fotografia
ARO8882,Conservación de Ceramicas,8,conservacion de ceramicas
ARO8883,Arte y Cultura: Una Visión Antropológica,8,arte y cultura: una vision antropologica
ARO8884,Tecnica Tratamiento para la Pintura de Caballetes,5,tecnica tratamiento para la pintura de caballetes
ARO8885,Documentación y Conservación de Textiles y Ceramicos Chilenos,8,documentacion y conservacion de textiles y ceramicos chilenos
ARO8886,Conservación y Restauración de Ceramica,8,conservacion y restauracion de ceramica
ARO8887,Restauración Pintura Mural,10,restauracion pintura mural
ARO8888,Conservación y Restauración de Marcos y Dorados,0,conservacion y restauracion de marcos y dorados
ARO8889,Conservación y Restauración Materiales Sinteticos,0,conservacion y restauracion materiales sinteticos
ARO8899,Animación en Flash,8,animacion en flash
ARO8900,Introducción a la Gráfica Computacional,6,introduccion a la grafica computacional
ARO8901,Computación para la Creación Artística,6,computacion para la creacion artistica
ARO8902,Introducción al Photoshop,6,introduccion al photoshop
ARO8903,Photoshop Nivel Intermedio,6,photoshop nivel intermedio
ARO8904,Video Arte,8,video arte
ARO8905,Espacio,6,espacio
ARO8906,Creación Gráfica Adobe Pagemaker,6,creacion grafica adobe pagemaker
ARO8907,Manipulación Imagenes Adobe Ph 3.0,6,manipulacion imagenes adobe ph 3.0
ARO8908,Manejo Estrategias Creativas Multimedios,6,manejo estrategias creativas multimedios
ARO8909,Animación Gráfica en Director 5,6,animacion grafica en director 5
ARO8910,Ilustración Digital en Free Hand,6,ilustracion digital en free hand
ARO8911,Produc Multimedios en Director,6,produc multimedios en director
ARO8912,Taller de Video,8,taller de video
ARO8913,Pintura Digital,6,pintura digital
ARO8914,Historia del Retrato en Chile,6,historia del retrato en chile
ARO8916,Gráfica Objetual,8,grafica objetual
ARO8917,Creación en Multimedia,8,creacion en multimedia
ARO8918,Investigación Materiales en Escultura,8,investigacion materiales en escultura
ARO8920,Escultura Avanzada Metal,8,escultura avanzada metal
ARO8921,Taller Avanzado de Video Arte,8,taller avanzado de video arte
ARO8922,Taller Dibujo Creación,8,taller dibujo creacion
ARO8923,Pintura Figura Humana,8,pintura figura humana
ARO8924,Proyectos de Arte en Web,8,proyectos de arte en web
ARO8932,Fotografía Digital,10,fotografia digital
ARO8990,Artes Visuales e Imagen Cinematografica,8,artes visuales e imagen cinematografica
ARO8991,Taller Avanzado de Video,8,taller avanzado de video
ARO9001,Conservación y Restauración de Marcos,6,conservacion y restauracion de marcos
ARO9002,Restauración Con Materiales Sinteticos,6,restauracion con materiales sinteticos
ARO9003,Escultura Siglo Veinte,8,escultura siglo veinte
ARO9004,Conservac Materiales en Arte,8,conservac materiales en arte
ARO9005,Práctica Laboratorio en Conservación,8,practica laboratorio en conservacion
ARO9006,Conservación y Documentación,6,conservacion y documentacion
ARO9007,Museología,8,museologia
ARO9008,Escultura en Fibrorresina,8,escultura en fibrorresina
ARO9009,Gestión de Coleccionables,6,gestion de coleccionables
ARO9010,Papel Ceramico,6,papel ceramico
ARO9011,"Percepción, Forma y Composición Gráfica",6,"percepcion, forma y composicion grafica"
ARO9012,Impresión en Ceramica,6,impresion en ceramica
ARO9014,Conservación de Retablos,8,conservacion de retablos
ARP4020,Taller de Expresión de las Artes Visuales Bidimensionales,10,taller de expresion de las artes visuales bidimensionales
ARP4030,Taller de Expresión de las Artes Visuales Tridimensionales,10,taller de expresion de las artes visuales tridimensionales
ARP9008,Escultura Fibrorresina,8,escultura fibrorresina
ARQ2000,Investigación en Artes y Humanidades,10,investigacion en artes y humanidades
ARQ2001,"Patrimonio Material e Inmaterial: Arquitectura, Diseño y Antropología",10,"patrimonio material e inmaterial: arquitectura, diseno y antropologia"
ARQ2002,Espacios (y practicas) del Juego y el Deporte Urbano,10,espacios (y practicas) del juego y el deporte urbano
ARQ2003,Bim para Arquitectura,5,bim para arquitectura
ARQ2004,Del Oficio al Taller. Laboratorios Prácticos para revisitar Nuevas Técnicas de Fabricación,5,del oficio al taller. laboratorios practicos para revisitar nuevas tecnicas de fabricacion
ARQ2005,"Arquitectura y Música: Intersecciones, Concordancias y Disonancias",10,"arquitectura y musica: intersecciones, concordancias y disonancias"
ARQ2006,Del Edificio al Espacio Público: Comprendiendo el Patrimonio Urbano y Arquitectónico en Chile,10,del edificio al espacio publico: comprendiendo el patrimonio urbano y arquitectonico en chile
ARQ2007,Soluciones Basadas en la Naturaleza para Ciudadanias Resilientes,10,soluciones basadas en la naturaleza para ciudadanias resilientes
ARQ2010,"Tu Campus, Nuestro Entorno: El Paisaje Urbano de la UC",10,"tu campus, nuestro entorno: el paisaje urbano de la uc"
ARQ3718,Workshop - Design/Build - Construcción en Madera- Sistemas en Seco,5,workshop - design/build - construccion en madera- sistemas en seco
ARR7750,Ct Historia y Teoría de la Restauración,6,ct historia y teoria de la restauracion
ARR7761,Ct Química Aplicada a la Restauración I,6,ct quimica aplicada a la restauracion 1
ARR7771,Ct Taller Restauración I,20,ct taller restauracion 1
ARR8751,Ct Introducción a la Antropología,6,ct introduccion a la antropologia
ARR8752,Investigación Arqueológica,6,investigacion arqueologica
ARR8762,Ct Química Aplicada a la Restauración II,10,ct quimica aplicada a la restauracion 2
ARR8763,Ct Ciencias Aplicadas Restauración III,6,ct ciencias aplicadas restauracion 3
ARR8772,Ct Taller Restauración II,20,ct taller restauracion 2
ARR8773,Ct Taller Restauración III,20,ct taller restauracion 3
ARR9751,Seminario de Formación Profesional,6,seminario de formacion profesional
ARR9764,Cs Aplicadas a Restauración IV,6,cs aplicadas a restauracion 4
ARR9774,Taller de Restauración IV,30,taller de restauracion 4
ARS3006,Dibujo Figura Humana y Su Ambito,10,dibujo figura humana y su ambito
ARS320C,Tall Avanzado Ceramica y Esmalte,8,tall avanzado ceramica y esmalte
ARS321,Ceramica Modelado,6,ceramica modelado
ARS321C,Ceramica Modelado I,6,ceramica modelado 1
ARS322C,Ceramica Modelado II,6,ceramica modelado 2
ARS3440,Color Avanzado,6,color avanzado
ARS8001,Pintura al Oleo,6,pintura al oleo
ARS8002,Dibujo Paisaje Urbano,6,dibujo paisaje urbano
ARS8358,Ct Taller Avanzado Plastica I,15,ct taller avanzado plastica 1
ARS8359,Ct Taller Figura Humana Expresión I,6,ct taller figura humana expresion 1
ARS8364,Ct Metodología de la Investigación,8,ct metodologia de la investigacion
ARS8365,Ct Historia del Arte II,5,ct historia del arte 2
ARS8368,Ct Taller Avanzado Plastica II,15,ct taller avanzado plastica 2
ARS8475,Ct Historia del Arte III,5,ct historia del arte 3
ARS8478,Ct Taller Avanzado Plastica III,25,ct taller avanzado plastica 3
ARS8484,Ct Memoria de Grado,10,ct memoria de grado
ARS8485,Ct Arte Contemporáneo,5,ct arte contemporaneo
ARS8488,Ct Taller de Grado,35,ct taller de grado
ARS9770,Taller Seminario de Grado de Restauración,35,taller seminario de grado de restauracion
ART001,Dibujo Figura Humana Basico (ART001),10,dibujo figura humana basico (art001)
ART002,Taller Dibujo Figura Humana,8,taller dibujo figura humana
ART003,Taller de Configuración,6,taller de configuracion
ART004,"Espacio, Cuerpo, Lugar",10,"espacio, cuerpo, lugar"
ART005,Color y Pintura Digital,10,color y pintura digital
ART006,Arte en el Espacio Público,10,arte en el espacio publico
ART007,Expresión Artística y Religiosidad (ART007),10,expresion artistica y religiosidad (art007)
ART008,Apreciación Arte Oriental,10,apreciacion arte oriental
ART010,Pintura Figura Humana (ART010),10,pintura figura humana (art010)
ART011,Fotografía I,10,fotografia 1
ART012,Fotografía II (ART012),10,fotografia 2 (art012)
ART013,Escultura en Fierro (ART013),10,escultura en fierro (art013)
ART014,Papel Ceramico (ART014),10,papel ceramico (art014)
ART015,Escultura Figura Humana (ART015),10,escultura figura humana (art015)
ART016,Papel como Medio de Expresión (ART016),10,papel como medio de expresion (art016)
ART017,Taller Avanzado de Video (ART017),10,taller avanzado de video (art017)
ART019,Taller Experimental de Pintura (ART019),10,taller experimental de pintura (art019)
ART020,Taller de Papel Avanzado,10,taller de papel avanzado
ART021,Dibujo de Croquis y Boceto (ART021),10,dibujo de croquis y boceto (art021)
ART023,Taller Dibujo Creación (ART023),10,taller dibujo creacion (art023)
ART024,Xilografía: Grabado en Madera (ART024),10,xilografia: grabado en madera (art024)
ART026,Gráfica Digital,10,grafica digital
ART027,Arte Precolombino (ART027),10,arte precolombino (art027)
ART028,Historia de la Escultura Contemporánea,10,historia de la escultura contemporanea
ART029,Dibujo Figura Humana Avanzada,8,dibujo figura humana avanzada
ART030,Litografía Sobre Plancha (O Algrafía),10,litografia sobre plancha (o algrafia)
ART031,Arte y Simbología (ART031),10,arte y simbologia (art031)
ART0311,Dibujo I (ART0311),10,dibujo 1 (art0311)
ART0312,Dibujo II (ART0312),8,dibujo 2 (art0312)
ART032,Dibujo Paisaje,10,dibujo paisaje
ART0321,Escultura I,10,escultura 1
ART0322,Escultura II,8,escultura 2
ART033,Teoría de la Imagen Fotografica (ART033),10,teoria de la imagen fotografica (art033)
ART0331,Grabado I,10,grabado 1
ART0332,Grabado II,8,grabado 2
ART034,Modernidad: Lo Precolombino y Lo Etnico,10,modernidad: lo precolombino y lo etnico
ART0341,Color,10,color
ART0342,Pintura I,8,pintura 1
ART0343,Pintura II,8,pintura 2
ART035,Desarrollo de Proyectos en Pintura I,10,desarrollo de proyectos en pintura 1
ART0353,Historia del Arte I,10,historia del arte 1
ART0354,Historia del Arte II,10,historia del arte 2
ART036,Desarrollo de Proyectos en Pintura II,10,desarrollo de proyectos en pintura 2
ART037,Conservación Preventiva en Museos (ART037),10,conservacion preventiva en museos (art037)
ART0372,Taller Integral,8,taller integral
ART0373,Taller Producción de Obra I,8,taller produccion de obra 1
ART0374,Taller de Producción de Obra II,10,taller de produccion de obra 2
ART0375,Taller Producción de Obra III,10,taller produccion de obra 3
ART0376,Taller Producción de Obra IV,15,taller produccion de obra 4
ART0377,Taller y Memoria de Grado,20,taller y memoria de grado
ART0378,Taller y Memoria de Grado II,30,taller y memoria de grado 2
ART038,Restauración de Obras de Arte (ART038),10,restauracion de obras de arte (art038)
ART0383,Historia del Arte Chileno,8,historia del arte chileno
ART0384,Arte Contemporáneo,10,arte contemporaneo
ART0385,Problemas del Arte Actual,10,problemas del arte actual
ART0386,Arte Latinoamericano,8,arte latinoamericano
ART0387,Textos de Arte,8,textos de arte
ART039,Desarrollo de Proyectos en Grabado,10,desarrollo de proyectos en grabado
ART040,Xilografía Color (ART040),10,xilografia color (art040)
ART0400,Artes Visuales Hoy,10,artes visuales hoy
ART0401,Práctica y Teoría del Color,10,practica y teoria del color
ART0402,Pensamiento Visual,10,pensamiento visual
ART0403,Dibujo,10,dibujo
ART0404,Artes Mediales,10,artes mediales
ART0405,Taller Inicial,10,taller inicial
ART0406,Introducción a la Historia del Arte,10,introduccion a la historia del arte
ART041,Ceramica y Modelado I,10,ceramica y modelado 1
ART042,Escultura en Madera,10,escultura en madera
ART043,Semiología Visual (ART043),10,semiologia visual (art043)
ART044,Arte y Antropología,10,arte y antropologia
ART045,Materiales Cotidianos en la Escultura (ART045),10,materiales cotidianos en la escultura (art045)
ART046,"Papel Tradicional Hecho a Mano, Producción y Conservación",10,"papel tradicional hecho a mano, produccion y conservacion"
ART047,Fotografía Aplicada,10,fotografia aplicada
ART049,Arte y Patrimonio (ART049),10,arte y patrimonio (art049)
ART050,El Paisaje en las Artes Visuales (ART050),10,el paisaje en las artes visuales (art050)
ART0500,Artes Visuales y Modernidad,10,artes visuales y modernidad
ART0501,Taller Central,10,taller central
ART0505,Teorías de la Imagen,10,teorias de la imagen
ART051,Desarrollo de Proyectos en Xilografía Color,10,desarrollo de proyectos en xilografia color
ART052,Libros de Artista (ART052),10,libros de artista (art052)
ART053,Fotografía de Retrato (ART053),10,fotografia de retrato (art053)
ART054,Taller de Técnicas y Materiales de Encuadernación y Empaste,10,taller de tecnicas y materiales de encuadernacion y empaste
ART055,Litografía II,10,litografia 2
ART056,Desarrollo de Proyectos en Fotografía,10,desarrollo de proyectos en fotografia
ART057,Taller de Expresión Plastica e Inconsciente (ART057),10,taller de expresion plastica e inconsciente (art057)
ART058,Animación Digital a Partir de Fotografía Multiple Simultanea,10,animacion digital a partir de fotografia multiple simultanea
ART059,Procesos Fotograficos Alternativos: Historia y Vanguardia,10,procesos fotograficos alternativos: historia y vanguardia
ART060,Taller de Interactividad y Multimedia,10,taller de interactividad y multimedia
ART0600,Taller de Permanencia I,20,taller de permanencia 1
ART0601,Taller de Permanencia II,20,taller de permanencia 2
ART0602,Seminario de Grado I,20,seminario de grado 1
ART0603,Seminario de Grado II,20,seminario de grado 2
ART0604,Diálogos: Práctica Artística I,10,dialogos: practica artistica 1
ART0605,Diálogos: Práctica Artista II,10,dialogos: practica artista 2
ART0607,Circuitos de Arte,10,circuitos de arte
ART061,"Dibujo, Espacio y Entorno (ART061)",10,"dibujo, espacio y entorno (art061)"
ART062,Fotografía Contemporánea (1960/2010),10,fotografia contemporanea (1960/2010)
ART063,Fotolitografía Color (ART063),10,fotolitografia color (art063)
ART064,Grabado en Metal Avanzado (ART064),10,grabado en metal avanzado (art064)
ART065,Grabado en Metal (ART065),10,grabado en metal (art065)
ART066,Litografía I,10,litografia 1
ART067,El Video Como Arte (ART067),10,el video como arte (art067)
ART068,Formas. Soportes Tridimencionales,10,formas. soportes tridimencionales
ART069,Arte Precolombino (ART069),10,arte precolombino (art069)
ART070,Dibujo y Observación (ART070),10,dibujo y observacion (art070)
ART100C,Comunidades del Patrimonio: Conservación y Restauración Participativas (ART100C),10,comunidades del patrimonio: conservacion y restauracion participativas (art100c)
ART100D,Proyectos de Investigación Gráfica,10,proyectos de investigacion grafica
ART100G,Fotografía Digital Aplicada,10,fotografia digital aplicada
ART100M,Animación Tradicional (ART100M),10,animacion tradicional (art100m)
ART100R,Historia y Teoría de la Restauración,6,historia y teoria de la restauracion
ART100T,Artes Visuales en la Obra Cinematografica (ART100T),10,artes visuales en la obra cinematografica (art100t)
ART101C,Valoración y Conservación de Patrimonio Arqueologico (ART101C),10,valoracion y conservacion de patrimonio arqueologico (art101c)
ART101M,Manipulación Digital de Fotografias,10,manipulacion digital de fotografias
ART101T,Sobrevivir al Consenso: Nuevos Medios Artisticos,10,sobrevivir al consenso: nuevos medios artisticos
ART102C,"Patrimonio, Memoria y Derechos Humanos (ART102C)",10,"patrimonio, memoria y derechos humanos (art102c)"
ART102T,Arte en América Latina Colonial (ART102T),10,arte en america latina colonial (art102t)
ART103C,Memoria del Mundo y Conservación de Archivos (ART103C),10,memoria del mundo y conservacion de archivos (art103c)
ART103M,Introducción a las Artes Mediales (ART103M),10,introduccion a las artes mediales (art103m)
ART103T,Semiotica Visual (ART103T),10,semiotica visual (art103t)
ART104C,Arte y Patrimonio (ART104C),10,arte y patrimonio (art104c)
ART104T,Arte y Espacios Publicos: del Land Art al Net Art (ART104T),10,arte y espacios publicos: del land art al net art (art104t)
ART105C,Restauración de Obras de Arte (ART105C),10,restauracion de obras de arte (art105c)
ART105T,Arte del Siglo XX (ART105T),10,arte del siglo xx (art105t)
ART106C,Conservación Preventiva en Museos (ART106C),10,conservacion preventiva en museos (art106c)
ART106T,Historia del Arte Chileno (ART106T),10,historia del arte chileno (art106t)
ART107T,Introducción al Arte Contemporáneo (ART107T),10,introduccion al arte contemporaneo (art107t)
ART108T,Historia del Arte I (ART108T),10,historia del arte 1 (art108t)
ART109T,Historia del Arte II (ART109T),8,historia del arte 2 (art109t)
ART110T,Artes Visuales: Apropiaciones y Citas (ART110T),10,artes visuales: apropiaciones y citas (art110t)
ART1111,Dibujo I (ART1111),12,dibujo 1 (art1111)
ART1140,Color (ART1140),10,color (art1140)
ART1170,Configuración,10,configuracion
ART1212,Dibujo II (ART1212),8,dibujo 2 (art1212)
ART1221,Escultura I (ART1221),8,escultura 1 (art1221)
ART1231,Grabado I (ART1231),8,grabado 1 (art1231)
ART1241,Pintura I (ART1241),8,pintura 1 (art1241)
ART1251,Historia del Arte I (ART1251),5,historia del arte 1 (art1251)
ART1313,Dibujo III,8,dibujo 3
ART1322,Escultura II (ART1322),8,escultura 2 (art1322)
ART1342,Pintura II (ART1342),8,pintura 2 (art1342)
ART1351,Arte Precolombino (ART1351),5,arte precolombino (art1351)
ART1352,Historia del Arte II (ART1352),6,historia del arte 2 (art1352)
ART1452,Arte Chileno I,6,arte chileno 1
ART1453,Historia del Arte III,6,historia del arte 3
ART1553,Arte Chileno II,6,arte chileno 2
ART1554,Arte Contemporáneo I,6,arte contemporaneo 1
ART1562,Metodología de la Investigación,6,metodologia de la investigacion
ART1655,Arte Contemporáneo II,6,arte contemporaneo 2
ART1871,Memoria de Grado,10,memoria de grado
ART200D,Dibujo Experimental,10,dibujo experimental
ART200E,Sistemas Constructivos,10,sistemas constructivos
ART200F,Fotografía Digital Aplicada (ART200F),10,fotografia digital aplicada (art200f)
ART200G,Imagen Impresa,10,imagen impresa
ART200I,"Arte, Territorio y Paisaje (ART200I)",10,"arte, territorio y paisaje (art200i)"
ART200M,Dispositivos Opticos,10,dispositivos opticos
ART200P,Iniciación a la Práctica de la Pintura,10,iniciacion a la practica de la pintura
ART201D,"Dibujo, Cuerpo y Contexto",10,"dibujo, cuerpo y contexto"
ART201E,"Escultura, Cuerpo y Objeto",10,"escultura, cuerpo y objeto"
ART201F,Fotografía y Manipulación Digital,10,fotografia y manipulacion digital
ART201G,Procesos Graficos y Medios de Impresión,10,procesos graficos y medios de impresion
ART201M,Taller de Video Arte,10,taller de video arte
ART201P,Práctica de la Pintura,10,practica de la pintura
ART202D,Proyectos de Investigación Gráfica (ART202D),10,proyectos de investigacion grafica (art202d)
ART202E,Representación y Construcción,10,representacion y construccion
ART202F,Fotografía e Iluminación,10,fotografia e iluminacion
ART202G,Imagen Multiple y Desplazamientos Graficos,10,imagen multiple y desplazamientos graficos
ART202M,Laboratorio de Imagen Digital,10,laboratorio de imagen digital
ART202P,Pintura: Práctica Expandida,10,pintura: practica expandida
ART210T,Historia del Arte Chileno (ART210T),10,historia del arte chileno (art210t)
ART211T,Arte Desde Latinoamérica,10,arte desde latinoamerica
ART212T,Seminario Monografico,10,seminario monografico
ART213T,Seminario Monografico (ART213T),10,seminario monografico (art213t)
ART214T,Metodología de Investigación en Artes Visuales,10,metodologia de investigacion en artes visuales
ART2332,Grabado II (ART2332),8,grabado 2 (art2332)
ART2414,Dibujo IV,8,dibujo 4
ART2461,Taller Integral (ART2461),12,taller integral (art2461)
ART2481,Gráfica Digital (ART2481),8,grafica digital (art2481)
ART2571,Taller Avanzado Plastica I,15,taller avanzado plastica 1
ART2672,Taller Avanzado Plastica II,15,taller avanzado plastica 2
ART2756,Arte Latino Contemporáneo,6,arte latino contemporaneo
ART2773,Taller Avanzado Plastica III,25,taller avanzado plastica 3
ART2841,Gráfica Digital (ART2841),8,grafica digital (art2841)
ART2874,Taller de Grado,35,taller de grado
ART8930,Construcción de Sitios Web,10,construccion de sitios web
AST0111,Astronomía,10,astronomia
AST0112,Astronomy,10,astronomy
AST0212,Introducción al Análisis de Datos,10,introduccion al analisis de datos
AST0222,Taller de Astronomía,10,taller de astronomia
AST0311,Astrofísica General,10,astrofisica general
AST0321,Astrofísica Estelar,10,astrofisica estelar
AST0411,Astrofísica Extragaláctica,10,astrofisica extragalactica
AST0421,Astrofísica Experimental,10,astrofisica experimental
AST101,Un Paseo por el Universo,10,un paseo por el universo
AST1016,"Espacio, Tiempo y Universo",10,"espacio, tiempo y universo"
AST102,El Universo Relativista de Einstein,10,el universo relativista de einstein
AST103,Canvas Cosmicos:Explorando la Diversidad de las Galaxias en Nuestro Universo,10,canvas cosmicos:explorando la diversidad de las galaxias en nuestro universo
AST104,Foco en la Tierra: La Ciencia del Cambio Climático desde una Perspectiva Planetaria,10,foco en la tierra: la ciencia del cambio climatico desde una perspectiva planetaria
AST105,Las Escalas del Mundo: Estimando Ordenes de Magnitud en el Dia a Dia,10,las escalas del mundo: estimando ordenes de magnitud en el dia a dia
AST1510,El Centro Galactico,10,el centro galactico
AST1521,Historia de la Astronomía,10,historia de la astronomia
AST1525,Poniendo Números a la Tierra y el Universo,10,poniendo numeros a la tierra y el universo
AST1526,Astronomía Nova: Historia de la Revolución Copernicana,10,astronomia nova: historia de la revolucion copernicana
AST1527,Galaxias y El Cosmos,10,galaxias y el cosmos
AST1529,Planetas en el Universo,10,planetas en el universo
AST3008,Relatividad y Gravitación,12,relatividad y gravitacion
AST3009,Cosmología,12,cosmologia
BCH010,Habilidades para el Inicio Universitario,10,habilidades para el inicio universitario
BCH020,Experiencias de Inmersión Académica y Profesional I,5,experiencias de inmersion academica y profesional 1
BCH030,Experiencias de Inmersión Académica y Profesional II,5,experiencias de inmersion academica y profesional 2
BIN262,Ecofisiología Animal,15,ecofisiologia animal
BIN309,Fisiología y Bioquímica Vegetal,10,fisiologia y bioquimica vegetal
BIN310,Fisiología Vegetal,12,fisiologia vegetal
BIN311,Reproducción y Desarrollo de Organismos Marinos,15,reproduccion y desarrollo de organismos marinos
BIN312,Ecología de Comunidades,10,ecologia de comunidades
BIN313,Ecología de Individuos,10,ecologia de individuos
BIN314,Biología del Conocimiento,10,biologia del conocimiento
BIN315,Conservación Biológica,6,conservacion biologica
BIN316,Geología General,10,geologia general
BIN317,Rocas y Minerales,6,rocas y minerales
BIN319,Neurobiología de la Conducta,12,neurobiologia de la conducta
BIN331C,Acoplamiento Fisico-Biologico en el Oceano Costero,5,acoplamiento fisico-biologico en el oceano costero
BIO010,Biología Inicial,10,biologia inicial
BIO011,Conviviendo con los Virus,10,conviviendo con los virus
BIO014,Comunicar la Biología en Tiempos de la Post Verdad,10,comunicar la biologia en tiempos de la post verdad
BIO025,"Fgc Ecología, Hombre y Medio Ambiente en Chile",5,"fgc ecologia, hombre y medio ambiente en chile"
BIO029,Fgm Sexualidad Humana,5,fgm sexualidad humana
BIO090A,Biología Preliminar,0,biologia preliminar
BIO090B,Biología Preliminar (BIO090B),5,biologia preliminar (bio090b)
BIO100P,Ciencias Naturales,5,ciencias naturales
BIO101A,Tópicos en Biología,5,topicos en biologia
BIO101B,Tópicos en Bioquímica,5,topicos en bioquimica
BIO101C,De las Moléculas a las Comunidades,10,de las moleculas a las comunidades
BIO105C,Desafíos de las Ciencias Biologicas,5,desafios de las ciencias biologicas
BIO108A,Fundamentos de Ecología y Evolución,10,fundamentos de ecologia y evolucion
BIO110C,Biología de Organismos y Comunidades,10,biologia de organismos y comunidades
BIO116M,Biología Marina,5,biologia marina
BIO118C,Evolución,10,evolucion
BIO120C,Biología y Diversidad Vegetal,10,biologia y diversidad vegetal
BIO120M,Botánica Marina,10,botanica marina
BIO130,Química Biológica,8,quimica biologica
BIO131E,Bioética,10,bioetica
BIO135C,Fisiología,10,fisiologia
BIO136C,Bioquímica Celular,15,bioquimica celular
BIO140A,Farmacología Clínica,10,farmacologia clinica
BIO140M,Invertebrados Marinos,10,invertebrados marinos
BIO141C,Biología de la Célula,10,biologia de la celula
BIO141T,Taller de Biología de la Célula,0,taller de biologia de la celula
BIO143M,Principios Ecológicos y Medio Ambiente,10,principios ecologicos y medio ambiente
BIO145,Microbiología e Inmunología,10,microbiologia e inmunologia
BIO146E,Microbiología e Infectología Clínica,10,microbiologia e infectologia clinica
BIO149E,Microbiología e Infectología Clínica (BIO149E),15,microbiologia e infectologia clinica (bio149e)
BIO151C,Biomoleculas y Microorganismos,10,biomoleculas y microorganismos
BIO151E,Biología de Microorganismos,10,biologia de microorganismos
BIO152C,Bases Físicas de los Procesos Biológicos,10,bases fisicas de los procesos biologicos
BIO155C,Biología General,10,biologia general
BIO155E,Introducción a la Biología,10,introduccion a la biologia
BIO165,Historia Evolutiva del Hombre: Ultimos 2 Millones de Años,9,historia evolutiva del hombre: ultimos 2 millones de anos
BIO165C,Historia Evolutiva del Hombre: Ultimos 2 Millones de Años (BIO165C),10,historia evolutiva del hombre: ultimos 2 millones de anos (bio165c)
BIO166,Ingeniería de la Célula,10,ingenieria de la celula
BIO166C,Ingeniería de la Célula: Estructura y Función,10,ingenieria de la celula: estructura y funcion
BIO170C,Hitos de la Ciencia,10,hitos de la ciencia
BIO175,Ciencia y Cultura,10,ciencia y cultura
BIO185G,Fronteras de la Ciencia,10,fronteras de la ciencia
BIO187C,Aspectos Biológicos y Bioeticos de la Fertilidad en Humanos,10,aspectos biologicos y bioeticos de la fertilidad en humanos
BIO199B,Estrategias de Comunicación Cientifica en Ciencias Biologicas,5,estrategias de comunicacion cientifica en ciencias biologicas
BIO200P,Desarrollo de Habilidades Cientificas para la Enseñanza de las Ciencias Naturales,10,desarrollo de habilidades cientificas para la ensenanza de las ciencias naturales
BIO203,Reproducción y Desarrollo,15,reproduccion y desarrollo
BIO205M,Vertebrados Marinos,10,vertebrados marinos
BIO206C,Histología,10,histologia
BIO206O,Histología para Odontología,7,histologia para odontologia
BIO210B,Biología Computacional,10,biologia computacional
BIO214O,Biología Celular I,10,biologia celular 1
BIO215C,Metodología para la Investigación Biológica,5,metodologia para la investigacion biologica
BIO216O,Biología Celular II,10,biologia celular 2
BIO218C,Manejo de Recursos Naturales,10,manejo de recursos naturales
BIO218P,Manejo de Recursos Renovables,9,manejo de recursos renovables
BIO219A,Biología Vegetal,9,biologia vegetal
BIO219C,Biología Vegetal (BIO219C),10,biologia vegetal (bio219c)
BIO220B,Biomatematicas: Modelación y Análisis Matematico de Fenómenos Biológicos,10,biomatematicas: modelacion y analisis matematico de fenomenos biologicos
BIO221A,Zoología I Invertebrados Acuatico,10,zoologia 1 invertebrados acuatico
BIO222A,Zoología II Artropodos Terrestres,10,zoologia 2 artropodos terrestres
BIO223,Zoología III Vertebrados,10,zoologia 3 vertebrados
BIO225C,Fisiología y Bioquímica Vegetal (BIO225C),10,fisiologia y bioquimica vegetal (bio225c)
BIO226E,Genética y Evolución,10,genetica y evolucion
BIO227C,Biología Animal,10,biologia animal
BIO227E,Biología y Diversidad Animal,10,biologia y diversidad animal
BIO228C,Bioquímica y Genética Molecular,10,bioquimica y genetica molecular
BIO2300,Experiencia Profesional Dirigida,50,experiencia profesional dirigida
BIO230C,Bioestadística,10,bioestadistica
BIO232I,Ecología y Medio Ambiente,10,ecologia y medio ambiente
BIO2350,Memoria Profesional Dirigida,50,memoria profesional dirigida
BIO237M,Oceanografía General,10,oceanografia general
BIO238C,Biología Molecular de la Célula,25,biologia molecular de la celula
BIO241A,Patología Molecular,15,patologia molecular
BIO241B,Patología Molecular (BIO241B),9,patologia molecular (bio241b)
BIO241C,Bases Moleculares de la Patología,10,bases moleculares de la patologia
BIO242,Biometría,10,biometria
BIO242A,Biometría (BIO242A),9,biometria (bio242a)
BIO243A,Historia y Filosofía de la Ciencia,6,historia y filosofia de la ciencia
BIO244C,Genética Integrativa,10,genetica integrativa
BIO245G,Microbiología Alimentaria y Ambiental,10,microbiologia alimentaria y ambiental
BIO245P,Diseño de Laboratorios de Ciencias Biologicas en el Aula (Cpc),10,diseno de laboratorios de ciencias biologicas en el aula (cpc)
BIO246B,Bioquímica Laboratorio,15,bioquimica laboratorio
BIO249C,Bioestadística II,10,bioestadistica 2
BIO249P,Bioestadística: Probabilidad e Inferencia Estadística,9,bioestadistica: probabilidad e inferencia estadistica
BIO252C,Bioinformática y Genomica,5,bioinformatica y genomica
BIO252I,Ingeniería Genética y Bioinformática,10,ingenieria genetica y bioinformatica
BIO252M,Fisiología General y Biofísica,10,fisiologia general y biofisica
BIO252P,Laboratorio de Bioinformática y Genomica,5,laboratorio de bioinformatica y genomica
BIO253B,Unidad de Investigación en Bioinformática,15,unidad de investigacion en bioinformatica
BIO254O,Fisiología para Odontología,15,fisiologia para odontologia
BIO256C,Fisiología Humana,25,fisiologia humana
BIO256M,Fisiología Humana (BIO256M),20,fisiologia humana (bio256m)
BIO256O,Fisiología Humana de Sistemas para Odontología,20,fisiologia humana de sistemas para odontologia
BIO258,Seminario de Investigación,10,seminario de investigacion
BIO258A,Práctica Extramural,12,practica extramural
BIO258O,Fisología Humana para Odontología,20,fisologia humana para odontologia
BIO259,Práctica de Laboratorio Clínico,20,practica de laboratorio clinico
BIO259A,Práctica Laboratorio Clínico,18,practica laboratorio clinico
BIO261C,Neurofisiología,5,neurofisiologia
BIO261M,Neurofisiología (BIO261M),10,neurofisiologia (bio261m)
BIO261O,Neurofisiología Estomatologica,5,neurofisiologia estomatologica
BIO262,Neurofisiología (BIO262),12,neurofisiologia (bio262)
BIO262A,Neurobiología,10,neurobiologia
BIO262M,Neurofisiología (BIO262M),10,neurofisiologia (bio262m)
BIO263,Bases Neurobiologicas de la Conducta,10,bases neurobiologicas de la conducta
BIO264,Farmacología I,6,farmacologia 1
BIO264L,Laboratorio Farmacología I,6,laboratorio farmacologia 1
BIO265,Farmacología II,9,farmacologia 2
BIO266D,Laboratorio Bioquímica I: Biología Celular,5,laboratorio bioquimica i: biologia celular
BIO266E,Laboratorio Bioquímica II: Genética Molecular,10,laboratorio bioquimica ii: genetica molecular
BIO267A,Neurobiología (BIO267A),9,neurobiologia (bio267a)
BIO267C,Biotecnología Industrial,5,biotecnologia industrial
BIO268,Fisiología General,12,fisiologia general
BIO268A,Fisiología Celular,9,fisiologia celular
BIO270C,Farmacología General,8,farmacologia general
BIO270O,Farmacología General para Odontología,8,farmacologia general para odontologia
BIO270P,Taller de Biología (Cpc),10,taller de biologia (cpc)
BIO272,Farmacología,10,farmacologia
BIO272A,Farmacología Molecular,9,farmacologia molecular
BIO272C,Farmacología Molecular (BIO272C),10,farmacologia molecular (bio272c)
BIO274C,Fisiología y Diferenciación Celular,10,fisiologia y diferenciacion celular
BIO274E,Biología y Fisiología Celular,10,biologia y fisiologia celular
BIO275C,Microbiología y Parasitología Clinicas,10,microbiologia y parasitologia clinicas
BIO275O,Microbiología para Odontolgia,7,microbiologia para odontolgia
BIO275P,Errores Conceptuales en la Educación de la Biología (Cpc),10,errores conceptuales en la educacion de la biologia (cpc)
BIO277A,Microbiología Básica,10,microbiologia basica
BIO277B,Microbiología Básica (BIO277B),9,microbiologia basica (bio277b)
BIO277C,Microbiología Tp,10,microbiologia tp
BIO277M,Microbiología Marina,10,microbiologia marina
BIO279,Bioquímica II,15,bioquimica 2
BIO284,Biomoleculas y Metabolismo,10,biomoleculas y metabolismo
BIO285B,Memoria Profesional,0,memoria profesional
BIO285C,Memoria de Investigación,0,memoria de investigacion
BIO285D,Memoria de Investigación (BIO285D),50,memoria de investigacion (bio285d)
BIO285E,Memoria Profesional (BIO285E),50,memoria profesional (bio285e)
BIO285L,Práctica Profesional en Laboratorio,50,practica profesional en laboratorio
BIO285M,Memoria de Investigación en Biología Marina,50,memoria de investigacion en biologia marina
BIO286,Biomoleculas y Enzimología,9,biomoleculas y enzimologia
BIO287,Metabolismo,9,metabolismo
BIO288,Genética Molecular,9,genetica molecular
BIO289,Genética,8,genetica
BIO289A,Genética General (BIO289A),9,genetica general (bio289a)
BIO289C,Genética Avanzada,5,genetica avanzada
BIO295A,Seminario de Investigación Departamental,15,seminario de investigacion departamental
BIO295B,Seminario de Investigación Departamental (BIO295B),15,seminario de investigacion departamental (bio295b)
BIO295C,Seminario de Investigación Departamental (BIO295C),15,seminario de investigacion departamental (bio295c)
BIO295P,Seminario de Investigación en Pedagogía,10,seminario de investigacion en pedagogia
BIO296A,Seminario de Investigación Biológica,21,seminario de investigacion biologica
BIO296C,Seminario de Investigación Biológica (BIO296C),30,seminario de investigacion biologica (bio296c)
BIO296F,Seminario de Investigación Bioquímica,30,seminario de investigacion bioquimica
BIO296M,Seminario de Investigación Biológica Marina,30,seminario de investigacion biologica marina
BIO297C,"Laboratorio Bioquímica, Biología Celular",10,"laboratorio bioquimica, biologia celular"
BIO297I,Laboratorio de Biología Celular y Molecular,10,laboratorio de biologia celular y molecular
BIO298E,Trabajo Experimental en Ecología,5,trabajo experimental en ecologia
BIO298M,Trabajo Experimental en Ecología Marina,5,trabajo experimental en ecologia marina
BIO299L,Laboratorio Fisiología,5,laboratorio fisiologia
BIO301A,Curso Tutorial Licenciatura,5,curso tutorial licenciatura
BIO301B,Curso Tutorial Licenciatura (BIO301B),5,curso tutorial licenciatura (bio301b)
BIO301C,Curso Tutorial Licenciatura (BIO301C),5,curso tutorial licenciatura (bio301c)
BIO301D,Curso Tutorial Licenciatura (BIO301D),5,curso tutorial licenciatura (bio301d)
BIO301E,Curso Tutorial Licenciatura (BIO301E),5,curso tutorial licenciatura (bio301e)
BIO301F,Curso Tutorial Licenciatura (BIO301F),5,curso tutorial licenciatura (bio301f)
BIO305E,Aspectos Básicos y Clinicos de Cancer,10,aspectos basicos y clinicos de cancer
BIO307E,Relación Estructura-Función Celular y Tisular,10,relacion estructura-funcion celular y tisular
BIO310A,Seminario Bibliografico,5,seminario bibliografico
BIO310B,Seminario Bibliografico (BIO310B),5,seminario bibliografico (bio310b)
BIO310C,Biomatemática: Modelación de Sistemas Biológicos,10,biomatematica: modelacion de sistemas biologicos
BIO313A,Biología de la Reproducción,9,biologia de la reproduccion
BIO316E,Ecología y Conservación de la Biodivesidad,10,ecologia y conservacion de la biodivesidad
BIO317,Investigación Bibliografica en Neurobiología,15,investigacion bibliografica en neurobiologia
BIO318E,Principios de Dinámica Poblacional: Teoría y Aplicaciones,10,principios de dinamica poblacional: teoria y aplicaciones
BIO3200,Experiencia Profesional Dirigida (BIO3200),50,experiencia profesional dirigida (bio3200)
BIO320C,Modelos Animales para la Investigación en Biología Celular y Biomedicina,10,modelos animales para la investigacion en biologia celular y biomedicina
BIO320E,Ecología de Ecosistemas y Cambio Global,10,ecologia de ecosistemas y cambio global
BIO320M,Técnicas Avanzadas en Biología Marina,30,tecnicas avanzadas en biologia marina
BIO321A,Seminario Investigación Biología Molecular,10,seminario investigacion biologia molecular
BIO321B,Zoología de Invertebrados Marinos,9,zoologia de invertebrados marinos
BIO321F,Fisiología del Ejercicio,10,fisiologia del ejercicio
BIO323A,Biogeografía,10,biogeografia
BIO323C,Bases Moleculares de la Genética,10,bases moleculares de la genetica
BIO323E,Biogeografía de Chile,10,biogeografia de chile
BIO324,Investigación Bibliografica Neurofarmacología,10,investigacion bibliografica neurofarmacologia
BIO325A,Reproducción y Taxonomía en Rhodophytas,10,reproduccion y taxonomia en rhodophytas
BIO325C,Biología de Sistemas,10,biologia de sistemas
BIO326C,Genética General (BIO326C),10,genetica general (bio326c)
BIO327M,Oceanografía Fisico-Biológica,10,oceanografia fisico-biologica
BIO328C,Comunicación Efectiva De Las Ciencias Biologicas,10,comunicacion efectiva de las ciencias biologicas
BIO329E,Invasiones Biologicas,10,invasiones biologicas
BIO3300,Estructura Desarrollo y Función del Sistema Nervioso Central,10,estructura desarrollo y funcion del sistema nervioso central
BIO3304,Técnicas de Muestreo y Análisis Ecológicos,5,tecnicas de muestreo y analisis ecologicos
BIO3308,Teoría de Optimización de la Obtención del Alimento,5,teoria de optimizacion de la obtencion del alimento
BIO3311,Biometría II,10,biometria 2
BIO3317,Problemas Ambientales en Chile,10,problemas ambientales en chile
BIO3319,Técnicas Avanzadas de Investigación en Bioquímica,50,tecnicas avanzadas de investigacion en bioquimica
BIO331A,Tópicos en Fisiología Vegetal,10,topicos en fisiologia vegetal
BIO331C,Microbiología y Biotecnología Ambiental,10,microbiologia y biotecnologia ambiental
BIO3329,Técnicas Avanzadas de Bioquímica Clínica,50,tecnicas avanzadas de bioquimica clinica
BIO332C,"Manejo Sustentable, Conservación y Sociedad",10,"manejo sustentable, conservacion y sociedad"
BIO3330,Ecotoxicología,6,ecotoxicologia
BIO3331,Microbiología Ambiental,6,microbiologia ambiental
BIO3332,Biotecnología y Biología Molecular Vegetal,6,biotecnologia y biologia molecular vegetal
BIO3335,Ecología de Organismos Animales,10,ecologia de organismos animales
BIO3336,Ecología de Organismos Vegetales,10,ecologia de organismos vegetales
BIO3338,Matriz y Adhesión Celular,6,matriz y adhesion celular
BIO3339,Bioinformática Avanzada,10,bioinformatica avanzada
BIO333C,El Sistema Terrestre,10,el sistema terrestre
BIO334C,Control Genetico del Desarrollo,10,control genetico del desarrollo
BIO334D,Biología del Desarrollo,10,biologia del desarrollo
BIO335C,Patogenesis Microbiana,10,patogenesis microbiana
BIO336,Ingeniería de la Célula: Estructura y Función (BIO336),10,ingenieria de la celula: estructura y funcion (bio336)
BIO336M,Buceo Autonomo,10,buceo autonomo
BIO337,Totipotencialidad de los Tejidos Vegetales in Vitro,15,totipotencialidad de los tejidos vegetales in vitro
BIO337C,Fisiología Avanzada,10,fisiologia avanzada
BIO337E,Receptores y Señales Biologicas,10,receptores y senales biologicas
BIO338E,El Origen de la Vida en la Tierra,10,el origen de la vida en la tierra
BIO338M,Buceo Científico,10,buceo cientifico
BIO339A,Evaluación de Riesgo Ambiental,6,evaluacion de riesgo ambiental
BIO340C,Ecología Evolutiva,10,ecologia evolutiva
BIO340D,Ecología Fisiologica y Evolutiva,10,ecologia fisiologica y evolutiva
BIO340E,Ecología Molecular,10,ecologia molecular
BIO340M,Genética de la Conservación,10,genetica de la conservacion
BIO341A,Biología de Poblaciones,12,biologia de poblaciones
BIO341E,Tráfico Intracelular de Proteinas y Su Relevancia en Patología Humana,10,trafico intracelular de proteinas y su relevancia en patologia humana
BIO343C,Paleoecología y Evolución,10,paleoecologia y evolucion
BIO345M,Ecología de Peces,10,ecologia de peces
BIO346A,Ecología Conductual,10,ecologia conductual
BIO346B,Ecología Conductual (BIO346B),10,ecologia conductual (bio346b)
BIO346C,Conducta Animal,6,conducta animal
BIO346D,Desafíos de las Ciencias Biologicas y el Diseño,10,desafios de las ciencias biologicas y el diseno
BIO350C,Tópicos Avanzados en Ecología de Poblaciones,10,topicos avanzados en ecologia de poblaciones
BIO350M,Cmd Modelos Matemáticos en Biología,10,cmd modelos matematicos en biologia
BIO351A,Bioquímica de la Transmisión Sinaptica,10,bioquimica de la transmision sinaptica
BIO351C,Biomedicina Celular y Molecular,10,biomedicina celular y molecular
BIO351D,Epigenética en el Desarrollo y Enfermedad,10,epigenetica en el desarrollo y enfermedad
BIO351E,Seminario de Fisiología,6,seminario de fisiologia
BIO352B,Seminario de Bacteriología,12,seminario de bacteriologia
BIO352C,Genomica y Aplicaciones en Biotecnología,5,genomica y aplicaciones en biotecnologia
BIO352D,Técnicas de Planificación Sistemática para la Conservación,10,tecnicas de planificacion sistematica para la conservacion
BIO352E,Métodos y Avances en Tópicos de Ecología y Oceanografía,5,metodos y avances en topicos de ecologia y oceanografia
BIO353C,"Plataformas de Hardware Abierto ""Hazlo-Tu-Mismo"" FCB",10,"plataformas de hardware abierto ""hazlo-tu-mismo"" fcb"
BIO354B,Ecología de Bosques,10,ecologia de bosques
BIO356A,Estadística Poblacional,15,estadistica poblacional
BIO356B,Análisis de Regresión Biología,10,analisis de regresion biologia
BIO357M,Taxonomía y Ecología de Poliquetos,10,taxonomia y ecologia de poliquetos
BIO358M,Mamiferos Marinos,10,mamiferos marinos
BIO359M,Malacología,10,malacologia
BIO360B,Bioinformática Molecular,10,bioinformatica molecular
BIO360M,Planificación para la Conservación Marina,10,planificacion para la conservacion marina
BIO361E,Neurofisiología (BIO361E),10,neurofisiologia (bio361e)
BIO363M,Echinología,10,echinologia
BIO364C,Biotecnología Industrial (BIO364C),5,biotecnologia industrial (bio364c)
BIO364D,Aplicaciones Industriales en Chile,5,aplicaciones industriales en chile
BIO364I,Desarrollo y Evaluación de Proyectos en Biotecnología Industrial,10,desarrollo y evaluacion de proyectos en biotecnologia industrial
BIO364P,Biotecnología: Aplicaciones y Oportunidades de Negocios en Chile,10,biotecnologia: aplicaciones y oportunidades de negocios en chile
BIO365A,Seminario Bibliografico Microbiología,6,seminario bibliografico microbiologia
BIO365I,Bases de la Biotecnología,10,bases de la biotecnologia
BIO366D,Cambio Climático,10,cambio climatico
BIO367A,Principios de Ecología de Ecosistemas,10,principios de ecologia de ecosistemas
BIO369C,Ecología de Comunidades (BIO369C),10,ecologia de comunidades (bio369c)
BIO370,Endocrinología de la Reproducción,12,endocrinologia de la reproduccion
BIO370A,Tópicos de Endocrinología Fetal,12,topicos de endocrinologia fetal
BIO370M,Dinámica y Evaluación de Pesquerias,10,dinamica y evaluacion de pesquerias
BIO372C,Fisiología Animal Comparada,10,fisiologia animal comparada
BIO374M,Trabajo Experimental en Ecología Marina (BIO374M),10,trabajo experimental en ecologia marina (bio374m)
BIO375M,Pesquerias y Captura Incidental,5,pesquerias y captura incidental
BIO376,Tópicos de Neurobiología,12,topicos de neurobiologia
BIO376C,Neurobiología Molecular,10,neurobiologia molecular
BIO377M,Oceanografía Fisico Biológica,10,oceanografia fisico biologica
BIO379C,Fisiología Experimental Moderna,10,fisiologia experimental moderna
BIO379E,Fisiología Experimental,10,fisiologia experimental
BIO380E,Microbiología Biomedica,10,microbiologia biomedica
BIO382E,Comunicación en Ciencias Biologicas,5,comunicacion en ciencias biologicas
BIO382S,Seminario Investigación y Redacción,6,seminario investigacion y redaccion
BIO383,Estructura Bacteriana Externa,6,estructura bacteriana externa
BIO383C,Ecología de Comunidades y Ecosistemas,10,ecologia de comunidades y ecosistemas
BIO385,Neurobiología Desarrollo y Neurogenetico,10,neurobiologia desarrollo y neurogenetico
BIO385C,Trabajo Experimental en Biología,10,trabajo experimental en biologia
BIO389,Inmunología Básica,10,inmunologia basica
BIO389A,Inmunología Básica (BIO389A),9,inmunologia basica (bio389a)
BIO389B,Inmunología Básica (BIO389B),12,inmunologia basica (bio389b)
BIO389C,Inmunología,5,inmunologia
BIO389E,Inmunología Celular y Molecular,10,inmunologia celular y molecular
BIO389M,Aves y Mamiferos Marinos,5,aves y mamiferos marinos
BIO390,Laboratorio de Inmunología,15,laboratorio de inmunologia
BIO390C,Fisiología de Sistemas,10,fisiologia de sistemas
BIO391A,Seminario Investigación Neurobiología,15,seminario investigacion neurobiologia
BIO3920,Innovación y Emprendimiento en Biotecnología,10,innovacion y emprendimiento en biotecnologia
BIO392B,Del Lab al Mercado: Emprendimiento e Innovación en Ciencias de la Vida,10,del lab al mercado: emprendimiento e innovacion en ciencias de la vida
BIO398,Sistemática y Filogenia Animal,5,sistematica y filogenia animal
BIO399,Tópicos en Fisiología Celular,6,topicos en fisiologia celular
BIO399E,Biología Sinteticas: Maquinas Biologicas,10,biologia sinteticas: maquinas biologicas
BIO400C,Biología Celular Avanzada,10,biologia celular avanzada
BIO402M,"Gestión, Producción y Restauración Marina",10,"gestion, produccion y restauracion marina"
BIO404C,Fisiopatología,10,fisiopatologia
BIO408C,Ecoinformática,10,ecoinformatica
BIO412M,Socioecología y Conservación Marina,10,socioecologia y conservacion marina
BIO415C,Seminario de Investigación en Biología I,10,seminario de investigacion en biologia 1
BIO415M,Seminario de Investigación en Biología Marina I,10,seminario de investigacion en biologia marina 1
BIO416C,Seminario de Investigación en Biología II,25,seminario de investigacion en biologia 2
BIO416M,Seminario de Investigación en Biología Marina II,25,seminario de investigacion en biologia marina 2
BIO420C,Estudios Biomedicos,10,estudios biomedicos
BIO420M,Ecología Marina,10,ecologia marina
BIO424C,Micología,10,micologia
BIO425C,Evaluación y Legislación Ambiental,10,evaluacion y legislacion ambiental
BIO426C,Biología y Genomica de la Conservación,10,biologia y genomica de la conservacion
BIO428C,Ecología Química,10,ecologia quimica
BIO430C,Formulación y Gestión de Proyectos,10,formulacion y gestion de proyectos
BIO432C,Técnicas Avanzadas en Biología,30,tecnicas avanzadas en biologia
BIO433C,Parasitología,10,parasitologia
BIO435C,Restauración Ecológica (BIO435C),10,restauracion ecologica (bio435c)
BIO440C,Entomología de Campo,10,entomologia de campo
BIO445C,Bioquímica y Biotecnología Vegetal,10,bioquimica y biotecnologia vegetal
BIO447M,Fitoplancton Marino,10,fitoplancton marino
BIO450C,Taller de Ética y Buenas Practicas para la Investigación Biomedica,10,taller de etica y buenas practicas para la investigacion biomedica
BIO458E,Práctica Profesional Inmersiva,30,practica profesional inmersiva
BIO480C,Memoria Profesional en Biología,50,memoria profesional en biologia
BIO480M,Memoria Profesional en Biología Marina,50,memoria profesional en biologia marina
BIO482C,Estudios Biomedicos (BIO482C),10,estudios biomedicos (bio482c)
BIO490C,Memoria de Investigación en Biología,50,memoria de investigacion en biologia
BIO490M,Memoria de Investigación en Biología Marina (BIO490M),50,memoria de investigacion en biologia marina (bio490m)
BIO492,Ecología de Peces Costeros,5,ecologia de peces costeros
BIO493,Ecología de Algas,10,ecologia de algas
BLP3000,Seminario Interdisciplinario de Investigación en Primatología,12,seminario interdisciplinario de investigacion en primatologia
CAE010,Curso Antropologico-Etico,10,curso antropologico-etico
CAL1001,Español Intermedio Basico,10,espanol intermedio basico
CAL1003,Español Intermedio,10,espanol intermedio
CAL1005,Español Avanzado,10,espanol avanzado
CAL1007,Español Bilingüe,10,espanol bilingue
CAL1009,Español Superior,10,espanol superior
CAL1010,Español Intensivo,10,espanol intensivo
CAR0001,Taller de Habitos y Estrategias de Estudio (CAR0001),5,taller de habitos y estrategias de estudio (car0001)
CAR0002,Taller de Habitos y Estrategias de Estudio (CAR0002),5,taller de habitos y estrategias de estudio (car0002)
CAR0003,Taller de Habitos y Estrategias de Estudio (CAR0003),5,taller de habitos y estrategias de estudio (car0003)
CAR0004,Taller de Entrenamiento para la Acción Tutorial,5,taller de entrenamiento para la accion tutorial
CAR0005,Aprendizaje Estrategico para la Experiencia Universitaria,5,aprendizaje estrategico para la experiencia universitaria
CAR1000,Manejo de la Ansiedad y el Stress en la Vida Universitaria,5,manejo de la ansiedad y el stress en la vida universitaria
CAR1500,Entrenamiento en Presentaciones Orales Efectivas,5,entrenamiento en presentaciones orales efectivas
CAR2000,Aprendizaje Estrategico para el Egreso,5,aprendizaje estrategico para el egreso
CAR2500,Ansiedad y las Técnicas de Afrontamiento para el Autocuidado,5,ansiedad y las tecnicas de afrontamiento para el autocuidado
CAR3000,Procesos Cognitivos Superiores: desde la Neurobiología a la Práctica,10,procesos cognitivos superiores: desde la neurobiologia a la practica
CCC3805,Fgc Vias de Comunicación,5,fgc vias de comunicacion
CCL0100,Seguimiento de Obra,0,seguimiento de obra
CCL0120,Seguimiento en Obra,0,seguimiento en obra
CCL0200,Permanencia en Obra,0,permanencia en obra
CCL0220,Permanencia en Obra (CCL0220),0,permanencia en obra (ccl0220)
CCL1110,Resistencia de Materiales,8,resistencia de materiales
CCL1120,Análisis Estructural,10,analisis estructural
CCL1130,Estructuras en Madera,8,estructuras en madera
CCL1140,Estructuras Metalicas,8,estructuras metalicas
CCL1150,Construcción Sismo-Resistente,8,construccion sismo-resistente
CCL1200,Construcción General,10,construccion general
CCL1202,Tipologias de Construcción,10,tipologias de construccion
CCL1212,Materiales de Construcción,10,materiales de construccion
CCL1214,Topografía,10,topografia
CCL1216,Hormigón,10,hormigon
CCL1260,Metodología de Investigación,10,metodologia de investigacion
CCL1262,Investigación de Operaciones,10,investigacion de operaciones
CCL1280,Hidráulica General,10,hidraulica general
CCL1290,Estructuras I (CCL1290),15,estructuras 1 (ccl1290)
CCL2000,Ciencia de Materiales,12,ciencia de materiales
CCL2010,Hormigón (CCL2010),10,hormigon (ccl2010)
CCL2040,Investigación Operativa,8,investigacion operativa
CCL2060,Hidráulica Sanitaria,8,hidraulica sanitaria
CCL2100,Legislación,8,legislacion
CCL2110,Administración (CCL2110),8,administracion (ccl2110)
CCL2121,Planificación y Programación de Proyectos,8,planificacion y programacion de proyectos
CCL2218,Maquinaria y Equipos de Construcción,10,maquinaria y equipos de construccion
CCL2220,Obras Civiles I,10,obras civiles 1
CCL2230,Obras Civiles II,10,obras civiles 2
CCL2240,Edificación I,10,edificacion 1
CCL2242,Instalaciones,10,instalaciones
CCL2250,Edificación II,10,edificacion 2
CCL2264,Administración de Empresas,10,administracion de empresas
CCL2272,Análisis de Costos,10,analisis de costos
CCL2274,Planificación y Programación de Proyectos (CCL2274),10,planificacion y programacion de proyectos (ccl2274)
CCL2276,Preparación y Evaluación de Proyectos,10,preparacion y evaluacion de proyectos
CCL2278,Taller de Obras,10,taller de obras
CCL2290,Estructuras II (CCL2290),15,estructuras 2 (ccl2290)
CCL2301,Taller de Gestión,10,taller de gestion
CCL2302,Evaluación de Proyectos,10,evaluacion de proyectos
CCL2311,Ciencia de Materiales (CCL2311),10,ciencia de materiales (ccl2311)
CCL2312,Construcción y Sociedad,10,construccion y sociedad
CCL2321,Tecnología de Materiales,10,tecnologia de materiales
CCL2322,Anatomía de la Construcción,10,anatomia de la construccion
CCL2331,Análisis de Datos e Investigación,10,analisis de datos e investigacion
CCL2342,Fundamentos para el Análisis Estructural,10,fundamentos para el analisis estructural
CCL2343,Tecnología del Hormigón,10,tecnologia del hormigon
CCL2344,Práctica Pre Profesional,0,practica pre profesional
CCL2351,Sistemas y Procesos Constructivos,10,sistemas y procesos constructivos
CCL2352,Comportamiento Estructural,10,comportamiento estructural
CCL2353,Geotecnia,10,geotecnia
CCL2361,Instalaciones Sanitarias,10,instalaciones sanitarias
CCL2362,Sustentabilidad en Construcción,10,sustentabilidad en construccion
CCL2371,Sistemas y Procesos Constructivos Especiales,10,sistemas y procesos constructivos especiales
CCL2372,"Instalaciones de Gas, Clima y Electricidad",10,"instalaciones de gas, clima y electricidad"
CCL2373,Administración y Finanzas,10,administracion y finanzas
CCL2374,Administración de Obras,10,administracion de obras
CCL2381,Estructura y Procesos,10,estructura y procesos
CCL2383,Responsabilidad Social en Construcción,10,responsabilidad social en construccion
CCL2384,Emprendimiento y Habilidades Gerenciales,10,emprendimiento y habilidades gerenciales
CCL2391,Residencia,30,residencia
CCL2411,Construcción y su Entorno,10,construccion y su entorno
CCL2413,Taller de Habilidades Académicas,5,taller de habilidades academicas
CCL2422,Tecnología de los Materiales,10,tecnologia de los materiales
CCL2431,Construcción Circular,10,construccion circular
CCL2433,Análisis de Datos Aplicado a la Construcción,10,analisis de datos aplicado a la construccion
CCL2435,Fundamentos de Seguridad en la Construcción,5,fundamentos de seguridad en la construccion
CCL2442,Fundamentos del Análisis Estructural,10,fundamentos del analisis estructural
CCL2461,Geotecnia Aplicada,5,geotecnia aplicada
CCL2462,"Estructura, Materialidad y Procesos Constructivos",10,"estructura, materialidad y procesos constructivos"
CCL2463,Fundamentos del Análisis Financiero y Contable,5,fundamentos del analisis financiero y contable
CCL2464,Instalaciones de Gas y Electricidad,10,instalaciones de gas y electricidad
CCL2472,Terminaciones y Componentes en Edificación,5,terminaciones y componentes en edificacion
CCL2473,"Programación, Optimización y Control de Proyectos",10,"programacion, optimizacion y control de proyectos"
CCL2474,Ética Aplicada a la Construcción,5,etica aplicada a la construccion
CCL2475,Instalaciones Sanitarias y de Climatización,10,instalaciones sanitarias y de climatizacion
CCL2482,Sistemas para Obras de Infraestructura,10,sistemas para obras de infraestructura
CCL2483,Habitabilidad y Sostenibilidad Energética,10,habitabilidad y sostenibilidad energetica
CCL2484,Transformación Digital en la Industria de la Construcción,10,transformacion digital en la industria de la construccion
CCL2491,Taller de Desafíos en Construcción,10,taller de desafios en construccion
CCL3000,Física de la Vivienda,8,fisica de la vivienda
CCL3010,Edificación I (CCL3010),10,edificacion 1 (ccl3010)
CCL3020,Edificación II (CCL3020),10,edificacion 2 (ccl3020)
CCL3120,Movimiento de Tierras,8,movimiento de tierras
CCL3130,Caminos y Puentes,10,caminos y puentes
CCL4100,Análisis de Costos (CCL4100),8,analisis de costos (ccl4100)
CCL4110,Preparación Evaluación de Proyectos,10,preparacion evaluacion de proyectos
CCL4121,Taller de Obras (CCL4121),10,taller de obras (ccl4121)
CCO0001,Convenio Duoc UC-Construcción Civil,10,convenio duoc uc-construccion civil
CCO001M,Taller de Memoria I,8,taller de memoria 1
CCO002M,Taller de Memoria II,8,taller de memoria 2
CCO0035,Gestión de la Construcción,8,gestion de la construccion
CCO1350,Materiales Poliméricos,8,materiales polimericos
CCO2045,Instalaciones de Gas,8,instalaciones de gas
CCO2091,Instalaciones Eléctricas,8,instalaciones electricas
CCO2115,Legislación y Construcción,10,legislacion y construccion
CCO2125,Finanzas e Inversiones Inmobiliarias,8,finanzas e inversiones inmobiliarias
CCO2126,Finanzas e Inversiones Inmobiliarias (CCO2126),10,finanzas e inversiones inmobiliarias (cco2126)
CCO2170,Taller Estructuras en Madera,8,taller estructuras en madera
CCO2171,Construcción en Madera,8,construccion en madera
CCO2175,Equipamiento y Acondicionamiento de Edificios,8,equipamiento y acondicionamiento de edificios
CCO2176,Eficiencia Energética en Edificación,10,eficiencia energetica en edificacion
CCO2180,Taller Instalaciones de Gas,8,taller instalaciones de gas
CCO2190,Taller Instalaciones Sanitarias,10,taller instalaciones sanitarias
CCO2200,Construcción Obras Hidráulicas,8,construccion obras hidraulicas
CCO2230,Depuración de Aguas y Residuos,8,depuracion de aguas y residuos
CCO2270,Proyectos de Construcción en Montana y Condiciones Extremas,10,proyectos de construccion en montana y condiciones extremas
CCO2280,"La Montana: Sus Riesgos, y Su Prevención",6,"la montana: sus riesgos, y su prevencion"
CCO2290,Cmd Restauración y Rehabilitación de Patrimonio Arquitectónico y Cultural,10,cmd restauracion y rehabilitacion de patrimonio arquitectonico y cultural
CCO3042,Gestión de Calidad en Construcción,8,gestion de calidad en construccion
CCO3050,Construcciones Industriales,8,construcciones industriales
CCO3060,Tecnología del Hormigón II,8,tecnologia del hormigon 2
CCO3075,Administración de Obras y Prevención de Riesgos,8,administracion de obras y prevencion de riesgos
CCO3081,Tuneles,8,tuneles
CCO3082,Gestión de Infraestructura Vial,8,gestion de infraestructura vial
CCO3083,Construcción de Pavimentos Flexibles,8,construccion de pavimentos flexibles
CCO3095,Control de Proyectos de Construcción,8,control de proyectos de construccion
CCO3200,Gestión de Riesgos Operacionales,10,gestion de riesgos operacionales
CCO3300,Gestión y Desarrollo Inmobiliario,10,gestion y desarrollo inmobiliario
CCO3310,Dirección Estrategica y Marketing Inmobiliario,10,direccion estrategica y marketing inmobiliario
CCO3320,Taller de Investigación en Construcción Civil,10,taller de investigacion en construccion civil
CCO3321,Construcción en Emergencia,10,construccion en emergencia
CCO3322,Tasaciones y Valoraciones de Bienes Urbanos,10,tasaciones y valoraciones de bienes urbanos
CCO3400,Tasaciones de Bienes Inmuebles,10,tasaciones de bienes inmuebles
CCO3500,Industrialización e Innovación en la Construcción,10,industrializacion e innovacion en la construccion
CCO3600,Mecánica de Suelos Aplicada,10,mecanica de suelos aplicada
CCS0001,Mención C Sociales (Res 9/00),0,mencion c sociales (res 9/00)
CCT120G,Topografía General,8,topografia general
CDP001,Mi Proyecto Profesional: Autoconocimiento y Toma de Decisiones,10,mi proyecto profesional: autoconocimiento y toma de decisiones
CEC101,Introducción al Cooperativismo,10,introduccion al cooperativismo
CEC202,Cooperativas Agropecuarias,10,cooperativas agropecuarias
CEC205,Cooperativismo y Trabajo Social,10,cooperativismo y trabajo social
CEC301,Taller Cooperativo,10,taller cooperativo
CIE1001,Español Intensivo Basico,2,espanol intensivo basico
CIE1002,Español Intensivo Intermedio,2,espanol intensivo intermedio
CIE1003,Español Intensivo Intermedio Avanzado,2,espanol intensivo intermedio avanzado
CIE1004,Español Intensivo Avanzado,2,espanol intensivo avanzado
CIE1005,Español Intensivo Avanzado Superior,2,espanol intensivo avanzado superior
CIE1014,Español Intensivo Avanzado Especial,8,espanol intensivo avanzado especial
CIE1015,Español Semestral,10,espanol semestral
CIE1016,Español Intensivo Avanz Especial,10,espanol intensivo avanz especial
CIE1017,Español Semestral (CIE1017),8,espanol semestral (cie1017)
CIE1018,Español Intensivo Basico (CIE1018),3,espanol intensivo basico (cie1018)
CIE1019,Español Intensivo Avanzado Especial (CIE1019),8,espanol intensivo avanzado especial (cie1019)
CIE1020,Español Intensivo Medio,3,espanol intensivo medio
CIE1021,Español Intensivo Intermedio (CIE1021),3,espanol intensivo intermedio (cie1021)
CIE1025,Español Intensivo Avanzado (CIE1025),3,espanol intensivo avanzado (cie1025)
CIE1026,Español Intensivo Intermedio Avanzado (CIE1026),3,espanol intensivo intermedio avanzado (cie1026)
CIE1030,Español Intensivo Avanzado (CIE1030),3,espanol intensivo avanzado (cie1030)
CIE1035,Español Intensivo Avanzado Superior (CIE1035),3,espanol intensivo avanzado superior (cie1035)
CLG0000,Seminario College,10,seminario college
CLG0010,Artes y Humanidades Hoy,10,artes y humanidades hoy
CLG0020,Exploraciones en Ciencias Sociales,10,exploraciones en ciencias sociales
CLG0030,Exploraciones Interdisciplinarias en Las Ciencias Naturales y Matemáticas,10,exploraciones interdisciplinarias en las ciencias naturales y matematicas
CLG0040,Desarrollo y Gestión de Proyectos en Artes y Humanidades,10,desarrollo y gestion de proyectos en artes y humanidades
CLG0901,Taller de Iniciación,5,taller de iniciacion
COM001,Comunicación y Educación,10,comunicacion y educacion
COM0010,Entrevista en Medios,10,entrevista en medios
COM0011,Actualidad Económica (COM0011),10,actualidad economica (com0011)
COM0012,Periodismo y Globalización,10,periodismo y globalizacion
COM0013,Crítica Audiovisual,10,critica audiovisual
COM0014,Revista,10,revista
COM002E,La Comunicación al Servicio del Hombre,10,la comunicacion al servicio del hombre
COM003,Géneros de Ficción en Cine y Tv,10,generos de ficcion en cine y tv
COM004,Taller de Reportaje Fotografico,10,taller de reportaje fotografico
COM005,Opinión Pública,10,opinion publica
COM006,El Conflicto Arabe-Israeli: Dimensiones Histórico-Políticas y Estrategicas,10,el conflicto arabe-israeli: dimensiones historico-politicas y estrategicas
COM007,Taller de Producción Periodística para Televisión,10,taller de produccion periodistica para television
COM008,Periodismo de Espectaculos,10,periodismo de espectaculos
COM009,Políticas Públicas e Información,10,politicas publicas e informacion
COM010,Introducción a la Narración,10,introduccion a la narracion
COM014,Gestión de Crisis Comunicacionales,10,gestion de crisis comunicacionales
COM015,Taller de Fotografía Periodística,10,taller de fotografia periodistica
COM016,Taller de Revista,10,taller de revista
COM017,Taller de Convergencia,10,taller de convergencia
COM018,Taller de Edición en Prensa Escrita,10,taller de edicion en prensa escrita
COM019,Taller de Infografía Periodística,10,taller de infografia periodistica
COM019P,Ética Periodística,10,etica periodistica
COM020,Taller de Edición Periodística en Radio,10,taller de edicion periodistica en radio
COM021,Taller Aplicado en Radiodifusión,10,taller aplicado en radiodifusion
COM022,"Deporte, Comunicación y Sociedad",10,"deporte, comunicacion y sociedad"
COM023,Taller de Edición en Periodismo Televisivo,10,taller de edicion en periodismo televisivo
COM024,Multimedia Journalism Workshop,10,multimedia journalism workshop
COM026,Análisis de Crisis Comunicacionales,10,analisis de crisis comunicacionales
COM027,Información y Pobreza,10,informacion y pobreza
COM028,Dirección Estrategica de las Comunicaciones,10,direccion estrategica de las comunicaciones
COM029,Taller de Convergencia Medial,10,taller de convergencia medial
COM030,Historia de la Iglesia y Desafíos Contemporáneos,10,historia de la iglesia y desafios contemporaneos
COM031,Taller de Crónica,10,taller de cronica
COM032,Periodismo en Medios Sociales,10,periodismo en medios sociales
COM033,Taller de Periodismo en Redes,10,taller de periodismo en redes
COM034,Periodismo Político y Elecciones,10,periodismo politico y elecciones
COM035,Taller de Proyectos Multimediales,10,taller de proyectos multimediales
COM036,Introducción a los Medios y El Periodismo,10,introduccion a los medios y el periodismo
COM037,Periodismo Deportivo,10,periodismo deportivo
COM038,Taller de Gestión de Proyectos Periodisticos,10,taller de gestion de proyectos periodisticos
COM039,Reporteo en Economía y Negocios,10,reporteo en economia y negocios
COM040,Industria Editorial para Escritores,10,industria editorial para escritores
COM041,Comunicar la Ciencia,10,comunicar la ciencia
COM042,"Desinformación, Noticias Falsas y Sociedad",10,"desinformacion, noticias falsas y sociedad"
COM043,Periodismo de Datos,10,periodismo de datos
COM044,Taller de Producción de Podcasts,10,taller de produccion de podcasts
COM045,Genero y Cultura Urbana,10,genero y cultura urbana
COM046,Periodismo Global y Corresponsalia,10,periodismo global y corresponsalia
COM047,Periodismo y Política,10,periodismo y politica
COM048,Taller de Herramientas de Reporteo,10,taller de herramientas de reporteo
COM049,Emprendimiento Periodístico,10,emprendimiento periodistico
COM051,Comunicación e Inteligencia Artificial: Ética y Pensamiento Crítico,10,comunicacion e inteligencia artificial: etica y pensamiento critico
COM100,Desafíos de la Comunicación,10,desafios de la comunicacion
COM1000,Práctica Interna (20 Hrs),0,practica interna (20 hrs)
COM101,Test de Actualidad I A,0,test de actualidad 1 a
COM102,Test de Actualidad I B,0,test de actualidad 1 b
COM103,Test de Actualidad II A,0,test de actualidad 2 a
COM104,Test de Actualidad II B,0,test de actualidad 2 b
COM105,Test de Actualidad III A,0,test de actualidad 3 a
COM106,Test de Actualidad III B,0,test de actualidad 3 b
COM107,Test de Actualidad IV A,0,test de actualidad 4 a
COM108,Test de Actualidad IV B,0,test de actualidad 4 b
COM109,Historia de la Comunicación Social,10,historia de la comunicacion social
COM110,Teoría de la Comunicación Social,10,teoria de la comunicacion social
COM111,Oratoria,10,oratoria
COM112,Introducción a la Narración (COM112),10,introduccion a la narracion (com112)
COM113,Tecnologías de la Comunicación,10,tecnologias de la comunicacion
COM114,Metodología de la Investigación en Comunicación Social,10,metodologia de la investigacion en comunicacion social
COM115,Lenguaje Visual,10,lenguaje visual
COM116,Audiencias,10,audiencias
COM117,Narración Interactiva,10,narracion interactiva
COM118,Ética,10,etica
COM119,Política y Gestión de Medios,10,politica y gestion de medios
COM120,Narración de No Ficción,10,narracion de no ficcion
COM121,Semiología,10,semiologia
COM122,Narración de Ficción,10,narracion de ficcion
COM150,Laboratorio Agencia de Publicidad,10,laboratorio agencia de publicidad
COM151,Laboratorio de Distribución y Comercialización Audiovisual,10,laboratorio de distribucion y comercializacion audiovisual
COM152,Laboratorio de Creación Audiovisual,10,laboratorio de creacion audiovisual
COM153,Laboratorio de Producción Ejecutiva,10,laboratorio de produccion ejecutiva
COM154,Laboratorio de Emprendimiento y Nuevos Medios,10,laboratorio de emprendimiento y nuevos medios
COM155,Laboratorio de Escucha,10,laboratorio de escucha
COM156,Laboratorio de Distribución Audiovisual,10,laboratorio de distribucion audiovisual
COM200,Ética de las Comunicaciones,10,etica de las comunicaciones
COM200P,Creación de Proyectos de Comunicación,10,creacion de proyectos de comunicacion
COM201,Narración Escrita de No Ficción,10,narracion escrita de no ficcion
COM202,Narración Sonora de No Ficción,10,narracion sonora de no ficcion
COM203,Narración Audiovisual de No Ficción,10,narracion audiovisual de no ficcion
COM204,Teoría de la Noticia,10,teoria de la noticia
COM205,Teoría Democrática,10,teoria democratica
COM206,Taller de Periodismo en Prensa,10,taller de periodismo en prensa
COM207,Teoría Económica,10,teoria economica
COM208,Narración Gráfica de No Ficción,10,narracion grafica de no ficcion
COM209,Taller de Periodismo Radial,10,taller de periodismo radial
COM210,Información de la Actualidad,10,informacion de la actualidad
COM211,Taller de Periodismo Televisivo,10,taller de periodismo televisivo
COM212,Análisis de Periodismo Comparado,10,analisis de periodismo comparado
COM214,Análisis de la Actualidad Nacional,10,analisis de la actualidad nacional
COM215,Análisis de la Actualidad Internacional,10,analisis de la actualidad internacional
COM217,Narración Radial de No Ficción,10,narracion radial de no ficcion
COM308,Dirección Estrategica de las Comunicaciones (COM308),10,direccion estrategica de las comunicaciones (com308)
COM3081,Comunicación con Proposito: Creación y Gestión de Campañas de Salud Mental,10,comunicacion con proposito: creacion y gestion de campanas de salud mental
COM400,Consumo y Tendencias Sociales,10,consumo y tendencias sociales
COM401,Marketing,10,marketing
COM402,Comportamiento del Consumidor,10,comportamiento del consumidor
COM403,Comunicación y Persuasión,10,comunicacion y persuasion
COM404,Introducción a la Publicidad,10,introduccion a la publicidad
COM405,Marcas,10,marcas
COM406,Narración Publicitaria,10,narracion publicitaria
COM407,Teoría de las Organizaciones y Comunicación,10,teoria de las organizaciones y comunicacion
COM408,Planificación y Difusión Publicitaria,10,planificacion y difusion publicitaria
COM409,Gestión Integrada de Comunicaciones,10,gestion integrada de comunicaciones
COM410,Taller Investigación Aplicada a la Publicidad,10,taller investigacion aplicada a la publicidad
COM411,Taller Soluciones Publicitarias,10,taller soluciones publicitarias
COM412,Taller de Realización Publicitaria,10,taller de realizacion publicitaria
COM413,Taller de Comunicación Digital,10,taller de comunicacion digital
COM414,Taller de Propuestas Integradas de Comunicación,10,taller de propuestas integradas de comunicacion
COM415,Comunicaciones Integradas de Marketing,10,comunicaciones integradas de marketing
COM416,Dirección y Conceptualización Visual Publicitaria,10,direccion y conceptualizacion visual publicitaria
COM500,Publicidad Comparada,10,publicidad comparada
COM501,Publicidad Social,10,publicidad social
COM502,Marketing de Experiencias,10,marketing de experiencias
COM503,Fotografía y Sugestion en la Publicidad,10,fotografia y sugestion en la publicidad
COM504,Taller de Creatividad Publicitaria,10,taller de creatividad publicitaria
COM505,Marketing Político,10,marketing politico
COM506,Taller de Redacción Publicitaria,10,taller de redaccion publicitaria
COM507,Relato Publicitario,10,relato publicitario
COM508,Marketing Social y Campañas,10,marketing social y campanas
COM509,Observatorio de Publicidad,10,observatorio de publicidad
COM510,Taller de Contenidos para Ecosistemas de Marketing Digital,10,taller de contenidos para ecosistemas de marketing digital
COM511,Comunicación Externa para Influir en el Entorno,10,comunicacion externa para influir en el entorno
COM512,Comunicación Mediática y Salud Mental,10,comunicacion mediatica y salud mental
COM531,"Crisis, Conflictos y Reputación",10,"crisis, conflictos y reputacion"
COM600,Montaje,10,montaje
COM601,Dirección de Fotografía,10,direccion de fotografia
COM602,Taller de Sonido,10,taller de sonido
COM603,Teoría y Crítica de la Imagen Fija,10,teoria y critica de la imagen fija
COM604,Análisis y Creación de Escena,10,analisis y creacion de escena
COM605,Taller de Animación,10,taller de animacion
COM606,Dirección de Actores,10,direccion de actores
COM607,Creación de Formatos Televisivos,10,creacion de formatos televisivos
COM608,Géneros de Ficción en Cine,10,generos de ficcion en cine
COM609,Industria Audiovisual,10,industria audiovisual
COM610,Taller de Videoclips,10,taller de videoclips
COM611,Géneros de Ficción en Televisión,10,generos de ficcion en television
COM612,Taller de Audiovisual para Multiplataforma,10,taller de audiovisual para multiplataforma
COM613,Guión de Ficción para Tv,10,guion de ficcion para tv
COM614,Fundamentos de la Publicidad,10,fundamentos de la publicidad
COM615,Taller de Producciones Audiovisuales,10,taller de producciones audiovisuales
COM616,Lenguaje del Documental,10,lenguaje del documental
COM617,Lenguaje del Video Juego,10,lenguaje del video juego
COM618,Metodologías de la Creatividad y la Innovación,10,metodologias de la creatividad y la innovacion
COM619,Taller de Producción Creativa,10,taller de produccion creativa
COM620,Emprendimiento en el Sector Audiovisual,10,emprendimiento en el sector audiovisual
COM621,Taller Integrado de Realización en Tv,10,taller integrado de realizacion en tv
COM622,Computer Mediated Communication and Society,10,computer mediated communication and society
COM623,Taller de Televisión Interactiva,10,taller de television interactiva
COM624,Taller de Montaje Avanzado,10,taller de montaje avanzado
COM625,Taller de Narración Transmedia,10,taller de narracion transmedia
COM626,Los Directores qué Abrieron Paso al Cine Moderno,10,los directores que abrieron paso al cine moderno
COM627,Claves del Cine Contemporáneo,10,claves del cine contemporaneo
COM628,Cine Clásico,10,cine clasico
COM629,Taller de Desarrollo de Ideas Cinematograficas,5,taller de desarrollo de ideas cinematograficas
COM630,Principios Sonoros en el Audiovisual,5,principios sonoros en el audiovisual
COM631,Taller de Adaptación para Guión,10,taller de adaptacion para guion
COM632,Escena y Diálogo,10,escena y dialogo
COM633,Cine Chileno y Latinoamericano Contemporáneo,10,cine chileno y latinoamericano contemporaneo
COM634,Diseño de Producción y Dirección de Arte,10,diseno de produccion y direccion de arte
COM700,Test de Cultura Audiovisual I,0,test de cultura audiovisual 1
COM700A,Composición Gráfica para Audiovisual,10,composicion grafica para audiovisual
COM701,Test de Cultura Audiovisual II,0,test de cultura audiovisual 2
COM702,Test de Cultura Audiovisual III,0,test de cultura audiovisual 3
COM703,Test de Cultura Audiovisual IV,0,test de cultura audiovisual 4
COM704,Seminario de Cine,10,seminario de cine
COM705,Espectáculo Audiovisual,10,espectaculo audiovisual
COM706,Herramientas de Gestión Audiovisual,10,herramientas de gestion audiovisual
COM708,Fundamentos Dramáticos de Lo Audiovisual,10,fundamentos dramaticos de lo audiovisual
COM709,Generación y Desarrollo de Proyectos Audiovisuales,10,generacion y desarrollo de proyectos audiovisuales
COM710,Taller de Televisión,10,taller de television
COM711,Seminario de Televisión,10,seminario de television
COM712,Géneros y Formatos del Guión Audiovisual,10,generos y formatos del guion audiovisual
COM713,Taller de Documental,10,taller de documental
COM714,Seminario de Nuevas Tendencias Audiovisuales,10,seminario de nuevas tendencias audiovisuales
COM715,Escritura del Relato Audiovisual,10,escritura del relato audiovisual
COM716,Taller de Ficción,10,taller de ficcion
COM718,Taller de Lenguaje Audiovisual,10,taller de lenguaje audiovisual
COM719,Taller de Realización Audiovisual,10,taller de realizacion audiovisual
COM720,Seminario de Documental,10,seminario de documental
COM721,Taller Avanzado de Realización,10,taller avanzado de realizacion
COM791,Práctica Profesional II,0,practica profesional 2
COM800,Taller de Postulación a Fondos Concursables,5,taller de postulacion a fondos concursables
COM801,Distribución y Marketing Audiovisual,5,distribucion y marketing audiovisual
COM802,Introducción a las Industrias Creativas,10,introduccion a las industrias creativas
COM803,Comunicación Política,10,comunicacion politica
COM804,Gestión de Tecnologías en el Area Laboral para Millennials,10,gestion de tecnologias en el area laboral para millennials
COM805,Taller de Emprendimiento en Comunicaciones,10,taller de emprendimiento en comunicaciones
COM806,Música Aplicada a Relatos Audiovisuales,5,musica aplicada a relatos audiovisuales
COM807,Introducción a Audiovisual TV y Niños,10,introduccion a audiovisual tv y ninos
COM808,Audiovisual: Niños de Educación Básica,10,audiovisual: ninos de educacion basica
COM809,Taller de Infografía,10,taller de infografia
COM810,Observación del Entorno,10,observacion del entorno
COM812,Ecología de las Imagenes,10,ecologia de las imagenes
COM813,Taller de Narración e Industria de Esports o Deportes Electronicos,10,taller de narracion e industria de esports o deportes electronicos
COM814,Cine Queer,10,cine queer
COM815,Comunicación y Genero,10,comunicacion y genero
COM816,Desinformación y Verificación de Datos,10,desinformacion y verificacion de datos
COM817,Diseño de experiencias como Herramienta Estrategica de Comunicación,10,diseno de experiencias como herramienta estrategica de comunicacion
COM818,Investigación en Pregrado UC Propone Comunicaciones,10,investigacion en pregrado uc propone comunicaciones
COM819,Taller de Prototipos Mediales,10,taller de prototipos mediales
COM820,Investigación Medial Expandida,10,investigacion medial expandida
COM821,"Comunicación, Educación y Cultura para el Cambio Social",10,"comunicacion, educacion y cultura para el cambio social"
COM823,Periodismo y Medio Ambiente,10,periodismo y medio ambiente
COM824,Nuevas Narrativas y Audiencias Digitales,10,nuevas narrativas y audiencias digitales
COM825,Periodismo en Redes Sociales,10,periodismo en redes sociales
COM900,Convenio Duoc UC-Comunicaciones,10,convenio duoc uc-comunicaciones
COM901,Convenio Duoc UC-Comunicaciones (COM901),5,convenio duoc uc-comunicaciones (com901)
COM902,Análisis del Discurso Mediatico,10,analisis del discurso mediatico
COM903,"Desinformación, Noticias Falsas y Sociedad (COM903)",10,"desinformacion, noticias falsas y sociedad (com903)"
COM904,"Genero, Comunicación y Sociedad",10,"genero, comunicacion y sociedad"
COM905,Competencias Comunicativas para el Siglo XXI,10,competencias comunicativas para el siglo xxi
COM906,Narración Transmedia Digital e Interactiva: Impactando a la Industria Creativa y de Medios,10,narracion transmedia digital e interactiva: impactando a la industria creativa y de medios
COM907,Comunicar a Personas Conectadas,10,comunicar a personas conectadas
COM909,"Kitmovil: Tu Celular, Tu Estudio Multimedia",10,"kitmovil: tu celular, tu estudio multimedia"
COM910,Podcast para la Difusión de Ideas,10,podcast para la difusion de ideas
COM911,UC Propone: Investigación Aplicada en Ciencias Sociales,10,uc propone: investigacion aplicada en ciencias sociales
CSS001,UC Propone: Investigación Aplicada en Ciencias de la Salud,10,uc propone: investigacion aplicada en ciencias de la salud
CSS002,UC Propone: Investigación Aplicada en Ciencias y Tecnología,10,uc propone: investigacion aplicada en ciencias y tecnologia
CSS101,Cuidados Básicos en Salud en Situaciones de Pandemia,10,cuidados basicos en salud en situaciones de pandemia
CSS300,Investigación Aplicada en Ciencias de la Salud,5,investigacion aplicada en ciencias de la salud
CSS301A,Análisis del Movimiento Ocupacional,10,analisis del movimiento ocupacional
CSS302A,Neurociencias Aplicadas a Ciencias de la Salud,5,neurociencias aplicadas a ciencias de la salud
CSS401A,Patologías del Sistema Musculoesqueletico,10,patologias del sistema musculoesqueletico
CTE0020,Ct Formación Teológica,10,ct formacion teologica
DCR1140,Psicología Criminal I,6,psicologia criminal 1
DEC116A,Derecho Civil III,10,derecho civil 3
DEC116B,Derecho Civil III (DEC116B),10,derecho civil 3 (dec116b)
DEC212,Derecho de Minería,8,derecho de mineria
DEC242,Teoría del Acto Jurídico y Teoría de la Ley,10,teoria del acto juridico y teoria de la ley
DEC243,Bienes,10,bienes
DEC244,Obligaciones,10,obligaciones
DEC245,Fuentes de las Obligaciones,10,fuentes de las obligaciones
DEC246,Personas Naturales y Jurídicas,10,personas naturales y juridicas
DEC247,Derecho de Familia,10,derecho de familia
DEC248,Derecho Sucesorio,10,derecho sucesorio
DEC249,Actos Juridicos,10,actos juridicos
DEC250,Derecho Canónico,10,derecho canonico
DEC252,Derecho de Menores,10,derecho de menores
DEC254,Análisis Económico del Derecho,10,analisis economico del derecho
DEC255,Persona Jurídicas: Su Problemática Actual y Su Incidencia en Materia de Sociedades,10,persona juridicas: su problematica actual y su incidencia en materia de sociedades
DEC257,Responsabilidad Contractual,10,responsabilidad contractual
DEC258,Regimen Jurídico de la Propiedad Urbana y Rural,10,regimen juridico de la propiedad urbana y rural
DEC260,Derecho de Aguas (DEC260),10,derecho de aguas (dec260)
DEC261,Análisis Económico del Derecho II,10,analisis economico del derecho 2
DEC262,Derecho Inmobiliario,10,derecho inmobiliario
DEC264,Derecho de Minería (DEC264),10,derecho de mineria (dec264)
DEC265,Responsabilidad Extracontractual,10,responsabilidad extracontractual
DEC266,Fuentes de las Obligaciones I,10,fuentes de las obligaciones 1
DEC268,Derecho Internacional Privado,5,derecho internacional privado
DEC269,Fuentes de las Obligaciones II,5,fuentes de las obligaciones 2
DEC270,Instituciones Fundamentales de Derecho Civil,10,instituciones fundamentales de derecho civil
DEC271,Familia y Vida,10,familia y vida
DEC272,La Persona y Su Relación Con el Patrimonio,10,la persona y su relacion con el patrimonio
DEC273,"Integración, Interpretación y Cumplimiento del Contrato",10,"integracion, interpretacion y cumplimiento del contrato"
DEC274,Derecho del Consumidor,10,derecho del consumidor
DEC275,La Reparación del Daño,10,la reparacion del dano
DED252,Preparación de Trabajos de Investigación,0,preparacion de trabajos de investigacion
DED253,Entrega Monografía,0,entrega monografia
DEE149A,Derecho Tributario,8,derecho tributario
DEE149B,Derecho Tributario (DEE149B),8,derecho tributario (dee149b)
DEE211,"Derecho, Economía y Mercado I",10,"derecho, economia y mercado 1"
DEE212,"Derecho, Economía y Mercado II",10,"derecho, economia y mercado 2"
DEE213,Derecho Tributario I,10,derecho tributario 1
DEE214,Derecho Tributario II,10,derecho tributario 2
DEE215,Planificación Tributaria,10,planificacion tributaria
DEE216,Tributación Rentas del Trabajo,10,tributacion rentas del trabajo
DEE217,Introducción a la Tributación Internacional,10,introduccion a la tributacion internacional
DEE219,Contabilidad Jurídica de la Empresa,10,contabilidad juridica de la empresa
DEE220,Tributación Internacional,10,tributacion internacional
DEF160A,Derecho Romano,8,derecho romano
DEF160B,Derecho Romano (DEF160B),8,derecho romano (def160b)
DEF279,Fgs Pensadores del Siglo Xx-I,10,fgs pensadores del siglo xx-i
DEF282,Pensadores del Siglo XX - I,10,pensadores del siglo xx - 1
DEF282A,FGS Pensadores del Siglo XX - II,10,fgs pensadores del siglo xx - 2
DEF283,Derecho Natural,8,derecho natural
DEF284A,Teoría del Derecho,8,teoria del derecho
DEF307,Grandes Corrientes de la Cultura Occidental,10,grandes corrientes de la cultura occidental
DEF308,Fgs Liderazgo en Acción,10,fgs liderazgo en accion
DEF311,Historia del Derecho I,10,historia del derecho 1
DEF312,Historia del Derecho II,10,historia del derecho 2
DEF313,Fundamentos Filosóficos del Derecho,10,fundamentos filosoficos del derecho
DEF316,Derechos Humanos y Conflictos Morales,10,derechos humanos y conflictos morales
DEF317,Utopias Ante el Derecho,10,utopias ante el derecho
DEF318,Chile: Derecho y Conflictos,10,chile: derecho y conflictos
DEF319,Latín-Derecho,10,latin-derecho
DEF320,"Familia y Matrimonio: Magisterio Eclesiastico, Jurisprudencia y Procedimientos",10,"familia y matrimonio: magisterio eclesiastico, jurisprudencia y procedimientos"
DEF321,Delitos en la Iglesia: ñCastigo o Impunidadñ,10,delitos en la iglesia: ncastigo o impunidadn
DEF323,Textos Juridicos Medievales,10,textos juridicos medievales
DEF324,El Tratado de la Ley,10,el tratado de la ley
DEF325,El Sistema Romano de la Posesión,10,el sistema romano de la posesion
DEF326,Teoría del Derecho (DEF326),10,teoria del derecho (def326)
DEF327,Pensadores del Siglo XX - II,10,pensadores del siglo xx - 2
DEF328,La Dignidad Humana y el Derecho a la Vida en el Debate Jurídico Contemporáneo,10,la dignidad humana y el derecho a la vida en el debate juridico contemporaneo
DEF329,FGS Pensadores del Siglo XX - II (DEF329),10,fgs pensadores del siglo xx - 2 (def329)
DEF330,Retorica y Debate,10,retorica y debate
DEF331,Derecho Romano I,10,derecho romano 1
DEF332,Derecho Romano II,10,derecho romano 2
DEF333,Libertad Religiosa en Derecho Comparado,10,libertad religiosa en derecho comparado
DEF334,Derecho Romano (DEF334),10,derecho romano (def334)
DEF335,Introducción a los Derechos Humanos,10,introduccion a los derechos humanos
DEF336,Antecedentes Historicos de la Constitución de 1980 en el Ambito Político y Jurídico,10,antecedentes historicos de la constitucion de 1980 en el ambito politico y juridico
DEF337,Derecho y Moral: Teorías Contemporaneas,10,derecho y moral: teorias contemporaneas
DEF340,Derechos del Hombre en el Legado de Juan Pablo II,10,derechos del hombre en el legado de juan pablo 2
DEF341,Familia y Sociedad,10,familia y sociedad
DEF342,Fuentes del Derecho Romano,10,fuentes del derecho romano
DEF343,El Derecho Ante la Utopia y la Libertad,10,el derecho ante la utopia y la libertad
DEF344,Derecho y Religión,10,derecho y religion
DEF345,Justicia y Doctrina Social de la Iglesia,10,justicia y doctrina social de la iglesia
DEF346,Filosofía Jurídica Contemporánea,10,filosofia juridica contemporanea
DEF347,Evolución de los Derechos Reales y Sucesión por Causa de Muerte en el Derecho Romano,10,evolucion de los derechos reales y sucesion por causa de muerte en el derecho romano
DEF348,Latín Derecho II,10,latin derecho 2
DEF349,La Dignidad Humana y los Derechos Humanos,10,la dignidad humana y los derechos humanos
DEF350,El Derecho Romano Desde la Casuística,10,el derecho romano desde la casuistica
DEF351,El Estatuto Político del Derecho,10,el estatuto politico del derecho
DEF352,Moral y Derecho en Kant,10,moral y derecho en kant
DEF353,"Controversias Eticas, Políticas y Jurídicas Contemporaneas a la Luz de la Ley Natural",10,"controversias eticas, politicas y juridicas contemporaneas a la luz de la ley natural"
DEF354,"Política y Derecho Durante la Unidad Popular, 1970-1973",10,"politica y derecho durante la unidad popular, 1970-1973"
DEG001,Seminario de Contratación Internacional,10,seminario de contratacion internacional
DEG003,International Contract,10,international contract
DEG004,Corporate Law,10,corporate law
DEG005,American Civil Procedure,10,american civil procedure
DEG006,International Investment Law,10,international investment law
DEG007,Introduction to the Law of the United States of América,10,introduction to the law of the united states of america
DEG008,United States Legal Research y Writing,10,united states legal research y writing
DEG009,International Law of Natural Resources and the Environment,10,international law of natural resources and the environment
DEG010,Trade With Asia: Law and Policy,10,trade with asia: law and policy
DEG011,"Legal Economic Analysis of Regulation: Free Marrkets, the Regulatory State,Welfare and Development",10,"legal economic analysis of regulation: free marrkets, the regulatory state,welfare and development"
DEG012,International Energy Law and Contracting,10,international energy law and contracting
DEG013,Introduction to the Common Law of Contracts,10,introduction to the common law of contracts
DEG014,Quantitative Methods: Finance,10,quantitative methods: finance
DEG015,"Trade, Economy and Current Issues",10,"trade, economy and current issues"
DEG016,Human Rights New Approaches,10,human rights new approaches
DEG017,Global Corporate Governance and Business Strategy,10,global corporate governance and business strategy
DEG018,Corporate Leading Cases and Their Impact on Regulation,10,corporate leading cases and their impact on regulation
DEG019,Law and Development from the Perspectives of Legal Economic Analysis and Behavioral Economics,10,law and development from the perspectives of legal economic analysis and behavioral economics
DEG020,American Constitutional and Regulatory Law,10,american constitutional and regulatory law
DEG021,Intellectual Property & Current Trends in the Digital Era,10,intellectual property & current trends in the digital era
DEG023,Intellectual Property & Advertising Law,10,intellectual property & advertising law
DEG024,Current Issues of International Business Law,10,current issues of international business law
DEI155,Derecho Internacional Público,8,derecho internacional publico
DEI235,Regulación Jurídica del Comercio Internacional,10,regulacion juridica del comercio internacional
DEI236,El Derecho de la Integración y Su Relación Con Chile,10,el derecho de la integracion y su relacion con chile
DEI237,Derecho Internacional de la Guerra Tras el 11/09/01 y la Guerra de Irak,10,derecho internacional de la guerra tras el 11/09/01 y la guerra de irak
DEI238,Instituciones de la Union Europea,10,instituciones de la union europea
DEI239,Derecho de la Union Europea,10,derecho de la union europea
DEI242,Introducción al Derecho Asiatico,10,introduccion al derecho asiatico
DEI243,Responsabilidad Internacional del Estado,10,responsabilidad internacional del estado
DEI244,Derecho Internacional,10,derecho internacional
DEI247,Inversión Extranjera,10,inversion extranjera
DEI248,Derecho Penal Internacional,10,derecho penal internacional
DEI249,Controversias Fronterizas de Chile,10,controversias fronterizas de chile
DEI250,Introducción al Derecho Comparado,10,introduccion al derecho comparado
DEL101A,Derecho Constitucional,10,derecho constitucional
DEL101B,Derecho Constitucional (DEL101B),10,derecho constitucional (del101b)
DEL104A,Derecho Administrativo,8,derecho administrativo
DEL104B,Derecho Administrativo (DEL104B),8,derecho administrativo (del104b)
DEL126M,Partidos y Sistema Electoral,6,partidos y sistema electoral
DEL131M,Temas Constitucionales de Actualidad en Chile,4,temas constitucionales de actualidad en chile
DEL146M,Instrumentos Juridicos y Economicos de Protección Ambiental,6,instrumentos juridicos y economicos de proteccion ambiental
DEL254A,Derecho Político II,6,derecho politico 2
DEL264,Derecho y Bioética,10,derecho y bioetica
DEL265,Instituciones del Estado de Derecho Contemporáneo,10,instituciones del estado de derecho contemporaneo
DEL266,Instituciones Políticas Chilenas,10,instituciones politicas chilenas
DEL267,"Derechos, Deberes y Garantías Fundamentales",10,"derechos, deberes y garantias fundamentales"
DEL268,Derecho Administrativo I,10,derecho administrativo 1
DEL269,Derecho Administrativo II,10,derecho administrativo 2
DEL270,Pensamiento Político I,10,pensamiento politico 1
DEL273,Interpretación y Justicia Constitucional,10,interpretacion y justicia constitucional
DEL276,Recurso de Amparo Económico,10,recurso de amparo economico
DEL277,Legislación Indígena y Políticas Públicas,10,legislacion indigena y politicas publicas
DEL278,Reformas Constitucionales,10,reformas constitucionales
DEL280,Derecho Municipal: Sus Temas Principales,10,derecho municipal: sus temas principales
DEL281,Derecho Administrativo Económico,10,derecho administrativo economico
DEL303,Garantías Fundamentales y Medios de Comunicación,10,garantias fundamentales y medios de comunicacion
DEL304,Acciones y Recursos Constitucionales,10,acciones y recursos constitucionales
DEL305,Regulación Administrativa de la Actividad Empresarial,10,regulacion administrativa de la actividad empresarial
DEL306,Derecho Ambiental,10,derecho ambiental
DEL307,Derecho de la Comunicación,10,derecho de la comunicacion
DEL308,Derecho de los Recursos Naturales,10,derecho de los recursos naturales
DEL309,Bioética y Persona,10,bioetica y persona
DEL310,"Libertad, Justicia y Orden en el Constitucionalismo",10,"libertad, justicia y orden en el constitucionalismo"
DEL312,Regulación de Mercados,10,regulacion de mercados
DEL313,Formación de la Ley y Tecnica Legislativa,10,formacion de la ley y tecnica legislativa
DEL314,Derecho Administrativo Sancionatorio,10,derecho administrativo sancionatorio
DEL315,Derecho de Aguas: Jurisprudencia y Practicas Actuales,10,derecho de aguas: jurisprudencia y practicas actuales
DEL316,Derecho de las Migraciones,10,derecho de las migraciones
DEL317,Interpretación Judicial y Derechos Fundamentales,10,interpretacion judicial y derechos fundamentales
DEM119E,Derecho Comercial III,10,derecho comercial 3
DEM119F,Derecho Comercial III (DEM119F),10,derecho comercial 3 (dem119f)
DEM266,Nuevos Temas en la Sociedad Anonima,10,nuevos temas en la sociedad anonima
DEM269,"Comercio, Empresa y Derecho",10,"comercio, empresa y derecho"
DEM270,Sociedades y Asociaciones,10,sociedades y asociaciones
DEM271,Dinero y Sistema Financiero,10,dinero y sistema financiero
DEM272,Contratación Mercantil,10,contratacion mercantil
DEM273,Garantías y Quiebra,10,garantias y quiebra
DEM275,Derecho de Libre Competencia,10,derecho de libre competencia
DEM276,Introducción al Derecho de Propiedad Intelectual,10,introduccion al derecho de propiedad intelectual
DEM277,Derecho del Mercado de Valores,10,derecho del mercado de valores
DEM279,Conflictos de Intereses en la Sociedad Anonima,10,conflictos de intereses en la sociedad anonima
DEM280,Financiamiento de la Empresa y Mercado de Valores,10,financiamiento de la empresa y mercado de valores
DEM282,Negociación y Mediación,10,negociacion y mediacion
DEM283,La Libre Competencia en el Derecho Comparado,10,la libre competencia en el derecho comparado
DEM284,Sociedad Anonima: Capital y Acciones,10,sociedad anonima: capital y acciones
DEM285,Derecho Bancario Avanzado,10,derecho bancario avanzado
DEM286,Regulación Jurídica del Comercio Internacional (DEM286),10,regulacion juridica del comercio internacional (dem286)
DEM288,Derecho Societario: Reestructuración y Adquisición de Empresas,10,derecho societario: reestructuracion y adquisicion de empresas
DEM289,Regulación y Competencia,10,regulacion y competencia
DEM290,Sociedades Anonimas Especiales,10,sociedades anonimas especiales
DEM291,Derecho y Regulación de Seguros,10,derecho y regulacion de seguros
DEM292,Protección y Financiamiento de la Innovación,10,proteccion y financiamiento de la innovacion
DEM293,Protecc. de los Dñ de los Consum. y Acciones en Defensa de Intereses Individ. y Colec.,10,protecc. de los dn de los consum. y acciones en defensa de intereses individ. y colec.
DEM294,Derecho de las Telecomunicaciones,10,derecho de las telecomunicaciones
DEM295,Garantías y Derecho Concursal,10,garantias y derecho concursal
DEM296,Aspectos Teoricos y Prácticos de la Adquisición de Empresas,10,aspectos teoricos y practicos de la adquisicion de empresas
DEM297,"Sostenibilidad Corporativa, Desafíos de la Empresa Moderna",10,"sostenibilidad corporativa, desafios de la empresa moderna"
DEM298,Propiedad Intelectual y Transferencia Tecnologica,5,propiedad intelectual y transferencia tecnologica
DEP128A,Derecho Penal I,10,derecho penal 1
DEP128B,Derecho Penal I (DEP128B),10,derecho penal 1 (dep128b)
DEP129,Derecho Penal II,10,derecho penal 2
DEP129A,Derecho Penal II (DEP129A),10,derecho penal 2 (dep129a)
DEP259,Fgs Conductas Delictivas Habituales,5,fgs conductas delictivas habituales
DEP274,Ley Penal y Teoría del Delito,10,ley penal y teoria del delito
DEP275,Teoría de la Pena y Participación Penal,10,teoria de la pena y participacion penal
DEP276,Derecho Penal Parte Especial,10,derecho penal parte especial
DEP277,Tentativa y Forma de Autoria,10,tentativa y forma de autoria
DEP278,El Delito de Omisión,10,el delito de omision
DEP279,Los Delitos Funcionarios,10,los delitos funcionarios
DEP280,Delitos Sexuales,10,delitos sexuales
DEP281,"Orgs. Criminales y Asociación Ilicita: Aspectos Criminologicos, Penales y de Política Criminal",10,"orgs. criminales y asociacion ilicita: aspectos criminologicos, penales y de politica criminal"
DEP282,Derecho Penal Económico,10,derecho penal economico
DEP283,Medicina Legal,10,medicina legal
DEP284,Protección Penal del Honor y la Intimidad,10,proteccion penal del honor y la intimidad
DEP285,Delitos Informaticos: Análisis Criminologico y Penal,10,delitos informaticos: analisis criminologico y penal
DEP286,Causales de Justificación,10,causales de justificacion
DEP287,Causalidad e Imputación Objetiva,10,causalidad e imputacion objetiva
DEP288,Política Criminal y Derecho Penal,10,politica criminal y derecho penal
DEP289,Teoría de la Pena: Alternativas a la Prisión,10,teoria de la pena: alternativas a la prision
DEP290,El Derecho Penal en la Jurisprudencia: Estudio de Casos y Destrezas de Su Análisis Práctico,10,el derecho penal en la jurisprudencia: estudio de casos y destrezas de su analisis practico
DEP291,"Derecho Penal, Proceso Penal y Estado de Derecho",10,"derecho penal, proceso penal y estado de derecho"
DEP292,Autoria y Participación,10,autoria y participacion
DEP294,Problemas Actuales del Derecho Penal,10,problemas actuales del derecho penal
DEP295,Delitos Contra la Vida y la Integredad Corporal,10,delitos contra la vida y la integredad corporal
DEP296,Teoría del Delito I,10,teoria del delito 1
DEP297,Teoría del Delito II y Teoría de la Pena,10,teoria del delito 2 y teoria de la pena
DEP299,Terrorismo: Perspectiva Penal y Criminologica,10,terrorismo: perspectiva penal y criminologica
DEP300,Tráfico Ilicito de Drogas,10,trafico ilicito de drogas
DEP302,Responsabilidad Penal Juvenil,10,responsabilidad penal juvenil
DEP303,La Teoría de la Culpabilidad,10,la teoria de la culpabilidad
DEP304,Responsabilidad Penal por el Producto,10,responsabilidad penal por el producto
DEP305,Introducción al Derecho Penitenciario,10,introduccion al derecho penitenciario
DEP306,Derecho Penal de la Empresa,10,derecho penal de la empresa
DEP307,Derecho Penal y Psicología Jurídica,10,derecho penal y psicologia juridica
DEP308,Derecho Penal Administrativo,10,derecho penal administrativo
DEP309,Teoría de Sistemas y Derecho Penal,10,teoria de sistemas y derecho penal
DER001L,Instituciones del Estado de Derecho Chileno,10,instituciones del estado de derecho chileno
DER001P,Derecho Penal Parte General I,10,derecho penal parte general 1
DER001R,Instituciones Procesales I,10,instituciones procesales 1
DER001S,Derecho del Trabajo,10,derecho del trabajo
DER002C,Personas y Bienes,10,personas y bienes
DER002P,Derecho Penal Parte General II,10,derecho penal parte general 2
DER002R,Instituciones Procesales II,10,instituciones procesales 2
DER003F,Fundamentos Filosóficos del Derecho (DER003F),10,fundamentos filosoficos del derecho (der003f)
DER003L,Derechos Fundamentales y Derechos Humanos,10,derechos fundamentales y derechos humanos
DER003R,Procedimientos Civiles I,10,procedimientos civiles 1
DER004C,Fuentes de Obligaciones I,10,fuentes de obligaciones 1
DER004R,Procedimientos Civiles II,5,procedimientos civiles 2
DER005F,Historia del Derecho,10,historia del derecho
DER005R,Procedimientos Penales,10,procedimientos penales
DER006F,"Historia de las Instituciones Jurídicas, Políticas y Sociales Chilenas",10,"historia de las instituciones juridicas, politicas y sociales chilenas"
DER006L,Derecho Económico II,10,derecho economico 2
DER007F,Teoría y Fuentes del Derecho,5,teoria y fuentes del derecho
DER008C,El Comerciante y Bases de la Contratación Mercantil,10,el comerciante y bases de la contratacion mercantil
DER008F,Derecho Económico I,5,derecho economico 1
DER009C,Derecho de Sociedades,10,derecho de sociedades
DER009F,Derecho Político,5,derecho politico
DER010C,Financiamiento de la Empresa,10,financiamiento de la empresa
DER011C,Contratos Mercantiles y Concursos,10,contratos mercantiles y concursos
DER100H,Taller de Metodología de la Investigación,0,taller de metodologia de la investigacion
DER101E,Derechos Humanos y Dignidad de la Persona,10,derechos humanos y dignidad de la persona
DER102E,Sustentabilidad Corporativa y Relación con las Comunidades,10,sustentabilidad corporativa y relacion con las comunidades
DER103E,Familia y Sociedad (DER103E),10,familia y sociedad (der103e)
DER104E,Debates Constitucionales,10,debates constitucionales
DER105E,Protección de Datos Personales en la Sociedad de la Información,10,proteccion de datos personales en la sociedad de la informacion
DER106E,Esencia y Protección de los Derechos Humanos,10,esencia y proteccion de los derechos humanos
DER107E,"Aguas en Chile: Uso, Gestión y Conflictos",10,"aguas en chile: uso, gestion y conflictos"
DER108E,Comunidad Internacional: Organización y Desafíos,10,comunidad internacional: organizacion y desafios
DER109E,Todo lo qué Usted Siempre Quiso Saber para Actuar Conforme a la Ley y Nunca se Atrevio a Preguntar,10,todo lo que usted siempre quiso saber para actuar conforme a la ley y nunca se atrevio a preguntar
DER110E,"Razón y Fe, Unidad en la Verdad",10,"razon y fe, unidad en la verdad"
DER111E,Libertad de Expresión. Como Sacarle Partido al Derecho Fundante de la Vida Democrática,10,libertad de expresion. como sacarle partido al derecho fundante de la vida democratica
DER112E,El Arte de Negociar,10,el arte de negociar
DER113E,"Amor, Amistad y Bien Común",10,"amor, amistad y bien comun"
DER114E,El Derecho Mirandose al Espejo: Artes y Humanidades en la Tradición Occidental,10,el derecho mirandose al espejo: artes y humanidades en la tradicion occidental
DER115E,Cultura y Entretenimiento: Un Enfoque Jurídico,10,cultura y entretenimiento: un enfoque juridico
DER137B,Derecho Procesal II,10,derecho procesal 2
DER138A,Derecho Procesal III,10,derecho procesal 3
DER138B,Derecho Procesal III (DER138B),10,derecho procesal 3 (der138b)
DER200H,Entrega de Monografía,10,entrega de monografia
DER201H,Seminario de Investigación (Derecho Privado),10,seminario de investigacion (derecho privado)
DER202H,Seminario de Investigación (Derecho Público),10,seminario de investigacion (derecho publico)
DER203H,Seminario de Investigación (Derecho Procesal),10,seminario de investigacion (derecho procesal)
DER204H,Seminario de Investigación (Derecho Penal),10,seminario de investigacion (derecho penal)
DER205H,Seminario de Investigación (Derecho del Trabajo),10,seminario de investigacion (derecho del trabajo)
DER206H,Seminario de Investigación (Fundamentos del Derecho),10,seminario de investigacion (fundamentos del derecho)
DER207H,Seminario de Investigación (International and Comparative Law),10,seminario de investigacion (international and comparative law)
DER237,Jurisdicción y Competencia,10,jurisdiccion y competencia
DER238,Normas Comunes a Todo Procedimiento,10,normas comunes a todo procedimiento
DER239,Juicio Ordinario,10,juicio ordinario
DER242,Juicios de la Policia Local,10,juicios de la policia local
DER243,Nuevo Proceso Penal,10,nuevo proceso penal
DER244,Taller de Litigación Oral en Materia Penal,10,taller de litigacion oral en materia penal
DER245,Reformas Judicatura y Procedimiento Laboral,10,reformas judicatura y procedimiento laboral
DER246,Procedimientos Comunes,10,procedimientos comunes
DER247,Incidentes y Recursos,10,incidentes y recursos
DER248,Procedimiento Penal Antiguo,10,procedimiento penal antiguo
DER249,Nuevo Procedimiento de la Familia y Menores,10,nuevo procedimiento de la familia y menores
DER250,Jurisdicción y Competencia (DER250),10,jurisdiccion y competencia (der250)
DER251,Proceso y Procedimiento,10,proceso y procedimiento
DER252,Procedimientos Ordinarios de Cognición,10,procedimientos ordinarios de cognicion
DER253,Recursos y Ejecución,10,recursos y ejecucion
DER254,Derecho Procesal Penal,10,derecho procesal penal
DER255,"Nuevo Procedimiento de Familia, Niños y Adolescentes",10,"nuevo procedimiento de familia, ninos y adolescentes"
DER256,Procedimientos Tributarios,10,procedimientos tributarios
DER258,Arbitraje,10,arbitraje
DER259,Reforma Procesal Civil Chilena,10,reforma procesal civil chilena
DER260,Mediación,10,mediacion
DER261,Mediación y Negociación,10,mediacion y negociacion
DER262,La Nulidad Procesal Civil y Penal,10,la nulidad procesal civil y penal
DER263,Derecho Probatorio,10,derecho probatorio
DER264,Las Medidas Cautelares en el Proceso Penal,10,las medidas cautelares en el proceso penal
DER265,"El Tribunal Constitucional, Sus Procedimientos y Jurisprudencia Sobre Normas Procesales Penales",10,"el tribunal constitucional, sus procedimientos y jurisprudencia sobre normas procesales penales"
DER266,"La Nulidad Procesal Civil, Penal y de Derecho Público",10,"la nulidad procesal civil, penal y de derecho publico"
DER267,Negociación,10,negociacion
DER268,Taller de Litigación Civil,10,taller de litigacion civil
DER269,"Debido Proceso: Aplicación en Litigios Civiles, Arbitrales y de Libre Competencia",10,"debido proceso: aplicacion en litigios civiles, arbitrales y de libre competencia"
DER270,Mediación Civil y Comercial,10,mediacion civil y comercial
DER301H,Clínica Jurídica I (Derecho Privado Patrimonial),10,clinica juridica 1 (derecho privado patrimonial)
DER302H,Clínica Jurídica I (Derecho de Familia),10,clinica juridica 1 (derecho de familia)
DER303H,Clínica Jurídica I (Derecho Público),10,clinica juridica 1 (derecho publico)
DER304H,Clínica Jurídica I (Derecho Penal),10,clinica juridica 1 (derecho penal)
DER305H,Clínica Jurídica I (Microempresa),10,clinica juridica 1 (microempresa)
DER306H,Clínica Jurídica I (Derecho del Trabajo),10,clinica juridica 1 (derecho del trabajo)
DER401H,Clínica Jurídica II (Derecho Privado Patrimonial),10,clinica juridica 2 (derecho privado patrimonial)
DER402H,Clínica Jurídica II (Derecho de Familia),10,clinica juridica 2 (derecho de familia)
DER403H,Clínica Jurídica II (Derecho Público),10,clinica juridica 2 (derecho publico)
DER404H,Clínica Jurídica II (Derecho Penal),10,clinica juridica 2 (derecho penal)
DER405H,Clínica Jurídica II (Microempresa),10,clinica juridica 2 (microempresa)
DER406H,Clínica Jurídica II (Derecho del Trabajo),10,clinica juridica 2 (derecho del trabajo)
DER501C,Derecho de Aguas (DER501C),5,derecho de aguas (der501c)
DER501F,Pensadores del Siglo XX - I (DER501F),5,pensadores del siglo xx - 1 (der501f)
DER501G,Introduction to the Common Law of Commercial Contracts,5,introduction to the common law of commercial contracts
DER501H,Colegio de Lectura de Clasicos,5,colegio de lectura de clasicos
DER501I,Fundamentos de la Inteligencia Artificial para la Práctica Legal,5,fundamentos de la inteligencia artificial para la practica legal
DER501L,Acciones y Recursos Constitucionales (DER501L),5,acciones y recursos constitucionales (der501l)
DER501N,Justicia Canónica y Estatal: Desafíos de un Diálogo Mutuo,5,justicia canonica y estatal: desafios de un dialogo mutuo
DER501P,Delitos Sexuales (DER501P),5,delitos sexuales (der501p)
DER501R,Litigación en Juicios de Familia,5,litigacion en juicios de familia
DER501S,Derecho Colectivo e Internacional del Trabajo,5,derecho colectivo e internacional del trabajo
DER501T,Modelos de Litigación Internacional y Resolución de Problemas Juridicos,5,modelos de litigacion internacional y resolucion de problemas juridicos
DER502C,Derecho de Minería (DER502C),5,derecho de mineria (der502c)
DER502F,Pensadores del Siglo XX - II (DER502F),5,pensadores del siglo xx - 2 (der502f)
DER502G,"Trade, Economy & Current Issues",5,"trade, economy & current issues"
DER502L,Bioética y Persona (DER502L),5,bioetica y persona (der502l)
DER502N,"Estado, Laicidad y Religión",5,"estado, laicidad y religion"
DER502P,Organizaciones Criminales y Asociación Ilicita,5,organizaciones criminales y asociacion ilicita
DER502R,Arbitraje (DER502R),5,arbitraje (der502r)
DER502S,"Subcontratación, Suministro de Personal y Empresas de Grupo",5,"subcontratacion, suministro de personal y empresas de grupo"
DER502T,Modelos de Litigación Internacional y Resolución de Problemas Juridicos (DER502T),5,modelos de litigacion internacional y resolucion de problemas juridicos (der502t)
DER503C,"Integración, Interpretación, y Cumplimiento del Contrato",5,"integracion, interpretacion, y cumplimiento del contrato"
DER503F,Justicia y Doctrina Social de la Iglesia (DER503F),5,justicia y doctrina social de la iglesia (der503f)
DER503G,Corporate Leading Cases and Their Impact on Regulation (DER503G),5,corporate leading cases and their impact on regulation (der503g)
DER503L,Formación de la Ley y Tecnica Legislativa (DER503L),5,formacion de la ley y tecnica legislativa (der503l)
DER503N,"Matrimonio, Iglesia y Derecho",5,"matrimonio, iglesia y derecho"
DER503P,Medicina Legal (DER503P),5,medicina legal (der503p)
DER503R,Negociación (DER503R),5,negociacion (der503r)
DER503S,Problemas Actuales del Derecho del Trabajo,5,problemas actuales del derecho del trabajo
DER504C,Derecho del Consumidor (DER504C),5,derecho del consumidor (der504c)
DER504F,Familia y Sociedad (DER504F),5,familia y sociedad (der504f)
DER504G,Current Issues of International Business Law (DER504G),5,current issues of international business law (der504g)
DER504L,Interpretación Judicial y Derecho Constitucional,5,interpretacion judicial y derecho constitucional
DER504N,Amor Conyugal y Derecho,5,amor conyugal y derecho
DER504P,Problemas Actuales del Derecho Penal (DER504P),5,problemas actuales del derecho penal (der504p)
DER504R,Taller de Litigación Civil (DER504R),5,taller de litigacion civil (der504r)
DER504S,Derechos Fundamentales de los Trabajadores en la Empresa,5,derechos fundamentales de los trabajadores en la empresa
DER505C,Introducción al Derecho Comparado (DER505C),5,introduccion al derecho comparado (der505c)
DER505F,El Derecho Romano Desde la Casuística (DER505F),5,el derecho romano desde la casuistica (der505f)
DER505G,Advertising Law,5,advertising law
DER505L,Derecho de las Migraciones (DER505L),5,derecho de las migraciones (der505l)
DER505N,Debates y Desafíos Actuales de la Iglesia Católica desde una Perspectiva Jurídica,5,debates y desafios actuales de la iglesia catolica desde una perspectiva juridica
DER505P,Introducción al Derecho Penitenciario (DER505P),5,introduccion al derecho penitenciario (der505p)
DER505R,"Debido Proceso: Aplicación en Litigios Civiles, Arbitrales y de Libre Competencia (DER505R)",5,"debido proceso: aplicacion en litigios civiles, arbitrales y de libre competencia (der505r)"
DER505S,La Mujer y el Trabajo,5,la mujer y el trabajo
DER506C,La Reparación del Daño (DER506C),5,la reparacion del dano (der506c)
DER506F,"Controversias Eticas, Políticas y Jurídicas Contemporaneas a la Luz de la Ley Natural (DER506F)",5,"controversias eticas, politicas y juridicas contemporaneas a la luz de la ley natural (der506f)"
DER506G,Global Corporate Governance and Business Strategy (DER506G),5,global corporate governance and business strategy (der506g)
DER506L,Análisis Económico del Derecho Público,5,analisis economico del derecho publico
DER506P,Derecho Penal de la Empresa (DER506P),5,derecho penal de la empresa (der506p)
DER506R,Mediación Civil y Comercial (DER506R),5,mediacion civil y comercial (der506r)
DER506S,Derecho Procesal Laboral,5,derecho procesal laboral
DER507C,Conceptos Escenciales de las Figuras Asociativas,5,conceptos escenciales de las figuras asociativas
DER507F,"Política y Derecho Durante la Unidad Popular, 1970-1973 (DER507F)",5,"politica y derecho durante la unidad popular, 1970-1973 (der507f)"
DER507G,Introduction to Comparative Contract Law,5,introduction to comparative contract law
DER507L,"Libertad de Expresión, Nuevos Desafíos",5,"libertad de expresion, nuevos desafios"
DER507P,Derecho Penal Administrativo (DER507P),5,derecho penal administrativo (der507p)
DER507R,Juicio Oral del Trabajo y Litigación,5,juicio oral del trabajo y litigacion
DER507S,Sistema de Pensiones y AFP,5,sistema de pensiones y afp
DER508C,Derecho Urbanístico,5,derecho urbanistico
DER508F,Derecho Romano desde la Casuística: Obligaciones y Sucesiones,5,derecho romano desde la casuistica: obligaciones y sucesiones
DER508G,International Contracts,5,international contracts
DER508L,Debates Constitucionales Actuales,5,debates constitucionales actuales
DER508P,"Derecho Penal, Proceso Penal y Estado de Derecho (DER508P)",5,"derecho penal, proceso penal y estado de derecho (der508p)"
DER508R,Debido Proceso y Litigación,5,debido proceso y litigacion
DER508S,Codigo del Trabajo y Función Pública,5,codigo del trabajo y funcion publica
DER509C,Derecho Inmobiliario (DER509C),5,derecho inmobiliario (der509c)
DER509F,Grandes Corrientes de la Cultura Occidental Contemporánea,5,grandes corrientes de la cultura occidental contemporanea
DER509G,"China: Business, Law, Technology and Society",5,"china: business, law, technology and society"
DER509L,Protección de Datos Personales,5,proteccion de datos personales
DER509P,Ciberdelitos,5,ciberdelitos
DER509R,Taller de Arbitraje y Litigación Internacional,5,taller de arbitraje y litigacion internacional
DER509S,Seguridad Social y sus Prestaciones ante la Emergencia Sanitaria,5,seguridad social y sus prestaciones ante la emergencia sanitaria
DER510C,Taller de Acciones Protectoras del Dominio Desde el Derecho Privado,5,taller de acciones protectoras del dominio desde el derecho privado
DER510F,Liderazgo Femenino en Derecho: La importancia de la Colaboración entre Hombres y Mujeres,5,liderazgo femenino en derecho: la importancia de la colaboracion entre hombres y mujeres
DER510G,International Commercial Arbitration,5,international commercial arbitration
DER510L,Poder Judicial y Rol del Juez en el Constitucionalismo,5,poder judicial y rol del juez en el constitucionalismo
DER510P,Derecho Penal y Violencia contra la Mujer,5,derecho penal y violencia contra la mujer
DER510R,Litigación Penal,5,litigacion penal
DER510S,Aspectos Tributarios de las Relaciones Laborales,5,aspectos tributarios de las relaciones laborales
DER511C,Clausulas en la Contratación Moderna,5,clausulas en la contratacion moderna
DER511F,El Paradigma Cultural Tecnologico y el Derecho,5,el paradigma cultural tecnologico y el derecho
DER511G,Theories and Hard Questions about Public International Law,5,theories and hard questions about public international law
DER511L,Derecho de la Salud,5,derecho de la salud
DER511P,Delitos de Corrupción,5,delitos de corrupcion
DER511R,Litigación en el Ambito Civil ante los Tribunales Superiores de Justicia,5,litigacion en el ambito civil ante los tribunales superiores de justicia
DER511S,Aspectos Tributarios y Previsionales de las Relaciones Laborales,5,aspectos tributarios y previsionales de las relaciones laborales
DER512C,Doctrinas Modernas de Derecho Civil surgidas a partir del Principio de la Buena Fe,5,doctrinas modernas de derecho civil surgidas a partir del principio de la buena fe
DER512F,Derechos Humanos: Teorías y Alternativas Contemporaneas,5,derechos humanos: teorias y alternativas contemporaneas
DER512G,International Business Taxation,5,international business taxation
DER512L,Literatura e Instituciones Políticas de Occidente,5,literatura e instituciones politicas de occidente
DER512P,Delitos Contra la Seguridad Interior del Estado,5,delitos contra la seguridad interior del estado
DER512R,Vocación Judicial,5,vocacion judicial
DER512S,Negociación Colectiva en Chile,5,negociacion colectiva en chile
DER513C,Derecho de la Construcción,5,derecho de la construccion
DER513F,Razón Práctica y Derechos Humanos,5,razon practica y derechos humanos
DER513G,International Investment Law And Policy,5,international investment law and policy
DER513L,Libertades y Derechos Fundamentales en la Educación,5,libertades y derechos fundamentales en la educacion
DER513P,Responsabilidad Penal de las Personas Jurídicas,5,responsabilidad penal de las personas juridicas
DER513R,Desafíos Procesales de la Litigación en Libre Competencia,5,desafios procesales de la litigacion en libre competencia
DER514C,Derecho Notarial y Registral,5,derecho notarial y registral
DER514F,Derecho y Sociología: Perpectivas Teóricas,5,derecho y sociologia: perpectivas teoricas
DER514G,Comparative Succesión Law,5,comparative succesion law
DER514L,Pensamiento Político Greco-Romano y su proyección en el Constitucionalismo Moderno,5,pensamiento politico greco-romano y su proyeccion en el constitucionalismo moderno
DER514P,Justificación de la Pena y del Sistema Penal,5,justificacion de la pena y del sistema penal
DER514R,Modernización del Poder Judicial y el Estatuto de los Jueces,5,modernizacion del poder judicial y el estatuto de los jueces
DER515C,Derecho Romano desde la Casuística: Negocio Jurídico y Bienes,5,derecho romano desde la casuistica: negocio juridico y bienes
DER515F,Fundamentos Filosóficos del Derecho de Daños,5,fundamentos filosoficos del derecho de danos
DER515L,El Control Concreto de Constitucionalidad,5,el control concreto de constitucionalidad
DER515P,Derecho Penal de la Empresa (DER515P),5,derecho penal de la empresa (der515p)
DER515R,"Derecho del Fútbol: Instituciones, Desafíos y Resolución de Conflictos",5,"derecho del futbol: instituciones, desafios y resolucion de conflictos"
DER516C,Responsabilidad Médica,5,responsabilidad medica
DER516F,Derechos del Hombre y la Crítica de los Regimenes Políticos,5,derechos del hombre y la critica de los regimenes politicos
DER516L,Estatutos de Protección de la Persona Mayor,5,estatutos de proteccion de la persona mayor
DER516P,Delitos de Tráfico de Drogas,5,delitos de trafico de drogas
DER516R,Economía y Estadística para Litigios,5,economia y estadistica para litigios
DER517C,Institucionalidad y Regulación de la Cultura y el Patrimonio Nacional,5,institucionalidad y regulacion de la cultura y el patrimonio nacional
DER517F,Derecho de Daños: Bases y Principios,5,derecho de danos: bases y principios
DER517L,Constitución e Historia: El Caso Chileno,5,constitucion e historia: el caso chileno
DER517P,Nuevas Tendencias en Dogmática Penal,5,nuevas tendencias en dogmatica penal
DER517R,Nuevas Tendencias en Derecho Probatorio,5,nuevas tendencias en derecho probatorio
DER518C,Derecho e Inteligencia Artificial,5,derecho e inteligencia artificial
DER518F,"Capitalismo, Derecho y Doctrina Social de la Iglesia",5,"capitalismo, derecho y doctrina social de la iglesia"
DER518L,"Derechos Economicos, Sociales y Culturales: Debates Contemporáneos",5,"derechos economicos, sociales y culturales: debates contemporaneos"
DER518P,ñUn Derecho Penal con menos Penañ Una Teoría de J-M. Silva S.,5,nun derecho penal con menos penan una teoria de j-m. silva s.
DER518R,Derecho Procesal Tributario,5,derecho procesal tributario
DER519C,Diseño Legal I,5,diseno legal 1
DER519F,"Marxismo, Derecho y Doctrina Social de la Iglesia",5,"marxismo, derecho y doctrina social de la iglesia"
DER519L,Reforma y Mutación Constitucional,5,reforma y mutacion constitucional
DER519P,Aspectos Penales de la Ley de Migración,5,aspectos penales de la ley de migracion
DER519R,El Recurso de Casación: Visión Teórica y Práctica,5,el recurso de casacion: vision teorica y practica
DER520C,Diseño Legal II,5,diseno legal 2
DER520F,Derecho y Literatura,5,derecho y literatura
DER520P,Corrupción Pública y Financiamiento Político,5,corrupcion publica y financiamiento politico
DER520R,Justicia y Proceso en Tribunales de Familia,5,justicia y proceso en tribunales de familia
DER521C,Garantías Atipicas en la Contratación Privada,5,garantias atipicas en la contratacion privada
DER521F,El Derecho de Propiedad y la Doctrina Social de la Iglesia,5,el derecho de propiedad y la doctrina social de la iglesia
DER521P,Delitos Economicos: Hacia un nuevo Derecho Penal,5,delitos economicos: hacia un nuevo derecho penal
DER522F,Contratos en el Derecho Medieval y su Proyección en el Codigo Civil Chileno,5,contratos en el derecho medieval y su proyeccion en el codigo civil chileno
DER522P,Derecho Penal y Libre Competencia,5,derecho penal y libre competencia
DER523F,Introducción a la Filosofía Política Clásica: Platón y Aristóteles,5,introduccion a la filosofia politica clasica: platon y aristoteles
DER524F,"Ciencia, Filosofía y Debates Biojuridicos Contemporáneos",5,"ciencia, filosofia y debates biojuridicos contemporaneos"
DER601C,Introducción al Derecho de Propiedad Intelectual (DER601C),5,introduccion al derecho de propiedad intelectual (der601c)
DER601G,American Constitutional and Regulatory Law (DER601G),5,american constitutional and regulatory law (der601g)
DER601L,Introducción a los Derechos Humanos (DER601L),5,introduccion a los derechos humanos (der601l)
DER601S,Responsabilidad Empresarial: Accidentes del Trabajo y Enfermedades Profesionales,5,responsabilidad empresarial: accidentes del trabajo y enfermedades profesionales
DER602C,Financiamiento de la Empresa y Mercado de Valores (DER602C),5,financiamiento de la empresa y mercado de valores (der602c)
DER602G,"An Intro to Constitutional and Administrative Law, and Reflections on Religión and Belief in the UK",5,"an intro to constitutional and administrative law, and reflections on religion and belief in the uk"
DER602L,Introducción al Derecho Asiatico (DER602L),5,introduccion al derecho asiatico (der602l)
DER602S,"Protección Social: Pensiones, Salud y Seguridad Laboral",5,"proteccion social: pensiones, salud y seguridad laboral"
DER603C,Protección y Financiamiento de la Innovación (DER603C),5,proteccion y financiamiento de la innovacion (der603c)
DER603G,Introduction to European Law,5,introduction to european law
DER603L,Controversias Fronterizas de Chile (DER603L),5,controversias fronterizas de chile (der603l)
DER604C,Contabilidad Jurídica de la Empresa (DER604C),5,contabilidad juridica de la empresa (der604c)
DER604G,Comparative Constitutional Law,5,comparative constitutional law
DER604L,Derecho Penal Internacional (DER604L),5,derecho penal internacional (der604l)
DER605C,Aspectos Teoricos y Prácticos de la Adquisición de Empresas (DER605C),5,aspectos teoricos y practicos de la adquisicion de empresas (der605c)
DER605L,Derecho a la Alimentación y Adecuada Nutrición,5,derecho a la alimentacion y adecuada nutricion
DER606C,"Sostenibilidad Corporativa, Desafíos de la Empresa Moderna (DER606C)",5,"sostenibilidad corporativa, desafios de la empresa moderna (der606c)"
DER606L,Litigating Before International Courts and Tribunals,5,litigating before international courts and tribunals
DER607L,Uso de la Fuerza: Ciberguerra y Ciberterrorismo,5,uso de la fuerza: ciberguerra y ciberterrorismo
DER608C,Derecho de Empresa Familiar,5,derecho de empresa familiar
DER608L,Jurisprudencia y Decisiones Internacionales Sobre Derechos Humanos,5,jurisprudencia y decisiones internacionales sobre derechos humanos
DER609C,La Libre Competencia en la Jurisprudencia Chilena,5,la libre competencia en la jurisprudencia chilena
DER609L,Sistemas Internacionales de Derechos Humanos,5,sistemas internacionales de derechos humanos
DER610C,Consumidor Financiero,5,consumidor financiero
DER610L,Expropiación en el Derecho Internacional de la Inversión,5,expropiacion en el derecho internacional de la inversion
DER611C,Regimen Jurídico de la Filantropia e Inversión Social,5,regimen juridico de la filantropia e inversion social
DER611L,Propiedad Indígena y Tribal en el Derecho Interamericano,5,propiedad indigena y tribal en el derecho interamericano
DER612C,Análisis Financiero Empresarial,5,analisis financiero empresarial
DER612L,Introducción al Derecho Asiatico (China Y Japon),5,introduccion al derecho asiatico (china y japon)
DER613C,Taller de Práctica Tributaria,5,taller de practica tributaria
DER613L,Derecho Penal Internacional (DER613L),5,derecho penal internacional (der613l)
DER614C,Entidades Financieras Reguladas,5,entidades financieras reguladas
DER614L,Taller de Negociación e Implementación de Tratados,5,taller de negociacion e implementacion de tratados
DER615C,Análisis Económico del Derecho (DER615C),5,analisis economico del derecho (der615c)
DER615L,Derecho Internacional Aplicado: Casos y Criterios Relevantes,5,derecho internacional aplicado: casos y criterios relevantes
DER616C,Convenios Sobre Doble Tributación Internacional,5,convenios sobre doble tributacion internacional
DER616L,Introducción a los Derechos Humanos (DER616L),5,introduccion a los derechos humanos (der616l)
DER617C,"Sostenibilidad Corporativa: Gestión de Riesgos Sociales, Ambientales y Economicos",5,"sostenibilidad corporativa: gestion de riesgos sociales, ambientales y economicos"
DER617L,Casos Latinoamericanos ante la Corte Internacional de Justicia,5,casos latinoamericanos ante la corte internacional de justicia
DER618C,Regulación del Gasto Fiscal y Evaluación de Proyectos,5,regulacion del gasto fiscal y evaluacion de proyectos
DER618L,Tratados y Constitución Política,5,tratados y constitucion politica
DER619C,Financiamiento de la Innovación: Venture Capital,5,financiamiento de la innovacion: venture capital
DER619L,Derecho Internacional del Medio Ambiente,5,derecho internacional del medio ambiente
DER620C,Temas Avanzados de Derecho Societario,5,temas avanzados de derecho societario
DER621C,Reorganización de Empresas en Crisis,5,reorganizacion de empresas en crisis
DER622C,Abuso de Posición Dominante y Practicas Exclusorias,5,abuso de posicion dominante y practicas exclusorias
DER623C,"Colusión, Practicas Concertadas y Operaciones de Concentración",5,"colusion, practicas concertadas y operaciones de concentracion"
DER624C,Aspectos Teoricos y Prácticos de la Protección de la Innovación desde una Perspectiva Jurídica,5,aspectos teoricos y practicos de la proteccion de la innovacion desde una perspectiva juridica
DER625C,Introducción al Derecho de la Propiedad Intelectual,5,introduccion al derecho de la propiedad intelectual
DER626C,Riesgos de la Empresa y Seguros,5,riesgos de la empresa y seguros
DER627C,Finanzas Corporativas y Planificación Jurídica,5,finanzas corporativas y planificacion juridica
DER628C,Sostenibilidad Corporativa y Gobernanza. Una mirada desde el Derecho Comparado,5,sostenibilidad corporativa y gobernanza. una mirada desde el derecho comparado
DER629C,Impuestos de Aplicación Relevante en la Profesión Legal,5,impuestos de aplicacion relevante en la profesion legal
DER630C,Tributación de la Economía Digital,5,tributacion de la economia digital
DER631C,Responsabilidad de Administradores de Sociedades Anonimas,5,responsabilidad de administradores de sociedades anonimas
DER632C,Mercado y Derecho Electrico Chileno,5,mercado y derecho electrico chileno
DER633C,Libre Competencia en la Economía Digital,5,libre competencia en la economia digital
DER634C,Empresas con Proposito y Fundaciones,5,empresas con proposito y fundaciones
DER635C,"Nudge y Derecho: Persuasión, Regulación y Conducta",5,"nudge y derecho: persuasion, regulacion y conducta"
DER636C,Pactos de Accionistas y Acuerdos entre Socios,5,pactos de accionistas y acuerdos entre socios
DER701G,Political and Legal Philosophy in the Contemporary English-Speaking Natural Law,5,political and legal philosophy in the contemporary english-speaking natural law
DER701L,Derecho Municipal,5,derecho municipal
DER702L,Derecho Administrativo Sancionador,5,derecho administrativo sancionador
DER703L,El Derecho Administrativo en la Jurisprudencia de la Corte Suprema,5,el derecho administrativo en la jurisprudencia de la corte suprema
DER801L,Derecho de las Telecomunicaciones (DER801L),5,derecho de las telecomunicaciones (der801l)
DER802L,Derecho de los Recursos Naturales (DER802L),5,derecho de los recursos naturales (der802l)
DER803L,Probidad y Transparencia en la Relación Público Privada,5,probidad y transparencia en la relacion publico privada
DER805L,Agua y Desarrollo Sostenible,5,agua y desarrollo sostenible
DER806L,Tierras y Territorios Indigenas,5,tierras y territorios indigenas
DER807L,Tutela Jurídica del Medio Ambiente,5,tutela juridica del medio ambiente
DER808L,Consulta Indígena,5,consulta indigena
DER809L,Fundamentos y Gestión Ambiental,5,fundamentos y gestion ambiental
DER901C,Ética Profesional (Privado),5,etica profesional (privado)
DER901L,Ética Profesional (Derecho Público),5,etica profesional (derecho publico)
DER901P,Ética Profesional (Derecho Penal),5,etica profesional (derecho penal)
DER901R,Ética Profesional (Derecho Procesal),5,etica profesional (derecho procesal)
DER902C,Ética Profesional (Financiero),5,etica profesional (financiero)
DER903C,Ética Profesional (Derecho de Familia),5,etica profesional (derecho de familia)
DES141A,Derecho del Trabajo y Seguridad Social,8,derecho del trabajo y seguridad social
DES141B,Derecho del Trabajo y Seguridad Social (DES141B),8,derecho del trabajo y seguridad social (des141b)
DES242,Derecho Individual del Trabajo,10,derecho individual del trabajo
DES243,Derecho Colectivo e Internacional del Trabajo (DES243),10,derecho colectivo e internacional del trabajo (des243)
DES246,Empresa y Derecho del Trabajo,10,empresa y derecho del trabajo
DES247,Derecho Administrativo y Procesal del Trabajo,10,derecho administrativo y procesal del trabajo
DES248,Derecho Social Comunitario Europeo y Americano,10,derecho social comunitario europeo y americano
DES249,Las Nuevas Relaciones Individuales y Colectivas del Trabajo,10,las nuevas relaciones individuales y colectivas del trabajo
DES250,Los Principios de la Seguridad Social en Chile y Su Institucionalidad,10,los principios de la seguridad social en chile y su institucionalidad
DES251,El Empleador y Sus Obligaciones en Seguridad Social,10,el empleador y sus obligaciones en seguridad social
DES252,El Regimen de Pensiones y el Regimen de Salud,10,el regimen de pensiones y el regimen de salud
DES253,Derecho Internacional del Trabajo,10,derecho internacional del trabajo
DES254,Terminación del Contrato de Trabajo,10,terminacion del contrato de trabajo
DES255,Sindicatos y Negociación Colectiva,10,sindicatos y negociacion colectiva
DES256,Contrato de Trabajo,10,contrato de trabajo
DES257,Seguridad Social y Reforma Previsional,10,seguridad social y reforma previsional
DES258,Problemas Actuales del Derecho del Trabajo (DES258),10,problemas actuales del derecho del trabajo (des258)
DES259,Reforma Previsional,10,reforma previsional
DES260,Instituciones de Derecho del Trabajo,10,instituciones de derecho del trabajo
DES261,Juicio Oral del Trabajo y Litigación (DES261),10,juicio oral del trabajo y litigacion (des261)
DES262,"Subcontratación, Suministro de Personal y Empresas de Grupo (DES262)",10,"subcontratacion, suministro de personal y empresas de grupo (des262)"
DES263,Responsabilidad Legal en el Contrato de Trabajo,10,responsabilidad legal en el contrato de trabajo
DES264,Deber de Seguridad y Riesgos del Trabajo,10,deber de seguridad y riesgos del trabajo
DES265,Derechos Fundamentales de los Trabajadores en la Empresa (DES265),10,derechos fundamentales de los trabajadores en la empresa (des265)
DES266,"Protección Social: Pensiones, Salud y Seguridad Laboral (DES266)",10,"proteccion social: pensiones, salud y seguridad laboral (des266)"
DES267,Responsabilidad Empresarial: Accidentes del Trabajo y Enfermedades Profesionales (DES267),10,responsabilidad empresarial: accidentes del trabajo y enfermedades profesionales (des267)
DET026,Modelos de Litigación Internacional y Resolución de Problemas Juridicos (DET026),10,modelos de litigacion internacional y resolucion de problemas juridicos (det026)
DET027,Litigación Internacional y Resolución de Problemas Juridicos Avanzado,10,litigacion internacional y resolucion de problemas juridicos avanzado
DET028,Litigating Before International Courts and Tribunals (DET028),10,litigating before international courts and tribunals (det028)
DET029,Taller de Arbitraje y Litigación Internacional (DET029),10,taller de arbitraje y litigacion internacional (det029)
DEZ250A,Práctica Conjunta,8,practica conjunta
DEZ250B,Práctica Conjunta (DEZ250B),8,practica conjunta (dez250b)
DEZ254P,Práctica II (DEZ254P),0,practica 2 (dez254p)
DEZ256,Práctica II (DEZ256),0,practica 2 (dez256)
DIA100S,Seminario Diploma Estudios Ambientales,10,seminario diploma estudios ambientales
DNO001,Iluminación (DNO001),10,iluminacion (dno001)
DNO002,Introducción a la Tipografía,10,introduccion a la tipografia
DNO003,Imagen Textil,10,imagen textil
DNO004,Manejo y Aplicación del Color,10,manejo y aplicacion del color
DNO005,Textiles Andinos,10,textiles andinos
DNO006,Introducción a la Producción de Multimedios Interactivos,10,introduccion a la produccion de multimedios interactivos
DNO007,Análisis de Productos Mediante Modelos de Estudio,10,analisis de productos mediante modelos de estudio
DNO008,Diseño Grafico en Chile,10,diseno grafico en chile
DNO009,"Medialab: Laboratorio Práctico en Medios, Artes y Ciencia",10,"medialab: laboratorio practico en medios, artes y ciencia"
DNO011,Seminario Diseño y Patrimonio,10,seminario diseno y patrimonio
DNO0111,Introducción al Proyecto,10,introduccion al proyecto
DNO0112,Introducción al Diseño,10,introduccion al diseno
DNO0113,Laboratorio de Modelos y Prototipos,10,laboratorio de modelos y prototipos
DNO0114,Representación (DNO0114),10,representacion (dno0114)
DNO012,Representación Gráfica Espacial,10,representacion grafica espacial
DNO0121,Taller: Interacción,15,taller: interaccion
DNO0122,Historia del Diseño,10,historia del diseno
DNO013,Tendencias e Indumentaria: Teoría y Representación,10,tendencias e indumentaria: teoria y representacion
DNO014,Diseño y Producción de Recursos Educativos para Alumnos de Primer y Segundo Ciclo Basico,10,diseno y produccion de recursos educativos para alumnos de primer y segundo ciclo basico
DNO015,Tribus Urbanas y Tendencias: Análisis y Propuestas Desde el Diseño de Indumentaria,10,tribus urbanas y tendencias: analisis y propuestas desde el diseno de indumentaria
DNO016,Diseño y Manufactura Digital Cad/Cam,10,diseno y manufactura digital cad/cam
DNO017,Diseño de Fuentes Digitales,10,diseno de fuentes digitales
DNO018,Disciplinas Proyectuales y Pensamiento Contemporáneo: 7 Paradigmas Desafian al Diseño,10,disciplinas proyectuales y pensamiento contemporaneo: 7 paradigmas desafian al diseno
DNO019,"El Sonido Como Material Diseñable, Entorno Audiovisual y Espacio",10,"el sonido como material disenable, entorno audiovisual y espacio"
DNO020,Fotografiar Hoy,10,fotografiar hoy
DNO021,Practising Photography Today,10,practising photography today
DNO0211,Taller: Identidad,15,taller: identidad
DNO0212,Comunicación del Proyecto,10,comunicacion del proyecto
DNO022,Tecnologías de Representación y Simulación 3d,10,tecnologias de representacion y simulacion 3d
DNO0221,Taller: Producto,15,taller: producto
DNO0222,Ergonomía,10,ergonomia
DNO0223,"Teorías en Comunicación, Medios y Cultura Material",10,"teorias en comunicacion, medios y cultura material"
DNO023,Diseño y Producción de Relatos Audiovisuales,10,diseno y produccion de relatos audiovisuales
DNO024,Diseño para la Innovación Social,10,diseno para la innovacion social
DNO025,Sistemas de Configuración Desde el Textil,10,sistemas de configuracion desde el textil
DNO026,Procesos Avanzados de Producción: Diseño Textil,10,procesos avanzados de produccion: diseno textil
DNO027,Procesos Avanzados de Producción: Diseño Industrial,10,procesos avanzados de produccion: diseno industrial
DNO028,Ilustración,10,ilustracion
DNO029,Innovación Creativa,10,innovacion creativa
DNO031,Diseño y Nuevas Tendencias de la Audiovisualidad Contemporánea,10,diseno y nuevas tendencias de la audiovisualidad contemporanea
DNO0311,Taller: Usabilidad,15,taller: usabilidad
DNO0312,Estructuras y Materiales,8,estructuras y materiales
DNO0313,"Teorías, Estrategias y Metodologías de Investigación Aplicadas al Diseño",10,"teorias, estrategias y metodologias de investigacion aplicadas al diseno"
DNO0314,Taller: Calidad I,15,taller: calidad 1
DNO0315,Estructuras y Materiales (DNO0315),10,estructuras y materiales (dno0315)
DNO032,Diseño de Performance,10,diseno de performance
DNO0321,Taller: Calidad II,15,taller: calidad 2
DNO0322,Documentación Tecnica,8,documentacion tecnica
DNO0323,Procesos de Producción,10,procesos de produccion
DNO033,Animación 3d,10,animacion 3d
DNO034,Design Research,10,design research
DNO035,"Diseño, Tendencias y Vanguardia",10,"diseno, tendencias y vanguardia"
DNO036,Design Sketching,10,design sketching
DNO037,Diseño y Nuevos Medios,10,diseno y nuevos medios
DNO038,Materiales y Combinaciones Cromaticas en la Industria del Diseño,10,materiales y combinaciones cromaticas en la industria del diseno
DNO039,Media Lab,10,media lab
DNO040,Del Plano al Volumen Textil,10,del plano al volumen textil
DNO041,Gestión de Diseño,10,gestion de diseno
DNO0411,Taller: Mercado I,15,taller: mercado 1
DNO0412,Diseño de Información,10,diseno de informacion
DNO0413,Diseño e Impacto Ambiental,10,diseno e impacto ambiental
DNO042,Introducción al Dibujo Proyectual,10,introduccion al dibujo proyectual
DNO0421,Taller: Mercado II,15,taller: mercado 2
DNO0422,Práctica Profesional - Oficina,10,practica profesional - oficina
DNO043,Modelo Avanzado Con Autodesk Inventor,10,modelo avanzado con autodesk inventor
DNO044,Pensar la Artesania. Bases para la Comprensión y Acción,10,pensar la artesania. bases para la comprension y accion
DNO045,Fotografía en el Diseño: qué y Como Comunicar,10,fotografia en el diseno: que y como comunicar
DNO046,Usabilidad y Nuevos Medios,10,usabilidad y nuevos medios
DNO047,Diseño para Sistemas Urbanos de Movilidad Sustentable,10,diseno para sistemas urbanos de movilidad sustentable
DNO048,Design Bootcamp: Herramientas y Métodos Prácticos para Innovar,10,design bootcamp: herramientas y metodos practicos para innovar
DNO049,Modelado 3d Paramétrico Avanzado,10,modelado 3d parametrico avanzado
DNO050,Nuevas Tendencias en el Diseño de Carteles,10,nuevas tendencias en el diseno de carteles
DNO051,Iluminación Avanzada,10,iluminacion avanzada
DNO0512,Práctica Profesional - Servicio,10,practica profesional - servicio
DNO052,Ilustración Creativa,10,ilustracion creativa
DNO053,Introducción al Diseño de Servicios,10,introduccion al diseno de servicios
DNO054,Representación de Datos y Materialización de la Información,10,representacion de datos y materializacion de la informacion
DNO055,Imagen del Producto Textil,10,imagen del producto textil
DNO057,Introducción al Diseño de Packaging,10,introduccion al diseno de packaging
DNO058,"Espacio, Ambiente y Soportes Funcionales",10,"espacio, ambiente y soportes funcionales"
DNO059,Diseño Especializado de Calzado,10,diseno especializado de calzado
DNO060,Comunicación Escrita para Diseñadores,10,comunicacion escrita para disenadores
DNO061,Historia de la Indumentaria,10,historia de la indumentaria
DNO062,Urban Hacking: De las Smarts Cities a los Smart Citizens,10,urban hacking: de las smarts cities a los smart citizens
DNO063,Workshop: Mobiliario Escolar para Nuevos Espacios Educativos,5,workshop: mobiliario escolar para nuevos espacios educativos
DNO064,El Textil Como Producto,10,el textil como producto
DNO065,Diseño Inclusivo,10,diseno inclusivo
DNO066,Expresión y Lenguaje Audiovisual desde el Diseño,10,expresion y lenguaje audiovisual desde el diseno
DNO067,Introducción a la Impresión 3D para Aplicaciones Médicas,10,introduccion a la impresion 3d para aplicaciones medicas
DNO068,Revolución Textil,10,revolucion textil
DNO069,Programación Creativa para Diseño,10,programacion creativa para diseno
DNO070,Color: De la creación al marketing,10,color: de la creacion al marketing
DNO071,Diseño Asistido por Simulación,10,diseno asistido por simulacion
DNO071P,Técnicas de Estampación I,8,tecnicas de estampacion 1
DNO072,Textiles Andinos (DNO072),10,textiles andinos (dno072)
DNO072P,Imagen Textil (DNO072P),8,imagen textil (dno072p)
DNO073,Xilografía como Medio de Expresión,10,xilografia como medio de expresion
DNO074,Reflexiones Criticas en Torno al Diseño,10,reflexiones criticas en torno al diseno
DNO075,Infografía Digital,10,infografia digital
DNO076,Lettering y Caligrafía,10,lettering y caligrafia
DNO077,Diseño para Proyectos de Innovación en Ciencia y Tecnología,10,diseno para proyectos de innovacion en ciencia y tecnologia
DNO078,Investigación en Pregrado UC Propone Diseño,10,investigacion en pregrado uc propone diseno
DNO079,Laboratorio de Emprendimiento,10,laboratorio de emprendimiento
DNO080,Estrategias Sostenibles para la Industria y el Quehacer Textil,10,estrategias sostenibles para la industria y el quehacer textil
DNO081,Diseño para la Justicia Social y Medioambiental,10,diseno para la justicia social y medioambiental
DNO082,Diseño y Economía Circular,10,diseno y economia circular
DNO083,Diseño de Juegos,10,diseno de juegos
DNO084,Diseño y Manufactura Digital Cad/Cam II,10,diseno y manufactura digital cad/cam 2
DNO085,Psicología para el Diseño,10,psicologia para el diseno
DNO086,"Diseño, Genero y Feminismos",10,"diseno, genero y feminismos"
DNO087,Diseñar con Seres Mas-Qué-Humanos,10,disenar con seres mas-que-humanos
DNO088,Sistemas de Diseño para Software,10,sistemas de diseno para software
DNO089,Narrativas Inmersivas para el Aprendizaje y la Cooperación,10,narrativas inmersivas para el aprendizaje y la cooperacion
DNO091,Introducción al Diseño Regenerativo y los Biomateriales,10,introduccion al diseno regenerativo y los biomateriales
DNO092,"Pasado Mañana, Taller de Diseño y Antropología de Futuros Posibles",10,"pasado manana, taller de diseno y antropologia de futuros posibles"
DNO093,Diseño Inclusivo: Innovaciones Tecnologicas para la Diversidad,10,diseno inclusivo: innovaciones tecnologicas para la diversidad
DNO094,Factores Humanos para el Diseño de Sistemas,10,factores humanos para el diseno de sistemas
DNO095,Gestión de Proyectos y Emprendimiento,10,gestion de proyectos y emprendimiento
DNO096,Introducción al Desarrollo Web desde el Diseño,10,introduccion al desarrollo web desde el diseno
DNO097,Desarrollo Web y Diseño Visual de Información,10,desarrollo web y diseno visual de informacion
DNO098,Diseño en Realidad Extendida,10,diseno en realidad extendida
DNO099,Herramientas de Diseño para Innovar en Salud,10,herramientas de diseno para innovar en salud
DNO100,Cmd Diseño Asociativo y Fabricación Digital Avanzada,10,cmd diseno asociativo y fabricacion digital avanzada
DNO1004,Configuración I,10,configuracion 1
DNO1011,Taller de Introducción al Proyecto de Diseño,15,taller de introduccion al proyecto de diseno
DNO1012,Técnicas de Representación,10,tecnicas de representacion
DNO1013,Introducción a la Investigación en Diseño,10,introduccion a la investigacion en diseno
DNO1014,Historias del Diseño y sus Contextos Historicos,10,historias del diseno y sus contextos historicos
DNO101P,Práctica Profesional de Oficina,10,practica profesional de oficina
DNO1021,Taller de Ideación y Formalización para el Diseño,15,taller de ideacion y formalizacion para el diseno
DNO1022,Percepción y Composición,10,percepcion y composicion
DNO1023,"Diseño, Tecnología y Sociedad",10,"diseno, tecnologia y sociedad"
DNO102P,Práctica Profesional de Servicio,10,practica profesional de servicio
DNO1031,Taller de Problematización y Conceptualización para el Diseño,15,taller de problematizacion y conceptualizacion para el diseno
DNO1032,Laboratorio de Experimentación y Prototipado,10,laboratorio de experimentacion y prototipado
DNO1033,Investigación para el Diseño,10,investigacion para el diseno
DNO1041,Taller de Diseño Integral,15,taller de diseno integral
DNO1042,Materiales y Procesos,10,materiales y procesos
DNO1043,Teoría y Crítica Contemporánea de la Cultura del Diseño,10,teoria y critica contemporanea de la cultura del diseno
DNO1051,Taller de Diseño Estrategico,15,taller de diseno estrategico
DNO1052,Formulación de Proyectos de Diseño,10,formulacion de proyectos de diseno
DNO1053,Investigación a través del Diseño,10,investigacion a traves del diseno
DNO1061,Taller de Diseño Para la Innovación,15,taller de diseno para la innovacion
DNO1062,Diseño Crítico,10,diseno critico
DNO1063,Pensamiento Computacional,10,pensamiento computacional
DNO1071,Taller de Diseño para Escenarios Futuros,15,taller de diseno para escenarios futuros
DNO1072,Diseño de Intangibles y Sistemas,10,diseno de intangibles y sistemas
DNO1073,Diseño para el Desarrollo Sostenible,10,diseno para el desarrollo sostenible
DNO1081,Taller de Integración Interdisciplinar,15,taller de integracion interdisciplinar
DNO1082,Ética del Diseño,10,etica del diseno
DNO1103,Historia del Diseño Contemporáneo I,8,historia del diseno contemporaneo 1
DNO112P,Diseño y Estampado Textil,8,diseno y estampado textil
DNO1201,Taller de Proyectos I,20,taller de proyectos 1
DNO1202,Ergonomía (DNO1202),10,ergonomia (dno1202)
DNO1203,Fundamentos del Diseño I,10,fundamentos del diseno 1
DNO121P,Estructuras Textiles I,8,estructuras textiles 1
DNO130P,Envases y Embalaje,6,envases y embalaje
DNO150,Convenio Duoc UC-Diseño,10,convenio duoc uc-diseno
DNO151,"La Resistencia de las Imagenes. Registro, Archivo y Memoria",10,"la resistencia de las imagenes. registro, archivo y memoria"
DNO151P,Diseño por Computación I,10,diseno por computacion 1
DNO152,Del Oficio al Taller. Laboratorios Prácticos para revisitar Nuevas Técnicas de Fabricación (DNO152),5,del oficio al taller. laboratorios practicos para revisitar nuevas tecnicas de fabricacion (dno152)
DNO152P,Diseño por Computación II,10,diseno por computacion 2
DNO153,Catedra Gui Bonsiepe: Diseño para Futuros Posibles,10,catedra gui bonsiepe: diseno para futuros posibles
DNO153P,Computación y Comunicación Visual,8,computacion y comunicacion visual
DNO154,Diseño Legal,10,diseno legal
DNO155,Taller de Jugueteria Aplicada,10,taller de jugueteria aplicada
DNO156,Segunda Oportunidad. Diseño de Indumentaria a partir de Reciclaje Textil,10,segunda oportunidad. diseno de indumentaria a partir de reciclaje textil
DNO157,Tejeduria Contemporánea,10,tejeduria contemporanea
DNO158,Investigando Realidades: Mas Alla de Números y Palabras,10,investigando realidades: mas alla de numeros y palabras
DNO159,Identidad Visual y Branding,10,identidad visual y branding
DNO160A,Sistemas de Comunicación de Naturaleza,10,sistemas de comunicacion de naturaleza
DNO160P,Iluminación (DNO160P),6,iluminacion (dno160p)
DNO161A,Inteligencia Artificial Generativa como Motor para Diseñar,10,inteligencia artificial generativa como motor para disenar
DNO162A,Diseño de Alimentos,10,diseno de alimentos
DNO163A,Diseño Editorial y Publicaciones,10,diseno editorial y publicaciones
DNO164A,"Antes de la Forma: Materia, Sistema y Estrategia",10,"antes de la forma: materia, sistema y estrategia"
DNO165A,Fotosintesis Contemporánea: Fotografía e Imagen Algoritmica,10,fotosintesis contemporanea: fotografia e imagen algoritmica
DNO166A,Vitrinismo (Y Visual Merchandising),10,vitrinismo (y visual merchandising)
DNO2003,Configuración II,10,configuracion 2
DNO200P,Fotografía Básica,10,fotografia basica
DNO2010,Lenguaje Visual y Técnicas de Seriación,10,lenguaje visual y tecnicas de seriacion
DNO202P,Fotografía Avanzada,10,fotografia avanzada
DNO2103,Diseño Contemporáneo,8,diseno contemporaneo
DNO2104,Diseño de Información (DNO2104),10,diseno de informacion (dno2104)
DNO210P,Lenguaje Visual y Técnicas Mixtas,8,lenguaje visual y tecnicas mixtas
DNO212P,Laboratorio de Modelos y Prototipos (DNO212P),8,laboratorio de modelos y prototipos (dno212p)
DNO216P,Sintaxis de la Imagen,8,sintaxis de la imagen
DNO218P,"Ilustración, Técnicas y Diseño",8,"ilustracion, tecnicas y diseno"
DNO2201,Taller de Proyectos II,20,taller de proyectos 2
DNO2202,Cibernética,10,cibernetica
DNO2203,Fundamentos del Diseño II,10,fundamentos del diseno 2
DNO2204,Ergonomía Aplicada,10,ergonomia aplicada
DNO220P,Introducción al Diseño de Multimedios Interactivos,8,introduccion al diseno de multimedios interactivos
DNO2500,Dibujo y Configuración Manual,10,dibujo y configuracion manual
DNO250P,Taller de Animación (DNO250P),10,taller de animacion (dno250p)
DNO265P,Seminario de Diseño,8,seminario de diseno
DNO270P,Plan de Negocios y Marketing,8,plan de negocios y marketing
DNO2750,Tipografía y Diagramación,10,tipografia y diagramacion
DNO275P,Tipografía y Diagramación II,8,tipografia y diagramacion 2
DNO280P,Tipografía y Diagramación I,8,tipografia y diagramacion 1
DNO285P,Arte y Diseño,5,arte y diseno
DNO286P,Fotografía Color (DNO286P),10,fotografia color (dno286p)
DNO287P,Paradigmas Culturales del Diseño,8,paradigmas culturales del diseno
DNO288P,Introducción a la Gráfica Nacional,8,introduccion a la grafica nacional
DNO289P,Arte Textil en las Culturas Precolombinas Andinas,8,arte textil en las culturas precolombinas andinas
DNO290P,Taller de Texiles Precolombinos,8,taller de texiles precolombinos
DNO291P,Gráfica Popular,10,grafica popular
DNO292P,Caligrafía Aplicada,10,caligrafia aplicada
DNO3101,Representación I,10,representacion 1
DNO3200,Taller de Proyectos III,20,taller de proyectos 3
DNO3202,Morfología Estructural,8,morfologia estructural
DNO3203,Diseño y Cultura I,8,diseno y cultura 1
DNO4101,Representación II,10,representacion 2
DNO4200,Taller de Proyectos IV,20,taller de proyectos 4
DNO4202,Morfología Material,8,morfologia material
DNO4203,Diseño y Cultura II,8,diseno y cultura 2
DNO5103,Diseño y Cultura I (DNO5103),10,diseno y cultura 1 (dno5103)
DNO5200,Taller de Proyectos V,20,taller de proyectos 5
DNO5201,Percepción y Comunicación I,8,percepcion y comunicacion 1
DNO5202,Diseño y Producción I,8,diseno y produccion 1
DNO5203,Diseño y Cultura III,8,diseno y cultura 3
DNO5204,Diseño de Información (DNO5204),6,diseno de informacion (dno5204)
DNO6200,Taller de Proyectos VI,20,taller de proyectos 6
DNO6201,Percepción y Comunicación II,8,percepcion y comunicacion 2
DNO6202,Diseño y Producción II,8,diseno y produccion 2
DNO6203,Diseño y Cultura IV,8,diseno y cultura 4
DNO7003,Proyecto Ambiente y Crítica I,10,proyecto ambiente y critica 1
DNO7102,Gestión Estrategica del Diseño,8,gestion estrategica del diseno
DNO7103,Análisis y Crítica I,10,analisis y critica 1
DNO7200,Taller de Proyectos VII,20,taller de proyectos 7
DNO8003,Proyecto Ambiente y Crítica II,10,proyecto ambiente y critica 2
DNO8103,Análisis y Crítica II,10,analisis y critica 2
DNO8200,Taller de Proyectos VIII,20,taller de proyectos 8
DPT5000,Acondicionamiento Fisico con Pesas I,5,acondicionamiento fisico con pesas 1
DPT5001,Acondicionamiento Fisico Pesas II,5,acondicionamiento fisico pesas 2
DPT5050,Entrenamiento Pesas Libres Halterofilia I,5,entrenamiento pesas libres halterofilia 1
DPT5060,Halterofilia I,5,halterofilia 1
DPT5100,Atletismo I,5,atletismo 1
DPT5150,Atletismo II,5,atletismo 2
DPT5200,Básquetbol I,5,basquetbol 1
DPT5201,Básquetbol Damas I,5,basquetbol damas 1
DPT5202,Básquetbol Varones I,5,basquetbol varones 1
DPT5203,Básquetbol Damas II,5,basquetbol damas 2
DPT5204,Básquetbol Varones II,5,basquetbol varones 2
DPT5205,Básquetbol Mujeres I,5,basquetbol mujeres 1
DPT5206,Básquetbol Hombres I,5,basquetbol hombres 1
DPT5250,Básquetbol II,5,basquetbol 2
DPT5251,Básquetbol II (DPT5251),5,basquetbol 2 (dpt5251)
DPT5300,Fútbol Damas I,5,futbol damas 1
DPT5350,Fútbol Damas II,5,futbol damas 2
DPT5400,Fútbol Varones I,5,futbol varones 1
DPT5450,Fútbol Varones II,5,futbol varones 2
DPT5451,Fútbol III,5,futbol 3
DPT5452,Fultbol I,5,fultbol 1
DPT5453,Fútbol I,5,futbol 1
DPT5454,Fútbol Mujeres I,5,futbol mujeres 1
DPT5455,Fútbol Hombres I,5,futbol hombres 1
DPT5456,Fútbol II,5,futbol 2
DPT5460,Futsal Varones I,5,futsal varones 1
DPT5461,Futsal Varones II,5,futsal varones 2
DPT5470,Futsal Damas I,5,futsal damas 1
DPT5480,Fútbol Sala I,5,futbol sala 1
DPT5500,Gimnasia y Preparación Física,5,gimnasia y preparacion fisica
DPT5501,Gimnasia y Preparación Física II,5,gimnasia y preparacion fisica 2
DPT5502,Preparación Física y Recreación I,5,preparacion fisica y recreacion 1
DPT5503,Preparación Física y Recreación II,5,preparacion fisica y recreacion 2
DPT5550,Gimnasia Ritmica I,5,gimnasia ritmica 1
DPT5700,Gimnasia Aerobica,5,gimnasia aerobica
DPT5705,Gimnasia Aerobica I,5,gimnasia aerobica 1
DPT5750,Gimnasia Aerobica-Step,5,gimnasia aerobica-step
DPT5755,Gimnasia Aerobica Step I,5,gimnasia aerobica step 1
DPT5756,Gimnasia Aerobica Step A+S,10,gimnasia aerobica step a+s
DPT5800,Handbol I,5,handbol 1
DPT5801,Handbol Damas I,5,handbol damas 1
DPT5802,Handbol Damas II,5,handbol damas 2
DPT5803,Handbol Varones I,5,handbol varones 1
DPT5804,Handbol Varones II,5,handbol varones 2
DPT5805,Balonmano I,5,balonmano 1
DPT5806,Balonmano Mujeres I,5,balonmano mujeres 1
DPT5807,Balonmano Hombres I,5,balonmano hombres 1
DPT5808,Balonmano I (DPT5808),5,balonmano 1 (dpt5808)
DPT5900,Iniciación Gimnasia Olimpica,5,iniciacion gimnasia olimpica
DPT5901,Gimnasia Artística I,5,gimnasia artistica 1
DPT5902,Gimnasia Olimpica,5,gimnasia olimpica
DPT6000,Judo I,5,judo 1
DPT6001,Judo Damas I,5,judo damas 1
DPT6002,Judo Mujeres I,5,judo mujeres 1
DPT6003,Judo Hombres I,5,judo hombres 1
DPT6050,Judo II,5,judo 2
DPT6051,Judo II (DPT6051),5,judo 2 (dpt6051)
DPT6100,Judo Defensa Personal,5,judo defensa personal
DPT6150,Karate I,5,karate 1
DPT6155,Karate II,5,karate 2
DPT6160,Tai-Chi,5,tai-chi
DPT6165,Taichi y Cultura Tradicional China,5,taichi y cultura tradicional china
DPT6170,Taekwondo,5,taekwondo
DPT6200,Montañismo I,5,montanismo 1
DPT6250,Montañismo II,5,montanismo 2
DPT6251,Montañismo III,5,montanismo 3
DPT6261,Montañismo I (DPT6261),10,montanismo 1 (dpt6261)
DPT6270,Escalada Deportiva Nivel I,5,escalada deportiva nivel 1
DPT6300,Natación I,5,natacion 1
DPT6301,Natación II,5,natacion 2
DPT6302,Natación II (DPT6302),5,natacion 2 (dpt6302)
DPT6350,Natación II (DPT6350),5,natacion 2 (dpt6350)
DPT6351,Hidrogimnasia,5,hidrogimnasia
DPT6360,Buceo I,5,buceo 1
DPT6370,Fútbol Sala,5,futbol sala
DPT6380,Fútbol Sala Damas,5,futbol sala damas
DPT6381,Fútbol Sala I (DPT6381),5,futbol sala 1 (dpt6381)
DPT6382,Fútbol Sala Mujeres I,5,futbol sala mujeres 1
DPT6383,Fútbol Sala Hombres I,5,futbol sala hombres 1
DPT6384,Fútbol Sala II,5,futbol sala 2
DPT6400,Rugby I,5,rugby 1
DPT6401,Rugby II,5,rugby 2
DPT6405,Rugby I Mujeres,5,rugby 1 mujeres
DPT6450,Rugby II (DPT6450),5,rugby 2 (dpt6450)
DPT6500,Tenis I,5,tenis 1
DPT6501,Tenis Damas 1,5,tenis damas 1
DPT6502,Tenis Damas 2,5,tenis damas 2
DPT6503,Tenis Varones 1,5,tenis varones 1
DPT6504,Tenis Varones 2,5,tenis varones 2
DPT6550,Tenis II,5,tenis 2
DPT6551,Tenis III,5,tenis 3
DPT6555,Tenis II (DPT6555),5,tenis 2 (dpt6555)
DPT6560,Tenis de Mesa I,5,tenis de mesa 1
DPT6561,Tenis de Mesa II,5,tenis de mesa 2
DPT6600,Tenis de Mesa,5,tenis de mesa
DPT6650,Teoría del Entrenamiento Deportivo,5,teoria del entrenamiento deportivo
DPT6651,Teoría y Fundamento del Entrenamiento Deportivo,5,teoria y fundamento del entrenamiento deportivo
DPT6652,Teoría del Entrenamiento Deportivo y Educación: Capacidades Condicionantes,5,teoria del entrenamiento deportivo y educacion: capacidades condicionantes
DPT6653,Cmd Actividad Física Deporte y Salud,10,cmd actividad fisica deporte y salud
DPT6700,Vóleibol I,5,voleibol 1
DPT6701,Vóleibol Damas I,5,voleibol damas 1
DPT6702,Vóleibol Damas II,5,voleibol damas 2
DPT6703,Vóleibol Varones I,5,voleibol varones 1
DPT6704,Vóleibol Varones II,5,voleibol varones 2
DPT6705,Vóleibol Mujeres I,5,voleibol mujeres 1
DPT6750,Vóleibol II,5,voleibol 2
DPT6755,Vóleibol II (DPT6755),5,voleibol 2 (dpt6755)
DPT6760,Vóleibol Playa I,5,voleibol playa 1
DPT6796,Vóleibol Hombres I,5,voleibol hombres 1
DPT6800,Hockey Cesped Damas I,5,hockey cesped damas 1
DPT6801,Hockey Cesped I,5,hockey cesped 1
DPT6805,Hockey Cesped I (DPT6805),5,hockey cesped 1 (dpt6805)
DPT6810,Polideportivo I,5,polideportivo 1
DPT6820,Fitness Damas I,5,fitness damas 1
DPT6830,Baile Entretenido I,5,baile entretenido 1
DPT6840,Danza Estilo Libre I,5,danza estilo libre 1
DPT6850,Historia de la Copa del Mundo de Fútbol,5,historia de la copa del mundo de futbol
DPT6855,Los Juegos Olimpicos y la Sociedad,5,los juegos olimpicos y la sociedad
DPT6860,Polideportivo I (DPT6860),5,polideportivo 1 (dpt6860)
DPT6900,Ajedrez I,5,ajedrez 1
DPT7000,Selección de Ajedrez,5,seleccion de ajedrez
DPT7005,Selección de Ajedrez (DPT7005),5,seleccion de ajedrez (dpt7005)
DPT7050,Selección de Atletismo Damas,5,seleccion de atletismo damas
DPT7055,Selección de Atletismo Mujeres,5,seleccion de atletismo mujeres
DPT7060,Selección de Atletismo Hombres,5,seleccion de atletismo hombres
DPT7100,Selección de Atletismo Varones,5,seleccion de atletismo varones
DPT7150,Selección Básquetbol Damas,5,seleccion basquetbol damas
DPT7160,Selección de Básquetbol Muejeres,5,seleccion de basquetbol muejeres
DPT7170,Selección de Básquetbol Hombres,5,seleccion de basquetbol hombres
DPT7200,Selección de Básquetbol Varones,5,seleccion de basquetbol varones
DPT7250,Selección de Fútbol Femenino,5,seleccion de futbol femenino
DPT7260,Selección de Fútbol Mujeres,5,seleccion de futbol mujeres
DPT7270,Selección de Fútbol Hombres,5,seleccion de futbol hombres
DPT7300,Selección de Fútbol Varones,5,seleccion de futbol varones
DPT7350,Selección Handball Damas,5,seleccion handball damas
DPT7355,Selección de Balonmano Mujeres,5,seleccion de balonmano mujeres
DPT7360,Selección de Balonmano Hombres,5,seleccion de balonmano hombres
DPT7370,Selección de Escalada Deportiva Varones,5,seleccion de escalada deportiva varones
DPT7375,Selección de Escalada Deportiva Hombres,5,seleccion de escalada deportiva hombres
DPT7380,Selección de Escalada Deportiva Mujeres,5,seleccion de escalada deportiva mujeres
DPT7400,Selección Handball Varones,5,seleccion handball varones
DPT7450,Selección de Judo Varones,5,seleccion de judo varones
DPT7460,Selección de Judo Hombres,5,seleccion de judo hombres
DPT7470,Selección de Judo Mujeres,5,seleccion de judo mujeres
DPT7500,Selección de Judo Damas,5,seleccion de judo damas
DPT7510,Selección de Karate,5,seleccion de karate
DPT7520,Selección de Karate Damas,5,seleccion de karate damas
DPT7525,Seleción de Karate Mujeres,5,selecion de karate mujeres
DPT7530,Selección de Karate Varones,5,seleccion de karate varones
DPT7535,Selección de Karate Hombres,5,seleccion de karate hombres
DPT7540,Selección de Taekwondo Mujeres,5,seleccion de taekwondo mujeres
DPT7545,Selección de Taekwondo Hombres,5,seleccion de taekwondo hombres
DPT7550,Selección Gimnasia Aerobica,5,seleccion gimnasia aerobica
DPT7600,Selección Gimnasia Aerobica Step,5,seleccion gimnasia aerobica step
DPT7610,Selección de Taekwondo Damas,5,seleccion de taekwondo damas
DPT7620,Selección de Taekwondo Varones,5,seleccion de taekwondo varones
DPT7650,Selección de Gimnasia Artística,5,seleccion de gimnasia artistica
DPT7660,Selección Gimnasia Artística Damas,5,seleccion gimnasia artistica damas
DPT7665,Selección de Gimnasia Artística Mujeres,5,seleccion de gimnasia artistica mujeres
DPT7670,Selección Gimnasia Artística Varones,5,seleccion gimnasia artistica varones
DPT7675,Selección de Gimnasia Artística Hombres,5,seleccion de gimnasia artistica hombres
DPT7700,Selección de Gimnasia Ritmica,5,seleccion de gimnasia ritmica
DPT7710,Selección de Gimansia Ritmica,5,seleccion de gimansia ritmica
DPT7750,Selección de Montañismo,5,seleccion de montanismo
DPT7800,Selección de Natación,5,seleccion de natacion
DPT7810,Selección de Natación Damas,5,seleccion de natacion damas
DPT7815,Selección de Natación Mujeres,5,seleccion de natacion mujeres
DPT7820,Selección de Natación Varones,5,seleccion de natacion varones
DPT7825,Selección de Natación Hombres,5,seleccion de natacion hombres
DPT7850,Selección de Tenis,5,seleccion de tenis
DPT7870,Selección de Tenis Varones,5,seleccion de tenis varones
DPT7875,Selección de Tenis Hombres,5,seleccion de tenis hombres
DPT7880,Selección de Tenis Damas,5,seleccion de tenis damas
DPT7885,Selección de Tenis Mujeres,5,seleccion de tenis mujeres
DPT7900,Selección de Tenis de Mesa,5,seleccion de tenis de mesa
DPT7910,Selección Tenis de Mesa Damas,5,seleccion tenis de mesa damas
DPT7915,Selección de Tenis de Mesa Mujeres,5,seleccion de tenis de mesa mujeres
DPT7920,Selección Tenis de Mesa Varones,5,seleccion tenis de mesa varones
DPT7925,Selección de Tenis de Mesa Hombres,5,seleccion de tenis de mesa hombres
DPT7950,Selección de Vóleibol Varones,5,seleccion de voleibol varones
DPT7955,Selección de Vóleibol Hombres,5,seleccion de voleibol hombres
DPT7960,Selección de Vóleibol Mujeres,5,seleccion de voleibol mujeres
DPT7970,Selección de Gimjazzia,5,seleccion de gimjazzia
DPT7980,Selección de Danza,5,seleccion de danza
DPT8000,Selección de Vóleibol Damas,5,seleccion de voleibol damas
DPT8010,Selección de Vóleibol Playa,5,seleccion de voleibol playa
DPT8020,Selección de Vóleibol Playa Damas,5,seleccion de voleibol playa damas
DPT8025,Selección de Vóleibol Playa Mujeres,5,seleccion de voleibol playa mujeres
DPT8030,Selección de Vóleibol Playa Varones,5,seleccion de voleibol playa varones
DPT8035,Selección de Vóleibol Playa Hombres,5,seleccion de voleibol playa hombres
DPT8050,Selección de Rugby,5,seleccion de rugby
DPT8060,Selección de Rugby Damas,5,seleccion de rugby damas
DPT8065,Selección de Rugby Mujeres,5,seleccion de rugby mujeres
DPT8070,Selección de Rugby Varones,5,seleccion de rugby varones
DPT8075,Selección de Rugby Hombres,5,seleccion de rugby hombres
DPT8100,Selección de Hockey Cesped,5,seleccion de hockey cesped
DPT8110,Selección de Hockey Cesped Mujeres,5,seleccion de hockey cesped mujeres
DPT8150,Selección de Cross Country,5,seleccion de cross country
DPT8160,Selección de Cross Country Damas,5,seleccion de cross country damas
DPT8165,Selección de Cross Country Mujeres,5,seleccion de cross country mujeres
DPT8170,Selección de Cross Country Varones,5,seleccion de cross country varones
DPT8175,Selección de Cross Country Hombres,5,seleccion de cross country hombres
DPT8200,Selección de Rodeo,5,seleccion de rodeo
DPT8250,Selección de Pesas,5,seleccion de pesas
DPT8300,Selección de Futsal,5,seleccion de futsal
DPT8310,Selección de Fútbol Sala Mujeres,5,seleccion de futbol sala mujeres
DPT8315,Selección de Fútbol Sala Hombres,5,seleccion de futbol sala hombres
DPT8350,Selección de Escalada,5,seleccion de escalada
DPT8360,Selección de Escalada Deportiva Damas,5,seleccion de escalada deportiva damas
DPT8400,Selección de Halterofilia,5,seleccion de halterofilia
DPT8410,Selección de Halterofilia Damas,5,seleccion de halterofilia damas
DPT8415,Selección de Halterofilia Mujeres,5,seleccion de halterofilia mujeres
DPT8420,Selección de Halterofilia Varones,5,seleccion de halterofilia varones
DPT8425,Selección de Halterofilia Hombres,5,seleccion de halterofilia hombres
DPT8450,Selecciones Deportivas No Tradicionales,5,selecciones deportivas no tradicionales
DPT8455,Selección Deportiva No Tradicional,5,seleccion deportiva no tradicional
DPT8460,Selección de Fútbol Sala Damas,5,seleccion de futbol sala damas
DPT9000,Ajedrez I (DPT9000),5,ajedrez 1 (dpt9000)
DPT9002,Hidrogimnasia al Servicio de la Comunidad,10,hidrogimnasia al servicio de la comunidad
DPT9004,Fútbol Sala II al Servicio de la Comunidad,10,futbol sala 2 al servicio de la comunidad
DPT9010,Expresión Corporal y Folclore I,10,expresion corporal y folclore 1
DPT9015,Expresión Corporal y Foclor I,10,expresion corporal y foclor 1
DPT9020,Juegos y Recreación I,10,juegos y recreacion 1
DPT9030,Liderazgo: Juegos y Recreación I,10,liderazgo: juegos y recreacion 1
DPT9035,"Liderazgo, Juegos y Recreación I",10,"liderazgo, juegos y recreacion 1"
DPT9040,"Cmd Actividad Física, Deporte y Salud",10,"cmd actividad fisica, deporte y salud"
DPT9045,"Actividad Física, Deporte y Salud",10,"actividad fisica, deporte y salud"
DPT9050,"Introducción a la Práctica Deportiva de Personas con Discapacidad Visual, Motora o Intelectual",10,"introduccion a la practica deportiva de personas con discapacidad visual, motora o intelectual"
DPT9055,"Intro a la Práctica Deportiva para Personas con Discapacidad Visual, Motora e Intelectual Niv Basico",10,"intro a la practica deportiva para personas con discapacidad visual, motora e intelectual niv basico"
DPT9056,Deporte Adaptado e Inclusión al Servicio de la Comunidad,10,deporte adaptado e inclusion al servicio de la comunidad
DPT9060,Embajadores de Cambio para una Vida Activa,10,embajadores de cambio para una vida activa
DPT9065,"Embajadores de Cambio, para una Vida Activa",10,"embajadores de cambio, para una vida activa"
DPT9100,Taichi y Cultura Tradicional China (DPT9100),10,taichi y cultura tradicional china (dpt9100)
DPT9105,Danza Estilo Libre,10,danza estilo libre
DPT9330,Motricidad en el Ciclo Vital I,10,motricidad en el ciclo vital 1
DPT9335,Motricidad en el Ciclo Vital I (DPT9335),10,motricidad en el ciclo vital 1 (dpt9335)
DPT9336,Motricidad en el Ciclo Vital al Servicio de la Comunidad,10,motricidad en el ciclo vital al servicio de la comunidad
DPT9340,Tchoukball I,5,tchoukball 1
DPT9350,Entrenamiento de Habilidades Mentales Enfocadas al Deporte,10,entrenamiento de habilidades mentales enfocadas al deporte
DPT9360,Diseño y Evaluación de Proyectos Deportivos,10,diseno y evaluacion de proyectos deportivos
DPV001V,Introducción a los Deportes,5,introduccion a los deportes
DPV002V,Entrenamiento de la Condición Física,5,entrenamiento de la condicion fisica
DPV003V,Fútbol,5,futbol
DPV004V,Vóleibol,5,voleibol
DPV005V,Básquetbol,5,basquetbol
EAA000,Convenio Puc-Ucla (EAA000),1,convenio puc-ucla (eaa000)
EAA001,Convenio Puc-U.Of Chicago,0,convenio puc-u.of chicago
EAA002,Convenio Puc-Indiana,0,convenio puc-indiana
EAA003,Convenio Puc-North Western,0,convenio puc-north western
EAA100A,Horizontes y Desafíos en la Gestión de Empresas,10,horizontes y desafios en la gestion de empresas
EAA100P,Práctica Básica,0,practica basica
EAA102A,Organización y Administración de Personal,10,organizacion y administracion de personal
EAA104A,Comportamiento Humano en las Organizaciones,10,comportamiento humano en las organizaciones
EAA105A,Fgs Rol Social de la Empresa,5,fgs rol social de la empresa
EAA107A,Fgs Empresa: Administración y Entorno,5,fgs empresa: administracion y entorno
EAA108A,Fgs Principios de Administración,5,fgs principios de administracion
EAA110A,Contabilidad I,10,contabilidad 1
EAA110C,Contabilidad y Costos,10,contabilidad y costos
EAA110D,Contabilidad y Costos (EAA110D),8,contabilidad y costos (eaa110d)
EAA110G,Contabilidad y Costos (EAA110G),8,contabilidad y costos (eaa110g)
EAA1110,Comportamiento Organizacional,10,comportamiento organizacional
EAA111A,Contabilidad II,10,contabilidad 2
EAA111B,Contabilidad II (EAA111B),10,contabilidad 2 (eaa111b)
EAA1210,Contabilidad,10,contabilidad
EAA1220,Fundamentos de Finanzas,10,fundamentos de finanzas
EAA1510,Probabilidad y Estadística,10,probabilidad y estadistica
EAA1520,Inferencia Estadística,10,inferencia estadistica
EAA161B,Taller de Computación I: Word y Power Point,0,taller de computacion i: word y power point
EAA162B,Taller de Computación II: Excel,0,taller de computacion ii: excel
EAA162C,Taller de Computación I,0,taller de computacion 1
EAA163B,Taller de Computación III: Bases de Datos,0,taller de computacion iii: bases de datos
EAA163C,Taller de Computación II,0,taller de computacion 2
EAA200A,Fundamentos de Dirección Empresas,10,fundamentos de direccion empresas
EAA200B,Fundamentos de Dirección de Empresas,10,fundamentos de direccion de empresas
EAA200E,Decisiones Dificiles,10,decisiones dificiles
EAA2018,Estrategias Competitivas en Plataformas Digitales,10,estrategias competitivas en plataformas digitales
EAA201B,Control de Gestión,10,control de gestion
EAA201E,Tópicos para Emprender I: Marketing y Servicios,10,topicos para emprender i: marketing y servicios
EAA202B,Administración de Empresas Japonesa,10,administracion de empresas japonesa
EAA202E,Tópicos para Emprender II: Aspectos Legales,10,topicos para emprender ii: aspectos legales
EAA202G,Dirección Empresas de Turismo,10,direccion empresas de turismo
EAA202L,Administración Universitaria,10,administracion universitaria
EAA203A,Diseño Organizacional,10,diseno organizacional
EAA203B,Inteligencia Emocional en la Empresa,10,inteligencia emocional en la empresa
EAA203C,Desarrollo de Habilidades de Autogestion para la Empresa,10,desarrollo de habilidades de autogestion para la empresa
EAA203E,Habilidades Comunicativas en la Empresa,10,habilidades comunicativas en la empresa
EAA203F,Liderazgo Organizacional,10,liderazgo organizacional
EAA203H,El Liderazgo Como Una Competencia Directiva,10,el liderazgo como una competencia directiva
EAA203I,Liderazgo para la Adaptabilidad Organizacional Competitiva,10,liderazgo para la adaptabilidad organizacional competitiva
EAA203L,Liderazgo Valorico,10,liderazgo valorico
EAA203S,"Social Skills-Communication, Conflict Management and Negotiation",10,"social skills-communication, conflict management and negotiation"
EAA204A,Técnicas de Planificación y Control,10,tecnicas de planificacion y control
EAA205B,Tópicos en Toma de Decisiones y Racionalidad,10,topicos en toma de decisiones y racionalidad
EAA206A,Seminario de Dirección de Empresa,10,seminario de direccion de empresa
EAA206B,Taller Administración Empresas,10,taller administracion empresas
EAA206E,Tópicos para Emprender III: Negociación y Liderazgo,10,topicos para emprender iii: negociacion y liderazgo
EAA206F,Inversión y Gestión Inmobiliaria,10,inversion y gestion inmobiliaria
EAA2071,Ecosistemas de Innovación y Emprendimiento,5,ecosistemas de innovacion y emprendimiento
EAA2072,Innovación y Tecnologías Emergentes,5,innovacion y tecnologias emergentes
EAA2075,Financiamiento de Startups,5,financiamiento de startups
EAA2078,La Empresa y su Entorno: la Historia de la Iniciativa Privada,10,la empresa y su entorno: la historia de la iniciativa privada
EAA2079,Metodologías Agiles para la Innovación Organizacional,5,metodologias agiles para la innovacion organizacional
EAA207A,Administración de Negocios Pequeños y Mediano,10,administracion de negocios pequenos y mediano
EAA207B,Estrategias Empresariales de Crecimiento,10,estrategias empresariales de crecimiento
EAA207C,Estrategia de la Innovación,10,estrategia de la innovacion
EAA207E,Innovación Estrategica en Un Mundo Global,10,innovacion estrategica en un mundo global
EAA207F,Laboratorio de Innovación,10,laboratorio de innovacion
EAA2080,Innovación Sistemica y Ecosistemas de Emprendimiento,10,innovacion sistemica y ecosistemas de emprendimiento
EAA2081,Gestión de la Innovación,5,gestion de la innovacion
EAA208A,Realidad Empresarial Chilena,10,realidad empresarial chilena
EAA208B,Negociaciones Empresariales,10,negociaciones empresariales
EAA208C,Seminario:Negocios por Internet,10,seminario:negocios por internet
EAA208D,Seminario: Administración de Empresas Sin Fines de Lucro,10,seminario: administracion de empresas sin fines de lucro
EAA208E,Desafíos en la Creación de Empresas,10,desafios en la creacion de empresas
EAA2091,Fundamentos de la Teoría y Práctica de la Innovación,10,fundamentos de la teoria y practica de la innovacion
EAA2092,Innovación y Cambio Climático,5,innovacion y cambio climatico
EAA2095,Prototyping and Testing Business Ideas,5,prototyping and testing business ideas
EAA209B,Decisiones Estrategica y Teoría de Juegos,10,decisiones estrategica y teoria de juegos
EAA209C,Estrategias de Negociación,10,estrategias de negociacion
EAA209D,Fundamentos del Emprendimiento y la Innovación,10,fundamentos del emprendimiento y la innovacion
EAA209E,Emprendimiento Social,10,emprendimiento social
EAA209G,Laboratorio de Emprendimiento e Innovación Social,10,laboratorio de emprendimiento e innovacion social
EAA209H,Seminario de Emprendimiento Social,10,seminario de emprendimiento social
EAA209L,Design Thinking para los Negocios,10,design thinking para los negocios
EAA2105,Inclusión Laboral,5,inclusion laboral
EAA210E,Fundamentos de Gestión Financiera,10,fundamentos de gestion financiera
EAA2110,Dirección de Personas,10,direccion de personas
EAA212A,Costos,10,costos
EAA213A,Contabilidad y Toma de Decisiones,10,contabilidad y toma de decisiones
EAA2150,Tópicos Avanzados de Comportamiento Organizacional,10,topicos avanzados de comportamiento organizacional
EAA218A,Empresa y Legislación (EAA218A),10,empresa y legislacion (eaa218a)
EAA219A,Contabilidad Superior,10,contabilidad superior
EAA220A,Finanzas I,10,finanzas 1
EAA2210,Teoría Financiera,10,teoria financiera
EAA2220,Contabilidad de Costos,5,contabilidad de costos
EAA2225,Finanzas Internacionales,10,finanzas internacionales
EAA222B,Seminario de Mercado de Capitales Chileno,10,seminario de mercado de capitales chileno
EAA222F,Mercado de Capitales,10,mercado de capitales
EAA2230,Empresa y Legislación,5,empresa y legislacion
EAA2234,Fintech: Aplicaciones Financieras,10,fintech: aplicaciones financieras
EAA2235,Tópicos en Finanzas Corporativas,10,topicos en finanzas corporativas
EAA2240,Contabilidad Gerencial,10,contabilidad gerencial
EAA2245,Inversiones de Renta Fija,10,inversiones de renta fija
EAA224A,Seminario de Finanzas,10,seminario de finanzas
EAA224B,Seminario de Finanzas II,10,seminario de finanzas 2
EAA224C,Seminario de Finanzas: Banco de Inversiones,10,seminario de finanzas: banco de inversiones
EAA225A,Tópicos en Finanzas,10,topicos en finanzas
EAA225B,Tópicos Finanzas: Opciones y Futuros,10,topicos finanzas: opciones y futuros
EAA225D,Administración Financiera en Compania de Seguros,10,administracion financiera en compania de seguros
EAA225F,Seminario de Finanzas (EAA225F),10,seminario de finanzas (eaa225f)
EAA2260,Valoración Financiera de Empresas,10,valoracion financiera de empresas
EAA226B,Evaluación Financiera de Proyectos,10,evaluacion financiera de proyectos
EAA226F,Administración Financiera en Bienes Raices,10,administracion financiera en bienes raices
EAA227B,Finanzas Internacionales (EAA227B),10,finanzas internacionales (eaa227b)
EAA227F,Análisis de Casos en Finanzas,10,analisis de casos en finanzas
EAA228B,Análisis de Estados Financieros,10,analisis de estados financieros
EAA229B,Bancos e Instituciones Financiera,10,bancos e instituciones financiera
EAA229C,Legislación Financiera,10,legislacion financiera
EAA230A,Mercados I,10,mercados 1
EAA2310,Fundamentos de Marketing,10,fundamentos de marketing
EAA231A,Mercados II,10,mercados 2
EAA2320,Marketing Analytics,10,marketing analytics
EAA232A,Conducta del Consumidor,10,conducta del consumidor
EAA234A,Técnicas en Marketing,10,tecnicas en marketing
EAA234B,Técnicas Multivariables,10,tecnicas multivariables
EAA234C,Técnicas de Marketing II: Estadisticas No Paramétrica,10,tecnicas de marketing ii: estadisticas no parametrica
EAA2350,International Marketing,10,international marketing
EAA235A,Política de Precios,5,politica de precios
EAA235B,Marketing Internacional,5,marketing internacional
EAA235C,Modelos en Marketing,5,modelos en marketing
EAA236A,Política de Productos,10,politica de productos
EAA236C,Administración de Canales de Distribución,10,administracion de canales de distribucion
EAA237B,Dirección Estrategica de Ventas,10,direccion estrategica de ventas
EAA238A,Tópicos de Mercado,10,topicos de mercado
EAA238B,Tópicos de Mercado:Ventas,10,topicos de mercado:ventas
EAA238C,Topico de Mercado: Marketing Financiero,10,topico de mercado: marketing financiero
EAA238D,Tópicos de Mercado: Marketing Directo,10,topicos de mercado: marketing directo
EAA238E,Tópicos de Mercados: Marketing Industrial y de Servicio,10,topicos de mercados: marketing industrial y de servicio
EAA238F,Marketing de Servicio,10,marketing de servicio
EAA239A,Estrategia Promocional,10,estrategia promocional
EAA239C,Publicidad: Creatividad e Impacto,10,publicidad: creatividad e impacto
EAA239D,Estrategia de Marketing,10,estrategia de marketing
EAA239E,Seminario de Publicidad,10,seminario de publicidad
EAA2402,Sostenibilidad Empresarial,10,sostenibilidad empresarial
EAA240A,Administración de Recursos Humanos,10,administracion de recursos humanos
EAA2410,Estrategia de la Organización,10,estrategia de la organizacion
EAA241A,Métodos y Tec Nicas de Negociación Colectiva,10,metodos y tec nicas de negociacion colectiva
EAA241B,"Recursos Humanos, Aspectos Internacionales",10,"recursos humanos, aspectos internacionales"
EAA2420,Estrategia Competitiva,10,estrategia competitiva
EAA242A,Técnicas de Administración de Personal,10,tecnicas de administracion de personal
EAA244A,Tópicos de Recursos Humanos,10,topicos de recursos humanos
EAA244B,Tópicos de Recursos Humanos (EAA244B),10,topicos de recursos humanos (eaa244b)
EAA245A,Casos de Relaciones Industriales,10,casos de relaciones industriales
EAA2461,Principios de la Seguridad Pública: Teoría y Práctica,10,principios de la seguridad publica: teoria y practica
EAA2462,Prevención del Delito Basada en Evidencia: Herramientas y Aplicaciones,10,prevencion del delito basada en evidencia: herramientas y aplicaciones
EAA246A,Seguridad Social,10,seguridad social
EAA246B,El Sindicato en la Empresa,10,el sindicato en la empresa
EAA247A,Juego de Negociación Colectiva,10,juego de negociacion colectiva
EAA248A,Desarrollo Relaciones Humanas en la Empresa,10,desarrollo relaciones humanas en la empresa
EAA248B,Políticas de Remuneraciones,10,politicas de remuneraciones
EAA249A,Seminario de Recursos Humanos,10,seminario de recursos humanos
EAA252A,Administración de la Producción,10,administracion de la produccion
EAA257B,Operations and Supply Chain Analytics,10,operations and supply chain analytics
EAA260A,Informática,10,informatica
EAA261A,Tópicos de Informática,10,topicos de informatica
EAA2710,International Business for a Global World,10,international business for a global world
EAA271A,Negocios Internacionales,10,negocios internacionales
EAA280A,Técnicas en Comunicación Oral y Escrita,10,tecnicas en comunicacion oral y escrita
EAA280B,Propiedad Intelectual: Aspectos Legales,10,propiedad intelectual: aspectos legales
EAA2811,Gestión de Empresas sin Fines de Lucro,10,gestion de empresas sin fines de lucro
EAA281A,Planificación Tributaria (EAA281A),10,planificacion tributaria (eaa281a)
EAA2821,Gestión Estrategica de Fundaciones,10,gestion estrategica de fundaciones
EAA282A,Aspectos Legales y Tributarios de las Empresas y Organizaciones Sin Fines de Lucro,10,aspectos legales y tributarios de las empresas y organizaciones sin fines de lucro
EAA2831,Creación y Dirección Estrategica de ONGs,10,creacion y direccion estrategica de ongs
EAA283A,Persona y Empresa,10,persona y empresa
EAA2841,Sociedad Civil y Filantropia,10,sociedad civil y filantropia
EAA284A,Derecho de la Empresa,10,derecho de la empresa
EAA292A,Responsabilidad y Emprendimiento Social,10,responsabilidad y emprendimiento social
EAA295A,Estudios Dirigidos,10,estudios dirigidos
EAA296A,Estudios de Administración de Empresas I,10,estudios de administracion de empresas 1
EAA303A,Desarrollo Organizacional,12,desarrollo organizacional
EAA303B,Modelos para el Aprendizaje Organizacional,12,modelos para el aprendizaje organizacional
EAA304A,Tópicos de Estrategia Competitiva,12,topicos de estrategia competitiva
EAA304B,Estrategia Corporativa,12,estrategia corporativa
EAA304C,Sostenibilidad Corporativa: Enfoque de Empresas Pioneras,10,sostenibilidad corporativa: enfoque de empresas pioneras
EAA305D,Gestión de Inversiones,12,gestion de inversiones
EAA306A,Dirección de Empresas Multinacional,12,direccion de empresas multinacional
EAA306B,Gestión Inmobiliaria,12,gestion inmobiliaria
EAA306D,Gestión de Inversiones (EAA306D),12,gestion de inversiones (eaa306d)
EAA306E,Estrategia de Organización Corporativa,12,estrategia de organizacion corporativa
EAA306F,Estrategias de Comercio Electrónico,12,estrategias de comercio electronico
EAA306G,Estrategia de Negocio en la Red,12,estrategia de negocio en la red
EAA306H,Creación y Destrucción de Valor: el Rol de la Ley,12,creacion y destruccion de valor: el rol de la ley
EAA306L,Análisis Estrategico de Industrias y Mercados,12,analisis estrategico de industrias y mercados
EAA307A,Técnicas de Predicción,12,tecnicas de prediccion
EAA307B,Estrategia Empresarial (EAA307B),12,estrategia empresarial (eaa307b)
EAA307C,Desarrollo Empresarial,12,desarrollo empresarial
EAA307D,Innovación Estrategica,12,innovacion estrategica
EAA307F,Estrategia e Incentivos en Organizaciones,12,estrategia e incentivos en organizaciones
EAA308A,Negocios Internacionales (EAA308A),12,negocios internacionales (eaa308a)
EAA308B,Negociaciones Empresariales (EAA308B),12,negociaciones empresariales (eaa308b)
EAA308C,Haciendo Negocios en Chile y Mexico,12,haciendo negocios en chile y mexico
EAA308E,Emprendimiento Práctico,12,emprendimiento practico
EAA309D,Teoría de Juegos,12,teoria de juegos
EAA309S,Teoría de Juegos (EAA309S),10,teoria de juegos (eaa309s)
EAA317A,Liderazgo Orientado por Valores: Un enfoque práctico,12,liderazgo orientado por valores: un enfoque practico
EAA3215,Finanzas Cuantitativas y Gestión de Riesgo,10,finanzas cuantitativas y gestion de riesgo
EAA321B,Finanzas II,12,finanzas 2
EAA322A,Decisiones de Inversión Financiera,12,decisiones de inversion financiera
EAA322B,Inversiones: Renta Fija,12,inversiones: renta fija
EAA322C,Mercado Capitales América Latina,12,mercado capitales america latina
EAA323A,Estudios Empiricos en Finanzas,12,estudios empiricos en finanzas
EAA323B,Mercados de Capitales,12,mercados de capitales
EAA323C,Fintech,10,fintech
EAA323F,Finanzas Internacionales (EAA323F),12,finanzas internacionales (eaa323f)
EAA324A,Seminario de Inversiones,12,seminario de inversiones
EAA324B,Laboratorio de Finanzas,12,laboratorio de finanzas
EAA324C,Banca de Inversiones,12,banca de inversiones
EAA325A,Tópicos Finanzas,12,topicos finanzas
EAA325C,Hedging de Opciones,12,hedging de opciones
EAA326B,Trading en Mercados Financieros Modernos,10,trading en mercados financieros modernos
EAA326C,Eficiencia del Mercado Financiero,10,eficiencia del mercado financiero
EAA327A,Administración de Port Folio,12,administracion de port folio
EAA328A,Análisis Financiero Avanzado,12,analisis financiero avanzado
EAA328B,Valoración Financiera de Proyectos,12,valoracion financiera de proyectos
EAA328C,Tópicos de Finanzas Corporativas,12,topicos de finanzas corporativas
EAA329A,Institucionalidad Sistemas de Pensiones,12,institucionalidad sistemas de pensiones
EAA329B,Financiamiento Empresarial,12,financiamiento empresarial
EAA329C,Bancos e Instituciones Financieras,12,bancos e instituciones financieras
EAA329D,Riesgo y Reestructuración Corporativa,12,riesgo y reestructuracion corporativa
EAA3315,Estrategias de Comunicación Digital,10,estrategias de comunicacion digital
EAA332A,Conducta al Consumidor,12,conducta al consumidor
EAA333A,Modelos para Decisiones en Marketing,12,modelos para decisiones en marketing
EAA333B,Social Media for Marketing and Management,12,social media for marketing and management
EAA334A,Estrategia de Distribución y Precios,12,estrategia de distribucion y precios
EAA335,Gestión y Dirección de Ventas,12,gestion y direccion de ventas
EAA335A,Gestión y Dirección de Ventas (EAA335A),12,gestion y direccion de ventas (eaa335a)
EAA336A,Canales de Distribución y Logística,12,canales de distribucion y logistica
EAA336B,Decisiones en Comercialización,12,decisiones en comercializacion
EAA338A,Tópicos de Mercado (EAA338A),12,topicos de mercado (eaa338a)
EAA338C,Tópicos de Mercado:Marketing Industrial,10,topicos de mercado:marketing industrial
EAA338E,Tópicos de Marketing:Planificación,12,topicos de marketing:planificacion
EAA338G,Laboratorio de Marketing,12,laboratorio de marketing
EAA338H,Retail y Entendimiento del Shopper,12,retail y entendimiento del shopper
EAA338L,"Ideas no convencionales de Marketing, el Marketing Generativo",10,"ideas no convencionales de marketing, el marketing generativo"
EAA339A,Estrategia de Marketing (EAA339A),12,estrategia de marketing (eaa339a)
EAA339E,Conducta y Publicidad,12,conducta y publicidad
EAA339F,Estrategia Publicitaria,12,estrategia publicitaria
EAA339G,Marketing Internacional (EAA339G),12,marketing internacional (eaa339g)
EAA3405,Negocios Internacionales para un Mundo Global,10,negocios internacionales para un mundo global
EAA3406,Estrategia y Sustentabilidad,10,estrategia y sustentabilidad
EAA341B,Estudios y Medición en Gestión de Recursos Humanos,10,estudios y medicion en gestion de recursos humanos
EAA342A,Relaciones Laborales y Sindicales de la Empresa,12,relaciones laborales y sindicales de la empresa
EAA342B,Gestión de Recursos Humanos y Calidad de Vida Laboral,10,gestion de recursos humanos y calidad de vida laboral
EAA344A,Tópicos de Recursos Humanos (EAA344A),12,topicos de recursos humanos (eaa344a)
EAA349B,Seminario de Dirección de Recursos Humanos,12,seminario de direccion de recursos humanos
EAA352C,Dirección Estrategia de Operación,12,direccion estrategia de operacion
EAA353C,Calidad y Productividad,12,calidad y productividad
EAA355C,Gestión de Empresas de Servicios,12,gestion de empresas de servicios
EAA361A,Análisis de Big Data,10,analisis de big data
EAA363A,Tecnologías de Información,12,tecnologias de informacion
EAA363B,Taller de Tecnología de la Información,12,taller de tecnologia de la informacion
EAA371A,Impacto social y modelos de creación de valor para el Futuro de América Latina,12,impacto social y modelos de creacion de valor para el futuro de america latina
EAA375A,Empresas Familiares: Decisiones Relevantes para Su Proyección Exitosa en el Tiempo,12,empresas familiares: decisiones relevantes para su proyeccion exitosa en el tiempo
EAA392A,Estrategia y Empresa Socialmente Responsable,10,estrategia y empresa socialmente responsable
EAA392B,Estrategia y Empresa Socialmente Responsable (EAA392B),12,estrategia y empresa socialmente responsable (eaa392b)
EAA395A,Estudios Dirigidos (EAA395A),12,estudios dirigidos (eaa395a)
EAA396A,Estudios de Administración de Empresas II,12,estudios de administracion de empresas 2
EAA399A,Administración 300,12,administracion 300
EAC133A,Sonomontaje para Radio y TV,10,sonomontaje para radio y tv
EAD100A,Derecho y Sociedad,10,derecho y sociedad
EAD103A,Fundamentos del Comportamiento,10,fundamentos del comportamiento
EAD206A,Ética en la Empresa,10,etica en la empresa
EAD206B,Ética Económica,10,etica economica
EAD206C,Moralidad y Felicidad,10,moralidad y felicidad
EAD206D,La Exigencia Moral: Una Reflexion a la Luz de la Fe y del Magisterio,10,la exigencia moral: una reflexion a la luz de la fe y del magisterio
EAD206E,Ética Empresarial: Persona Humana y Empresa,10,etica empresarial: persona humana y empresa
EAD207C,Por qué el Hombre,10,por que el hombre
EAD207D,El Hombre y el Trabajo,10,el hombre y el trabajo
EAD207E,Porque el Hombre para Una Antropología Adecuada,10,porque el hombre para una antropologia adecuada
EAD207F,El Significado de la Existencia Humana,10,el significado de la existencia humana
EAE106P,Economía Chilena,10,economia chilena
EAE109A,Fgs Política Económica Chilena,5,fgs politica economica chilena
EAE109B,Fgs Historia del Pensamiento Económico,5,fgs historia del pensamiento economico
EAE109C,Fgs Economía Algunos Principios,5,fgs economia algunos principios
EAE1110,Introducción a la Microeconomía,10,introduccion a la microeconomia
EAE1210,Introducción a la Macroeconomía,10,introduccion a la macroeconomia
EAE1220,Análisis Económico: la Experiencia Chilena,10,analisis economico: la experiencia chilena
EAE130A,Análisis Económico y Experiencia Chilena,10,analisis economico y experiencia chilena
EAE163A,Evaluación Privada de Proyectos,10,evaluacion privada de proyectos
EAE195A,Economía Recursos Naturales y Medio Ambiente,10,economia recursos naturales y medio ambiente
EAE2031,Productividad: Políticas Públicas y su Impacto en las Empresas,10,productividad: politicas publicas y su impacto en las empresas
EAE203C,Políticas de Productividad: Análisis Económico e Impacto para las Empresas,10,politicas de productividad: analisis economico e impacto para las empresas
EAE204A,Current Issues in Economics,10,current issues in economics
EAE206A,Economía Chilena (EAE206A),10,economia chilena (eae206a)
EAE206B,Tópicos de Economía Chilena,10,topicos de economia chilena
EAE207A,Economía Chilena: La Economía Chilena en el Siglo XXI,10,economia chilena: la economia chilena en el siglo xxi
EAE209E,Economía y Teoría de Juegos,10,economia y teoria de juegos
EAE2110,Microeconomía I,10,microeconomia 1
EAE2111,Pensiones y Políticas Públicas,10,pensiones y politicas publicas
EAE2113,Economía del Comportamiento,10,economia del comportamiento
EAE2120,Microeconomía II,10,microeconomia 2
EAE2130,Competencia y Mercado,10,competencia y mercado
EAE2131,Tópicos en Energía y Medioambiente,10,topicos en energia y medioambiente
EAE215A,Economía de la Energía y el Cambio Climático,10,economia de la energia y el cambio climatico
EAE2161,Tópicos de Políticas Públicas,10,topicos de politicas publicas
EAE216A,Análisis Económico de Políticas Públicas,10,analisis economico de politicas publicas
EAE216B,Políticas Públicas y Public Choice,10,politicas publicas y public choice
EAE216C,Teoría y Práctica en Políticas Públicas,10,teoria y practica en politicas publicas
EAE216E,Aplicación de Microeconomía,10,aplicacion de microeconomia
EAE217B,Economía del Bienestar,10,economia del bienestar
EAE220B,Macroeconomía,10,macroeconomia
EAE2210,Macroeconomía I,10,macroeconomia 1
EAE2211,Desafíos Macroeconomicos en Paises Emergentes,10,desafios macroeconomicos en paises emergentes
EAE2212,Tópicos de Macroeconomía,10,topicos de macroeconomia
EAE2215,Desarrollo Económico y Sustentable en América Latina,10,desarrollo economico y sustentable en america latina
EAE2216,Desarrollo Sustentable y Capital Natural,10,desarrollo sustentable y capital natural
EAE2220,Macroeconomía II,10,macroeconomia 2
EAE2221,Tópicos de Crecimiento Económico,10,topicos de crecimiento economico
EAE2222,Tópicos de Política Económica,10,topicos de politica economica
EAE2223,"Sustentabilidad: ñComo Alcanzar un Desarrollo Económico, Social y Sostenibleñ",10,"sustentabilidad: ncomo alcanzar un desarrollo economico, social y sosteniblen"
EAE2225,Economía de la Banca,10,economia de la banca
EAE2228,Tópicos Macrofinancieros En Los Mercados Globales,10,topicos macrofinancieros en los mercados globales
EAE2235,La Economía Contemporánea de Asia,10,la economia contemporanea de asia
EAE2238,Crisis Económicas,10,crisis economicas
EAE223A,Políticas Macroeconomicas,10,politicas macroeconomicas
EAE223B,Tópicos de Macroeconometría,10,topicos de macroeconometria
EAE224A,Tópicos en Regulación Financiera,10,topicos en regulacion financiera
EAE225A,Contabilidad Nacional:Métodos y Aplicaciones,10,contabilidad nacional:metodos y aplicaciones
EAE226A,Tópicos en Microeconomía Aplicada,10,topicos en microeconomia aplicada
EAE2275,Economía Política,10,economia politica
EAE227A,"Banco Central,Teoría y Política",10,"banco central,teoria y politica"
EAE2301,"Regulación Económica en Chile: ñComo, cuando y por queñ",10,"regulacion economica en chile: ncomo, cuando y por quen"
EAE2305,Políticas Públicas para el Desarrollo,10,politicas publicas para el desarrollo
EAE2306,"Mercado Laboral, Participación y Equidad",10,"mercado laboral, participacion y equidad"
EAE2311,Economía y Filosofía: Diálogo para Dilemas Sociales,10,economia y filosofia: dialogo para dilemas sociales
EAE231A,Economía y Filosofía,10,economia y filosofia
EAE231C,Seminario de Filosofía Política Moderna para Economistas,10,seminario de filosofia politica moderna para economistas
EAE232A,Análisis Economicos de la Economía Organizacional,10,analisis economicos de la economia organizacional
EAE233A,Organización Industrial I,10,organizacion industrial 1
EAE234B,Políticas Pública y Regulación,10,politicas publica y regulacion
EAE234C,Políticas de Regulación,10,politicas de regulacion
EAE235A,Economía Laboral,10,economia laboral
EAE235B,Economía de la Salud,10,economia de la salud
EAE235C,Economía de las Pensiones,10,economia de las pensiones
EAE235D,Economía Urbana,10,economia urbana
EAE236A,Recursos Naturales e Investigación Tecnologica,10,recursos naturales e investigacion tecnologica
EAE237A,Organización de Mercados,10,organizacion de mercados
EAE238A,"Análisis Económico, Justicia y Crimen",10,"analisis economico, justicia y crimen"
EAE238B,Economía del Derecho Empresarial,10,economia del derecho empresarial
EAE238D,Análisis Económico del Derecho (EAE238D),10,analisis economico del derecho (eae238d)
EAE239A,Economía de las Artes y Política Cultural,10,economia de las artes y politica cultural
EAE240A,Economía Internacional,10,economia internacional
EAE240B,Macroeconomía Internacional,10,macroeconomia internacional
EAE2411,Economics of Global Competition,10,economics of global competition
EAE2412,Work in a Global Economy: Labor Markets and The Future of Work,10,work in a global economy: labor markets and the future of work
EAE2415,International Trade in a Global Economy,10,international trade in a global economy
EAE241C,Crisis Financiera,10,crisis financiera
EAE2421,Comercio Internacional: Teoría y Política Económica,10,comercio internacional: teoria y politica economica
EAE242A,Teoría Real del Comercio Internacional,10,teoria real del comercio internacional
EAE242B,Topico en Teoría Real del Comercio Internacional,10,topico en teoria real del comercio internacional
EAE243A,Comercio Monetario II,10,comercio monetario 2
EAE250A,Econometría I,10,econometria 1
EAE2510,Econometría,10,econometria
EAE2512,Ciencia de Datos y Consultoría Economía,10,ciencia de datos y consultoria economia
EAE2516,Ciencia de Datos y Proyecciones Macroeconomicas y Financieras,10,ciencia de datos y proyecciones macroeconomicas y financieras
EAE2521,Economía de los Sistemas Blockchain,10,economia de los sistemas blockchain
EAE252A,Tópicos en Econometría,10,topicos en econometria
EAE253B,Economía y Ciencia de los Datos,10,economia y ciencia de los datos
EAE2605,Desafíos para el Desarrollo Económico de Chile,10,desafios para el desarrollo economico de chile
EAE260B,Economía y Pobreza,10,economia y pobreza
EAE260C,"Pobreza, Distribución del Ingreso y Políticas Sociales",10,"pobreza, distribucion del ingreso y politicas sociales"
EAE2615,Política Pública y acción contra la Pobreza,10,politica publica y accion contra la pobreza
EAE262B,Economía y Evaluación de las Políticas Sociales,10,economia y evaluacion de las politicas sociales
EAE265A,Tópicos de Desarrollo Económico,10,topicos de desarrollo economico
EAE265B,Desarrollo Económico,10,desarrollo economico
EAE267A,Preparación de Proyectos,10,preparacion de proyectos
EAE271A,Finanzas Públicas,10,finanzas publicas
EAE271B,Ecomomia del Sector Público,10,ecomomia del sector publico
EAE271C,Economía Pública,10,economia publica
EAE271D,Economía Institucional,10,economia institucional
EAE272A,Finanzas Públicas II,10,finanzas publicas 2
EAE2731,"Inteligencia Artificial, Libre Competencia y Organizaciones",10,"inteligencia artificial, libre competencia y organizaciones"
EAE273A,Protección de la Libre Competencia: Aspectos Economicos y Juridicos,10,proteccion de la libre competencia: aspectos economicos y juridicos
EAE276A,Economía Política (EAE276A),10,economia politica (eae276a)
EAE278A,Tópicos de Mercado de Capitales,10,topicos de mercado de capitales
EAE281A,Teoría de Crecimiento Económico,10,teoria de crecimiento economico
EAE281B,Desarrollo Económico (EAE281B),10,desarrollo economico (eae281b)
EAE282A,Historia del Análisis Microeconomico,10,historia del analisis microeconomico
EAE282B,Historia Económica de Chile,10,historia economica de chile
EAE282C,Historia Económica Mundial,10,historia economica mundial
EAE282D,Economía Aplicada: Episodios de la Historia de Chile,10,economia aplicada: episodios de la historia de chile
EAE283A,Desarrollo Económico en América Latina,10,desarrollo economico en america latina
EAE285,Historia del Pensamiento Economic,10,historia del pensamiento economic
EAE285A,Historia del Pensamiento Económico,10,historia del pensamiento economico
EAE285B,Historia del Pensamiento Económico Chileno,10,historia del pensamiento economico chileno
EAE285C,Historia del Análisis Económico,10,historia del analisis economico
EAE285D,Seminario en Historia del Pensamiento Económico,10,seminario en historia del pensamiento economico
EAE285E,Trayectoria y Dilemas de Asia Oriental:China y Japon en el Siglo XX,10,trayectoria y dilemas de asia oriental:china y japon en el siglo xx
EAE286A,"Experiencias Económicas Comparadas: Europa, América Latina y Asia",10,"experiencias economicas comparadas: europa, america latina y asia"
EAE286B,Economía Europea,10,economia europea
EAE286C,China y la Economía Mundial,10,china y la economia mundial
EAE2905,Desarrollo Económico y Limites Planetarios,10,desarrollo economico y limites planetarios
EAE291A,Política Económica,10,politica economica
EAE292A,Problemas Economicos Latinoamericanos,10,problemas economicos latinoamericanos
EAE295A,Economía y Medio Ambiente,10,economia y medio ambiente
EAE295B,Economía de los Recursos Naturales,10,economia de los recursos naturales
EAE295C,Medio Ambiente y Economía de Recursos Naturales,10,medio ambiente y economia de recursos naturales
EAE299A,Economía 200,10,economia 200
EAE299C,Investigación en Pregrado UC Propone Economía,10,investigacion en pregrado uc propone economia
EAE306B,Gestión Inmobiliaria (EAE306B),12,gestion inmobiliaria (eae306b)
EAE310A,Tópicos Microeconomía,15,topicos microeconomia
EAE311A,Teoría Microeconomica II,12,teoria microeconomica 2
EAE314A,Economía de la Incertidumbre e Información,12,economia de la incertidumbre e informacion
EAE319B,Economía Matemática,12,economia matematica
EAE321A,Seminario Macroeconomía,15,seminario macroeconomia
EAE321C,Macroeconomía Empirica,12,macroeconomia empirica
EAE321G,Modelos Dinamicos en Tiempo Discreto,12,modelos dinamicos en tiempo discreto
EAE329A,Macroeconomía Internacional (EAE329A),12,macroeconomia internacional (eae329a)
EAE330A,Tópicos de Economía Agraria,15,topicos de economia agraria
EAE333A,Tópicos en Organización Industrial,15,topicos en organizacion industrial
EAE341A,Teoría Macroeconomica de la Economía Internacional,12,teoria macroeconomica de la economia internacional
EAE363D,Seminario Evaluación de Proyectos,24,seminario evaluacion de proyectos
EAE370A,Seminario Evaluación de Proyectos (EAE370A),24,seminario evaluacion de proyectos (eae370a)
EAE372A,Teoría de Contratos,12,teoria de contratos
EAE375A,Evaluación Económica de Derivados,12,evaluacion economica de derivados
EAE376A,Seminario Evaluación de Proyectos (EAE376A),24,seminario evaluacion de proyectos (eae376a)
EAE377A,Contratos e Instituciones Financieras,12,contratos e instituciones financieras
EAE378C,Economía Financiera,12,economia financiera
EAE378D,Tópicos en Economía Financiera,12,topicos en economia financiera
EAE378E,Tópicos en Economía Financiera II,12,topicos en economia financiera 2
EAE381A,Teoría del Crecimiento Económico,12,teoria del crecimiento economico
EAE381B,Tópicos de Crecimiento Económico (EAE381B),12,topicos de crecimiento economico (eae381b)
EAE395B,Análisis Empirico en Recursos Naturales y Medio Ambiente,12,analisis empirico en recursos naturales y medio ambiente
EAE396A,Seminario Política Económica,12,seminario politica economica
EAE399G,Economía 304,24,economia 304
EAE399L,Economía 300,12,economia 300
EAE399P,Economía 300 (EAE399P),12,economia 300 (eae399p)
EAF010,Economía y Sociedad,10,economia y sociedad
EAF2010,Aplicaciones Matemáticas para Economía y Negocios,10,aplicaciones matematicas para economia y negocios
EAF2500,Práctica Social,10,practica social
EAG110A,ñComo ser Lider en el Siglo XXIñ,10,ncomo ser lider en el siglo xxin
EAG120A,Finanzas Personales,10,finanzas personales
EAG160E,ñ Como tomamos decisionesñ,10,n como tomamos decisionesn
EAG165E,Políticas Públicas: Derribando Mitos de la Pobreza,10,politicas publicas: derribando mitos de la pobreza
EAG170A,Resolución Creativa de Problemas,10,resolucion creativa de problemas
EAG190A,Explorando el Mundo del Trabajo para la Toma de Decisiones Profesionales,10,explorando el mundo del trabajo para la toma de decisiones profesionales
EAG190E,Limites Planetarios y Desarrollo Económico,10,limites planetarios y desarrollo economico
EAG195E,Nuestra Huella en el Mundo: ñComo alcanzar el desarrollo sostenibleñ,10,nuestra huella en el mundo: ncomo alcanzar el desarrollo sosteniblen
EAL218A,Administración y Aspectos Legales,10,administracion y aspectos legales
EAL220A,Tópicos Legales,10,topicos legales
EAM310,Aspectos Tributarios para la Gestión,5,aspectos tributarios para la gestion
EAS203A,Análisis de Series de Tiempo,10,analisis de series de tiempo
EBA4000,Práctica II: Experiencia en la Institución Educativa,10,practica ii: experiencia en la institucion educativa
EBA4150,Didáctica de la Matemática I,10,didactica de la matematica 1
EBA4250,Didáctica de la Lengua I,10,didactica de la lengua 1
EBA4350,Didáctica de la Educación Artística I,10,didactica de la educacion artistica 1
EBA4450,Didáctica de la Educación Física I,10,didactica de la educacion fisica 1
EBA4500,Ciencias Naturales (EBA4500),10,ciencias naturales (eba4500)
EBA4550,Didáctica de las Ciencias Naturales I,10,didactica de las ciencias naturales 1
EBA4600,Ciencias Sociales,10,ciencias sociales
EBA4650,Didáctica de las Ciencias Sociales I,10,didactica de las ciencias sociales 1
EBA4700,Educación Tecnologica,10,educacion tecnologica
EBA4750,Didáctica de la Educación Tecnologica I,10,didactica de la educacion tecnologica 1
EBA4800,Práctica III: Experiencias Didacticas,10,practica iii: experiencias didacticas
EBA4900,Práctica IV: Internado Pedagogico,20,practica iv: internado pedagogico
EBP3000,Práctica I: Vocación y Profesión Docente,10,practica i: vocacion y profesion docente
EBP3300,Lenguaje Artístico Visual,10,lenguaje artistico visual
EBP3400,Lenguaje Musical,10,lenguaje musical
ECE100,Taller de Habilidades Comunicativas Castellano,0,taller de habilidades comunicativas castellano
ECM010,Desarrollo de Pensamiento Científico (Ciencias Naturales y Matemática),5,desarrollo de pensamiento cientifico (ciencias naturales y matematica)
ECM111M,Estadística y Probabilidad,10,estadistica y probabilidad
ECM2000,Enseñanza de las Ciencias en Contextos Interculturales,10,ensenanza de las ciencias en contextos interculturales
ECM2001,"Educación Sexual, Autocuidado y Afectividad",5,"educacion sexual, autocuidado y afectividad"
ECM2002,"Historia, Filosofía y Enseñanza de las Ciencias",10,"historia, filosofia y ensenanza de las ciencias"
ECM2003,"Enseñanza de las Ciencias, Cine y Literatura",10,"ensenanza de las ciencias, cine y literatura"
ECM201Q,Desarrollo de Habilidades del Pensamiento Científico,10,desarrollo de habilidades del pensamiento cientifico
ECM202M,Modelación Matemática,10,modelacion matematica
ECM208M,Taller de Matemática,10,taller de matematica
ECM221F,Desafíos de la Enseñanza y Aprendizaje de la Física,10,desafios de la ensenanza y aprendizaje de la fisica
ECM232M,Geometría Euclidiana,10,geometria euclidiana
ECM245B,Diseño de Laboratorio de Ciencias Biologicas en el Aula,10,diseno de laboratorio de ciencias biologicas en el aula
ECM275B,Desafíos de Aprendizaje en el Estudio de la Biología Escolar,10,desafios de aprendizaje en el estudio de la biologia escolar
ECM285A,Aprendizaje Basado en Proyectos en Contextos Universitarios y Escolares,10,aprendizaje basado en proyectos en contextos universitarios y escolares
ECM300Q,Desafíos en la Enseñanza y Aprendizaje de la Química,10,desafios en la ensenanza y aprendizaje de la quimica
ECM301Q,Química y su Relación con Otras Ciencias. Aplicaciones,10,quimica y su relacion con otras ciencias. aplicaciones
ECM311F,Diseño de Ambientes de Aprendizaje de la Física,10,diseno de ambientes de aprendizaje de la fisica
ECM370B,Taller de Biología,10,taller de biologia
ECM385A,Ciencias para la Ciudadanía,10,ciencias para la ciudadania
ECM400Q,Desarrollo de Practicas Cientificas para Enseñar Química,10,desarrollo de practicas cientificas para ensenar quimica
ECM409M,Seminario de Investigación Aplicada a la Enseñanza/Aprendizaje de la Matemática,10,seminario de investigacion aplicada a la ensenanza/aprendizaje de la matematica
ECM410F,Seminario de Investigación Aplicada a la Enseñanza/Aprendizaje de la Física,10,seminario de investigacion aplicada a la ensenanza/aprendizaje de la fisica
ECM411F,Taller de Física,10,taller de fisica
ECM450Q,Taller de Química,10,taller de quimica
ECM451Q,Seminario de Investigación Aplicada a la Enseñanza/Aprendizaje de la Química,10,seminario de investigacion aplicada a la ensenanza/aprendizaje de la quimica
ECM470B,Seminario de Investigación Aplicada a la Enseñanza/Aprendizaje de la Biología,10,seminario de investigacion aplicada a la ensenanza/aprendizaje de la biologia
ECM500B,Introducción a la Enseñanza de las Ciencias Naturales y la Biología,5,introduccion a la ensenanza de las ciencias naturales y la biologia
ECM500F,Introducción a la Enseñanza de la Física,5,introduccion a la ensenanza de la fisica
ECM500M,Introducción a la Enseñanza de la Matemática,5,introduccion a la ensenanza de la matematica
ECM500Q,Introducción a la Enseñanza de la Química,5,introduccion a la ensenanza de la quimica
EDF1000,Fgm Madurez Cristiana: Amor y Sexualidad,5,fgm madurez cristiana: amor y sexualidad
EDF1001,Fgs Sexualidad y Amor en el Cristiano,5,fgs sexualidad y amor en el cristiano
EDF1150,Fgs Educación para la Tv,5,fgs educacion para la tv
EDG0900,Disenos Multivariados,10,disenos multivariados
EDL2665,Metodología Investigación II,10,metodologia investigacion 2
EDO0025,"Arte, Cultura y Expresión",10,"arte, cultura y expresion"
EDO008,Folclore Chileno,10,folclore chileno
EDU0010,Tecnología de Información y Comunicación en Educación,10,tecnologia de informacion y comunicacion en educacion
EDU0011,Cmd Emprendimiento e Innovación en Educación,10,cmd emprendimiento e innovacion en educacion
EDU0012,Psicolinguística Evolutiva,5,psicolinguistica evolutiva
EDU0013,Fonoaudiología en Educación,5,fonoaudiologia en educacion
EDU0014,CMD Fundamentos del Conocimiento Pedagogico para la Enseñanza en Contextos Educativos en Desventaja,10,cmd fundamentos del conocimiento pedagogico para la ensenanza en contextos educativos en desventaja
EDU0015,CMD Est. de caso para la Generación de Nuevas Oportunidades de Aprendizaje en Contextos Educativos,10,cmd est. de caso para la generacion de nuevas oportunidades de aprendizaje en contextos educativos
EDU0016,Investigación en Pregrado UC Propone Educación,10,investigacion en pregrado uc propone educacion
EDU001R,"Práctica I: Persona, Vocación y Profesionalismo",10,"practica i: persona, vocacion y profesionalismo"
EDU0021,Interculturalidad y Educación,5,interculturalidad y educacion
EDU0022,Formación de Valores y Cambio Cultural a Través de la Práctica Docente,10,formacion de valores y cambio cultural a traves de la practica docente
EDU0023,Juego y Aprendizaje,5,juego y aprendizaje
EDU0024,Educación y Experiencia Estética,5,educacion y experiencia estetica
EDU0025,"Arte, Cultura y Expresión (EDU0025)",10,"arte, cultura y expresion (edu0025)"
EDU0026,Interculturalidad y Educación (EDU0026),10,interculturalidad y educacion (edu0026)
EDU0027,"Patrimonio, Memoria Histórica y Educación",10,"patrimonio, memoria historica y educacion"
EDU0028,Taller de Práctica: Interculturalidad,10,taller de practica: interculturalidad
EDU002R,Práctica II: Gestión en Aulas Heterogéneas en Educación Básica,15,practica ii: gestion en aulas heterogeneas en educacion basica
EDU0030,Psicomotricidad y Juego en el Niño,10,psicomotricidad y juego en el nino
EDU0031,"Juego, Educación y Naturaleza",10,"juego, educacion y naturaleza"
EDU0032,Juego y Aprendizaje (EDU0032),10,juego y aprendizaje (edu0032)
EDU0033,Multimedia Educativa,10,multimedia educativa
EDU0034,Taller de Práctica: Juegos y Recursos Didacticos,10,taller de practica: juegos y recursos didacticos
EDU0035,Educación y Experiencia Estética (EDU0035),10,educacion y experiencia estetica (edu0035)
EDU0036,Seminario de Formación de Audiencia Infantil,10,seminario de formacion de audiencia infantil
EDU0037,Taller de Práctica: Expresión Infantil,10,taller de practica: expresion infantil
EDU0038,Psicología del Desarrollo y la Religiosidad,10,psicologia del desarrollo y la religiosidad
EDU0039,Práctica Pedagogía en Religión Católica I,10,practica pedagogia en religion catolica 1
EDU003R,Práctica III: Pastoral en la Institución Educativa,10,practica iii: pastoral en la institucion educativa
EDU0040,Práctica Pedagogía en Religión Católica II,10,practica pedagogia en religion catolica 2
EDU0041,Didáctica de la Religión I,10,didactica de la religion 1
EDU0042,Didáctica de la Religión II,10,didactica de la religion 2
EDU0043,Práctica Pedagogía en Religión Católica III,15,practica pedagogia en religion catolica 3
EDU0044,Seminario de Investigación en Educación Religiosa Escolar,10,seminario de investigacion en educacion religiosa escolar
EDU0045,Práctica Pedagogía en Religión Católica IV,15,practica pedagogia en religion catolica 4
EDU0046,Práctica Profesional I Pedagogía En Religión Católica (Educación Básica),20,practica profesional 1 pedagogia en religion catolica (educacion basica)
EDU0047,Práctica Profesinal II Pedagogía en Religión Católica (Educación Media),20,practica profesinal 2 pedagogia en religion catolica (educacion media)
EDU0048,Examen de Licenciatura en Educación para Pedagogía en Religión Católica,0,examen de licenciatura en educacion para pedagogia en religion catolica
EDU004R,Práctica IV: Estrategias Didacticas para Educación Básica,10,practica iv: estrategias didacticas para educacion basica
EDU005R,Práctica Profesional I en Educación Básica,20,practica profesional 1 en educacion basica
EDU006R,Práctica Profesional II en Educación Básica,20,practica profesional 2 en educacion basica
EDU007R,Práctica II: Gestión en Aulas Heterogéneas en Educación Media,15,practica ii: gestion en aulas heterogeneas en educacion media
EDU008,Folclore Chileno (EDU008),10,folclore chileno (edu008)
EDU008R,Práctica III: Pastoral en la Institución Educativa (EDU008R),10,practica iii: pastoral en la institucion educativa (edu008r)
EDU009R,Práctica IV: Estrategias Didacticas para Educación Media,10,practica iv: estrategias didacticas para educacion media
EDU010R,Práctica Profesional I en Educación Media,20,practica profesional 1 en educacion media
EDU0110,Pensamiento Pedagogico,8,pensamiento pedagogico
EDU0111,La Educación Desde la Perspectiva Socio-Cultural,8,la educacion desde la perspectiva socio-cultural
EDU0112,Psicopedagogía del Escolar Medio,10,psicopedagogia del escolar medio
EDU0113,Currículum y Evaluación Educacional,8,curriculum y evaluacion educacional
EDU0114,Taller de la Institución Educativa y el Sujeto de la Educación,10,taller de la institucion educativa y el sujeto de la educacion
EDU0115,Conducción de la Interacción Educativa,5,conduccion de la interaccion educativa
EDU0116,La Educación Desde la Perspectiva Filosófica,8,la educacion desde la perspectiva filosofica
EDU0117,Ética del Quehacer Educativo,5,etica del quehacer educativo
EDU011B,Práctica 1: Educación Media en Ciencias Naturales y Biología,5,practica 1: educacion media en ciencias naturales y biologia
EDU011F,Práctica 1: Educación Media en Física,5,practica 1: educacion media en fisica
EDU011M,Práctica 1: Educación Media en Matemática,5,practica 1: educacion media en matematica
EDU011Q,Práctica 1: Educación Media en Química,5,practica 1: educacion media en quimica
EDU011R,Práctica Profesional II en Educación Media,20,practica profesional 2 en educacion media
EDU0120,Didáctica del Castellano I,10,didactica del castellano 1
EDU0121,Didáctica del Inglés I,10,didactica del ingles 1
EDU0123,Didáctica de la Historia I,10,didactica de la historia 1
EDU0125,Didáctica de la Filosofía I,10,didactica de la filosofia 1
EDU0127,Didáctica de las Artes Plasticas I,10,didactica de las artes plasticas 1
EDU0128,Didáctica de la Música I,10,didactica de la musica 1
EDU012B,Práctica 2: Educación Media en Ciencias Naturales y Biología,10,practica 2: educacion media en ciencias naturales y biologia
EDU012F,Práctica 2: Educación Media en Física,10,practica 2: educacion media en fisica
EDU012M,Práctica 2: Educación Media en Matemática,10,practica 2: educacion media en matematica
EDU012Q,Práctica 2: Educación Media en Química,10,practica 2: educacion media en quimica
EDU0130,Didáctica de la Física I,10,didactica de la fisica 1
EDU0132,Didáctica de la Biología I,10,didactica de la biologia 1
EDU0133,Didáctica de la Química I,10,didactica de la quimica 1
EDU013B,Práctica 3: Educación Media en Ciencias Naturales y Biología,15,practica 3: educacion media en ciencias naturales y biologia
EDU013F,Práctica 3: Educación Media en Física,15,practica 3: educacion media en fisica
EDU013M,Práctica 3: Educación Media en Matemática,15,practica 3: educacion media en matematica
EDU013Q,Práctica 3: Educación Media en Química,15,practica 3: educacion media en quimica
EDU013R,"Práctica I: Persona, Vocación y Profesionalismo (EDU013R)",10,"practica i: persona, vocacion y profesionalismo (edu013r)"
EDU0140,Didáctica del Castellano II,10,didactica del castellano 2
EDU0141,Didáctica del Inglés II,10,didactica del ingles 2
EDU0143,Didáctica de la Historia II,10,didactica de la historia 2
EDU0145,Didáctica de la Filosofía II,10,didactica de la filosofia 2
EDU0147,Didáctica de las Artes Plasticas II,10,didactica de las artes plasticas 2
EDU0148,Didáctica de la Música II,10,didactica de la musica 2
EDU0149,Didáctica de la Matemática II,10,didactica de la matematica 2
EDU014B,Práctica Profesional 1: Educación Media en Ciencias Naturales y Biología,20,practica profesional 1: educacion media en ciencias naturales y biologia
EDU014F,Práctica Profesional 1: Educación Media en Física,20,practica profesional 1: educacion media en fisica
EDU014M,Práctica Profesional 1: Educación Media en Matemática,20,practica profesional 1: educacion media en matematica
EDU014Q,Práctica Profesional 1: Educación Media en Química,20,practica profesional 1: educacion media en quimica
EDU014R,Práctica II: Gestión en Aulas Heterogéneas en Educación Básica (EDU014R),15,practica ii: gestion en aulas heterogeneas en educacion basica (edu014r)
EDU0150,Didáctica de la Física II,10,didactica de la fisica 2
EDU0151,Didáctica de las Ciencias Naturales II,10,didactica de las ciencias naturales 2
EDU0152,Didáctica de la Biología II,10,didactica de la biologia 2
EDU0153,Didáctica de la Química II,10,didactica de la quimica 2
EDU0158,Seminario de Investigación en Educación,8,seminario de investigacion en educacion
EDU015B,Práctica Profesional 2: Educación Media en Ciencias Naturales y Biología,20,practica profesional 2: educacion media en ciencias naturales y biologia
EDU015F,Práctica Profesional 2: Educación Media en Física,20,practica profesional 2: educacion media en fisica
EDU015M,Práctica Profesional 2: Educación Media en Matemática,20,practica profesional 2: educacion media en matematica
EDU015Q,Práctica Profesional 2: Educación Media en Química,20,practica profesional 2: educacion media en quimica
EDU015R,Práctica II: Gestión en Aulas Heterogéneas en Educación Media (EDU015R),15,practica ii: gestion en aulas heterogeneas en educacion media (edu015r)
EDU0160,Desarrollo y Aprendizaje del Adolescente,10,desarrollo y aprendizaje del adolescente
EDU0161,Gestión de Aulas Heterogéneas,10,gestion de aulas heterogeneas
EDU0162,Currículum,10,curriculum
EDU0163,Evaluación en la Educación Media,10,evaluacion en la educacion media
EDU0164,Práctica Inicial,10,practica inicial
EDU0165,Educación y Sociedad,10,educacion y sociedad
EDU0166,Ética Profesional en Educación,10,etica profesional en educacion
EDU016R,Práctica III: Pastoral en la Institución Educativa (EDU016R),10,practica iii: pastoral en la institucion educativa (edu016r)
EDU0170,Didáctica del Lenguaje I,10,didactica del lenguaje 1
EDU0171,Didáctica del Inglés I (EDU0171),10,didactica del ingles 1 (edu0171)
EDU0172,Didáctica de la Historia I (EDU0172),10,didactica de la historia 1 (edu0172)
EDU0173,Didáctica de la Filosofía I (EDU0173),10,didactica de la filosofia 1 (edu0173)
EDU0175,Didáctica de las Artes Visuales I,10,didactica de las artes visuales 1
EDU0176,Didáctica de la Música I (EDU0176),10,didactica de la musica 1 (edu0176)
EDU0179,Didáctica de la Biología y de las Ciencias Naturales I,10,didactica de la biologia y de las ciencias naturales 1
EDU017R,Práctica IV: Estrategias Didacticas para Educación Básica (EDU017R),10,practica iv: estrategias didacticas para educacion basica (edu017r)
EDU0181,Didáctica de las Artes Escénicas I,10,didactica de las artes escenicas 1
EDU0182,Taller de Enseñanza de la Geografía,10,taller de ensenanza de la geografia
EDU018R,Práctica IV: Estrategias Didacticas para Educación Media (EDU018R),10,practica iv: estrategias didacticas para educacion media (edu018r)
EDU0190,Didáctica del Lenguaje II,10,didactica del lenguaje 2
EDU0191,Didáctica del Inglés II (EDU0191),10,didactica del ingles 2 (edu0191)
EDU0192,Didáctica de la Historia II (EDU0192),10,didactica de la historia 2 (edu0192)
EDU0193,Didáctica de la Filosofía II (EDU0193),10,didactica de la filosofia 2 (edu0193)
EDU0195,Didáctica de las Artes Visuales II,10,didactica de las artes visuales 2
EDU0196,Didáctica de la Música II (EDU0196),10,didactica de la musica 2 (edu0196)
EDU0199,Didáctica de la Biología y de las Ciencias Naturales II,10,didactica de la biologia y de las ciencias naturales 2
EDU019R,Práctica Profesional I en Educación Básica (EDU019R),20,practica profesional 1 en educacion basica (edu019r)
EDU0201,Didáctica de las Artes Escénicas II,10,didactica de las artes escenicas 2
EDU0207,Seminario de Investigación en Educación Media,10,seminario de investigacion en educacion media
EDU020R,Práctica Profesional I en Educación Media (EDU020R),20,practica profesional 1 en educacion media (edu020r)
EDU021R,Práctica Profesional II en Educación Básica (EDU021R),20,practica profesional 2 en educacion basica (edu021r)
EDU022R,Práctica Profesional II en Educación Media (EDU022R),20,practica profesional 2 en educacion media (edu022r)
EDU023R,Desventaja Socioeducativa y Creencia Democrática,10,desventaja socioeducativa y creencia democratica
EDU024B,Taller de Habilidades Académicas-Ciencias Naturales y Biología,0,taller de habilidades academicas-ciencias naturales y biologia
EDU024E,Ecos de Cambio: Explorando las Heridas del Medio Ambiente en Chile,10,ecos de cambio: explorando las heridas del medio ambiente en chile
EDU024F,Taller de Habilidades Académicas-Física,0,taller de habilidades academicas-fisica
EDU024M,Taller de Habilidades Académicas-Matemática,0,taller de habilidades academicas-matematica
EDU024Q,Taller de Habilidades Académicas-Química,0,taller de habilidades academicas-quimica
EDU0252,Práctica Inicial I,5,practica inicial 1
EDU0253,Práctica Inicial II,5,practica inicial 2
EDU0255,Didáctica de la Física,10,didactica de la fisica
EDU0257,Práctica Inicial I (EDU0257),5,practica inicial 1 (edu0257)
EDU0258,Práctica Inicial II (EDU0258),5,practica inicial 2 (edu0258)
EDU0260,Didáctica de las Ciencias Naturales y la Biología I,10,didactica de las ciencias naturales y la biologia 1
EDU0261,Didáctica de las Ciencias Naturales y la Biología II,10,didactica de las ciencias naturales y la biologia 2
EDU0262,Práctica Inicial I (EDU0262),5,practica inicial 1 (edu0262)
EDU0263,Práctica Inicial II (EDU0263),5,practica inicial 2 (edu0263)
EDU0267,Práctica Inicial I (EDU0267),5,practica inicial 1 (edu0267)
EDU0270,Práctica Inicial: Matemática,10,practica inicial: matematica
EDU0271,Práctica Intermedia: Matemática,10,practica intermedia: matematica
EDU0272,Práctica Inicial: Física,10,practica inicial: fisica
EDU0273,Práctica Intermedia: Física,10,practica intermedia: fisica
EDU0274,Práctica Inicial: Ciencias Naturales y Biología,10,practica inicial: ciencias naturales y biologia
EDU0275,Práctica Intermedia: Ciencias Naturales y Biología,10,practica intermedia: ciencias naturales y biologia
EDU0276,Práctica Inicial: Química,10,practica inicial: quimica
EDU0277,Práctica Intermedia: Química,10,practica intermedia: quimica
EDU0278,Práctica Profesional: Matemática,20,practica profesional: matematica
EDU0279,Práctica Profesional: Física,20,practica profesional: fisica
EDU0280,Práctica Profesional: Ciencias Naturales y Biología,20,practica profesional: ciencias naturales y biologia
EDU0281,Práctica Profesional: Química,20,practica profesional: quimica
EDU0282,Didáctica de las Ciencias Naturales y la Biología III,10,didactica de las ciencias naturales y la biologia 3
EDU0283,Didáctica de la Física III,10,didactica de la fisica 3
EDU0284,Didáctica de la Química III,10,didactica de la quimica 3
EDU0300,"Didáctica de la Aritmética, del Álgebra y Funciones",10,"didactica de la aritmetica, del algebra y funciones"
EDU0301,Didáctica de la Geometría y de la Estadística,10,didactica de la geometria y de la estadistica
EDU0302,"Didáctica de la Geometría 3D, Análisis y Estadística Inferencial",10,"didactica de la geometria 3d, analisis y estadistica inferencial"
EDU0307,Historia y Políticas Educacionales,5,historia y politicas educacionales
EDU0308,Educación y Filosofía,5,educacion y filosofia
EDU0309,"Educación, Cultura y Sociedad",5,"educacion, cultura y sociedad"
EDU0310,Aprendizaje y Desarrollo: Teoría y Práctica,10,aprendizaje y desarrollo: teoria y practica
EDU0311,Teoría de la Educación,10,teoria de la educacion
EDU0312,Historia y Políticas Educacionales (EDU0312),10,historia y politicas educacionales (edu0312)
EDU0313,Educación y Filosofía (EDU0313),10,educacion y filosofia (edu0313)
EDU0314,"Educación, Cultura y Sociedad (EDU0314)",10,"educacion, cultura y sociedad (edu0314)"
EDU0315,Aprendizaje y Desarrollo del Escolar,10,aprendizaje y desarrollo del escolar
EDU0316,Gestión y Liderazgo en el Aula,10,gestion y liderazgo en el aula
EDU0317,Diversidad e Inclusión en Educación,10,diversidad e inclusion en educacion
EDU0318,Currículum en la Educación Básica,10,curriculum en la educacion basica
EDU0319,Evaluación en Educación Básica,10,evaluacion en educacion basica
EDU0322,Literatura para Niños,10,literatura para ninos
EDU0329,Desarrollo y Enseñanza del Lenguaje Artístico Visual,10,desarrollo y ensenanza del lenguaje artistico visual
EDU0330,Didáctica de la Lectura,10,didactica de la lectura
EDU0331,Didáctica de la Escritura,10,didactica de la escritura
EDU0334,Didáctica de las Ciencias Sociales,10,didactica de las ciencias sociales
EDU0335,Didáctica de la Geografía,10,didactica de la geografia
EDU0338,Práctica I: Educación Básica,10,practica i: educacion basica
EDU0339,Práctica II: Educación Básica,10,practica ii: educacion basica
EDU0340,Práctica III: Educación Básica,10,practica iii: educacion basica
EDU0341,Examen de Licenciatura en Educación para Educación Básica,0,examen de licenciatura en educacion para educacion basica
EDU0350,Práctica Pedagógica en Educación Especial I,10,practica pedagogica en educacion especial 1
EDU0351,Práctica Pedagógica en Educación Especial II,10,practica pedagogica en educacion especial 2
EDU0352,Práctica Pedagógica en Educación Especial III,10,practica pedagogica en educacion especial 3
EDU0353,Práctica Pedagógica en Educación Especial IV,10,practica pedagogica en educacion especial 4
EDU0361,Literatura Infantil y Juvenil,10,literatura infantil y juvenil
EDU0362,Leer y Escribir a Través del Currículum,10,leer y escribir a traves del curriculum
EDU0363,Didáctica de la Comunicación Multimodal,10,didactica de la comunicacion multimodal
EDU0365,Práctica Profesional I (Mención Lenguaje y Comunicación),20,practica profesional 1 (mencion lenguaje y comunicacion)
EDU0366,Práctica Profesional II (Mención Lenguaje y Comunicación),20,practica profesional 2 (mencion lenguaje y comunicacion)
EDU0370,Didáctica de la Matemática III,10,didactica de la matematica 3
EDU0375,Práctica Profesional I (Mención Matemática),20,practica profesional 1 (mencion matematica)
EDU0376,Práctica Profesional II (Mención Matemática),20,practica profesional 2 (mencion matematica)
EDU0380,Didáctica de la Historia,10,didactica de la historia
EDU0385,Práctica Profesional I (Mención Ciencias Sociales),20,practica profesional 1 (mencion ciencias sociales)
EDU0386,Prática Profesional II (Mención Ciencias Sociales),20,pratica profesional 2 (mencion ciencias sociales)
EDU0393,Didáctica de las Ciencias Naturales III,10,didactica de las ciencias naturales 3
EDU0395,Práctica Profesional I (Mención Ciencias Naturales),20,practica profesional 1 (mencion ciencias naturales)
EDU0396,Práctica Profesional II (Mención Ciencias Naturales),20,practica profesional 2 (mencion ciencias naturales)
EDU0411,Práctica Profesional en Educación Especial I,25,practica profesional en educacion especial 1
EDU0412,Práctica Profesional en Educación Especial II,30,practica profesional en educacion especial 2
EDU0420,Currículum y Modalidades Curriculares en Educación Parvularia,10,curriculum y modalidades curriculares en educacion parvularia
EDU0421,Fundamentos de la Educación Parvularia,5,fundamentos de la educacion parvularia
EDU0422,Aprendizajey Desarrollo del Niño: Teoría y Práctica,10,aprendizajey desarrollo del nino: teoria y practica
EDU0423,Evaluación en Educación Parvularia,10,evaluacion en educacion parvularia
EDU0424,Adquisición y Desarrollo de la Lengua,10,adquisicion y desarrollo de la lengua
EDU0425,Literatura en la Infancia,5,literatura en la infancia
EDU0426,"Números, Geometría, Datos y Azar en Educación Parvularia",10,"numeros, geometria, datos y azar en educacion parvularia"
EDU0428,Aprendizaje y Desarrollo del Niño I: Teoría y Práctica,10,aprendizaje y desarrollo del nino i: teoria y practica
EDU0429,Aprendizaje y Desarrollo del Niño II: Teoría y Práctica,10,aprendizaje y desarrollo del nino ii: teoria y practica
EDU0430,Metodología de la Educación Parvularia,10,metodologia de la educacion parvularia
EDU0431,Pensamiento Matematico del Niño y Su Didáctica,10,pensamiento matematico del nino y su didactica
EDU0432,Pensamiento Social del Niño y Su Didáctica,10,pensamiento social del nino y su didactica
EDU0433,Pensamiento Científico del Niño y Su Didáctica,10,pensamiento cientifico del nino y su didactica
EDU0434,Didáctica del Lenguaje Oral y Escrito,10,didactica del lenguaje oral y escrito
EDU0435,Didáctica del Lenguaje Artístico Visual,5,didactica del lenguaje artistico visual
EDU0436,Didáctica del Lenguaje Artístico Musical,5,didactica del lenguaje artistico musical
EDU0437,Didáctica del Movimiento y Expresión Corporal,5,didactica del movimiento y expresion corporal
EDU0441,Práctica I: Introducción al Campo Profesional de la Educación Parvularia,10,practica i: introduccion al campo profesional de la educacion parvularia
EDU0442,Práctica II: Educación Parvularia,10,practica ii: educacion parvularia
EDU0443,Práctica III: Educación Parvularia,10,practica iii: educacion parvularia
EDU0444,Estrategias de Enseñanza para el Desarrollo Cognitivo y Socioafectivo: Teoría y Práctica,10,estrategias de ensenanza para el desarrollo cognitivo y socioafectivo: teoria y practica
EDU0445,Metodología y Toma de Decisiones en Educación Temprana,10,metodologia y toma de decisiones en educacion temprana
EDU0446,Estrategias de Enseñanza para el Desarrollo Afectivo Temprano: Teoría y Práctica,10,estrategias de ensenanza para el desarrollo afectivo temprano: teoria y practica
EDU0447,Liderazgo y Colaboración Entre Familia y Otros Agentes Educativos,5,liderazgo y colaboracion entre familia y otros agentes educativos
EDU0448,Didáctica para la Adquisición del Lenguaje Oral,5,didactica para la adquisicion del lenguaje oral
EDU0449,Seminario de Investigación y Enseñanza Basada en Evidencia en Educación Temprana I,5,seminario de investigacion y ensenanza basada en evidencia en educacion temprana 1
EDU0450,Seminario de Investigación y Enseñanza Basada en Evidencia en Educación,5,seminario de investigacion y ensenanza basada en evidencia en educacion
EDU0451,Práctica Profesional IV: Educación Temprana,15,practica profesional iv: educacion temprana
EDU0452,Práctica Profesional V: Educación Temprana,15,practica profesional v: educacion temprana
EDU0457,Didáctica del Numero,10,didactica del numero
EDU0458,Didáctica de la Geometría,5,didactica de la geometria
EDU0459,Seminario de Investigación y Enseñanza Basada en Evidencia en Educación Inicial I,5,seminario de investigacion y ensenanza basada en evidencia en educacion inicial 1
EDU0460,Seminario de Investigación y Enseñanza Basada en Evidencia en Educación (EDU0460),5,seminario de investigacion y ensenanza basada en evidencia en educacion (edu0460)
EDU0461,Práctica Profesional IV: Educación Inicial,15,practica profesional iv: educacion inicial
EDU0462,Práctica Profesional V: Educación Inicial,15,practica profesional v: educacion inicial
EDU0500,Práctica Pedagogía en Inglés I,10,practica pedagogia en ingles 1
EDU0501,Práctica Pedagogía en Inglés II,10,practica pedagogia en ingles 2
EDU0502,Práctica Pedagogía en Inglés III,10,practica pedagogia en ingles 3
EDU0503,Práctica Pedagogía en Inglés IV,10,practica pedagogia en ingles 4
EDU0504,Práctica Profesional Pedagogía en Inglés Educación Básica,20,practica profesional pedagogia en ingles educacion basica
EDU0505,Práctica Profesional Pedagogía en Inglés Educación Media,20,practica profesional pedagogia en ingles educacion media
EDU0506,Teaching and Learning English Primary I,10,teaching and learning english primary 1
EDU0507,Teaching and Learning English Primary II,10,teaching and learning english primary 2
EDU0508,Teaching and Learning English Secondary I,10,teaching and learning english secondary 1
EDU0509,Teaching and Learning English Secondary II,10,teaching and learning english secondary 2
EDU0510,Examen de Licenciatura en Educación para Pedagogía en Inglés,0,examen de licenciatura en educacion para pedagogia en ingles
EDU0511,Ámbitos del Aprendizaje y el Desarrollo,10,ambitos del aprendizaje y el desarrollo
EDU0512,Evaluación para el Aprendizaje,10,evaluacion para el aprendizaje
EDU0700,Práctica en Educación Parvularia I,10,practica en educacion parvularia 1
EDU0701,Práctica en Educación Parvularia II,10,practica en educacion parvularia 2
EDU0702,Práctica en Educación Parvularia III,15,practica en educacion parvularia 3
EDU0703,Práctica en Educación Parvularia IV,15,practica en educacion parvularia 4
EDU0704,Práctica Profesional en Educación Parvularia I,40,practica profesional en educacion parvularia 1
EDU0705,Práctica Profesional en Educación Parvularia II,40,practica profesional en educacion parvularia 2
EDU0706,Aprendizaje y Desarrollo I,10,aprendizaje y desarrollo 1
EDU0707,Aprendizaje y Desarrollo II,10,aprendizaje y desarrollo 2
EDU0708,"Estrategias para Promover el Desarrollo Afectivo, Social y Cognitivo",10,"estrategias para promover el desarrollo afectivo, social y cognitivo"
EDU0709,Fundamentos y Desafíos de la Educación Parvularia,10,fundamentos y desafios de la educacion parvularia
EDU0710,Desarrollo del Lenguaje Oral y su Didáctica,10,desarrollo del lenguaje oral y su didactica
EDU0711,Didáctica de la Literacidad Inicial,10,didactica de la literacidad inicial
EDU0712,Libros y Literaturas para las Infancias,10,libros y literaturas para las infancias
EDU0713,Creación de Ambientes para el Aprendizaje,10,creacion de ambientes para el aprendizaje
EDU0714,"Enfoques Globalizadores, Juegos y Metodologías Activas",10,"enfoques globalizadores, juegos y metodologias activas"
EDU0715,Lenguaje Artístico Visual y su Didáctica,10,lenguaje artistico visual y su didactica
EDU0716,Lenguaje Artístico Musical y su Didáctica,10,lenguaje artistico musical y su didactica
EDU0717,Corporalidad y Juego en Educación Parvularia,10,corporalidad y juego en educacion parvularia
EDU0718,Comprensión del Entorno Sociocultural y su Didáctica,10,comprension del entorno sociocultural y su didactica
EDU0719,Interpretación del Entorno Natural y su Didáctica,10,interpretacion del entorno natural y su didactica
EDU0720,Desarrollo de Habilidades Matemáticas Tempranas I,10,desarrollo de habilidades matematicas tempranas 1
EDU0721,Desarrollo de Habilidades Matemáticas Tempranas II,10,desarrollo de habilidades matematicas tempranas 2
EDU0722,Bienestar y Autocuidado Docente en Educación Parvularia,10,bienestar y autocuidado docente en educacion parvularia
EDU0724,Liderazgo en Educación Parvularia,10,liderazgo en educacion parvularia
EDU0726,Infancia en la Era Digital,10,infancia en la era digital
EDU0727,"Genero, Interseccionalidad y Educación",10,"genero, interseccionalidad y educacion"
EDU0728,Examen de Licenciatura,0,examen de licenciatura
EDU0729,Examen de Titulación,0,examen de titulacion
EDU124C,"Ciencia, Medioambiente y Futuro",10,"ciencia, medioambiente y futuro"
EDU160R,Aprendizaje y Desarrollo del Adolescente,10,aprendizaje y desarrollo del adolescente
EDU163R,Evaluación en Educación Media,10,evaluacion en educacion media
EDU201R,Metodología de la Investigación Educacional,10,metodologia de la investigacion educacional
EDU21DC,Herramientas Cuantitativas para los Desafíos Contemporáneos de la Educación Superior,10,herramientas cuantitativas para los desafios contemporaneos de la educacion superior
EDU21ES,Ecología Integral y Sustentabilidad en Tiempos de Crisis,10,ecologia integral y sustentabilidad en tiempos de crisis
EDU21GL,Grandes Libros para Pequeños Lectores: Libros y Literatura para Niños y Niñas del Siglo XXI,10,grandes libros para pequenos lectores: libros y literatura para ninos y ninas del siglo xxi
EDU21IN,Innovando en Desafíos de la Educación,10,innovando en desafios de la educacion
EDU21RE,Reimaginando la Educación para Enfrentar los Desafíos del Mundo Contemporáneo,10,reimaginando la educacion para enfrentar los desafios del mundo contemporaneo
EDU222B,Cerrando Brechas Educativas,10,cerrando brechas educativas
EDU224M,No Temas a la Matemática! Resolución de Problemas en Contextos Reales,10,no temas a la matematica! resolucion de problemas en contextos reales
EDU301R,Psicología del Desarrollo y la Religiosidad en la Infancia,10,psicologia del desarrollo y la religiosidad en la infancia
EDU302R,Psicología del Desarrollo y la Religiosidad en la Adolescencia,10,psicologia del desarrollo y la religiosidad en la adolescencia
EDU324A,Cuerpo y Ecología. Aportes hacia una Vida no Antropocentrica,10,cuerpo y ecologia. aportes hacia una vida no antropocentrica
EDU370F,"Educación, Salud y Deporte: la Planificación",10,"educacion, salud y deporte: la planificacion"
EDU375F,"Educación, Salud y Deporte: Capacidades Condicionantes",10,"educacion, salud y deporte: capacidades condicionantes"
EDU401R,Didáctica de la Religión para Educación Básica,10,didactica de la religion para educacion basica
EDU403R,Didáctica de la Religión para Educación Media,10,didactica de la religion para educacion media
EDU406R,Seminario Integrativo para Educación Básica,10,seminario integrativo para educacion basica
EDU408R,Seminario Integrativo para Educación Media,10,seminario integrativo para educacion media
EDU424B,Flora y Fauna Invasora en Chile: Impacto para la Biodiversidad,10,flora y fauna invasora en chile: impacto para la biodiversidad
EDU470I,Didáctica I de la Especialidad Inglés,10,didactica 1 de la especialidad ingles
EDU475I,Didáctica II de la Especialidad Inglés,10,didactica 2 de la especialidad ingles
EDU530I,Internado Mención Inglés,10,internado mencion ingles
EDU530R,Internado de Religión,10,internado de religion
EDU550,Práctica Pedagógica en Educación Física y Salud I,10,practica pedagogica en educacion fisica y salud 1
EDU551,Práctica Pedagógica en Educación Física y Salud II,10,practica pedagogica en educacion fisica y salud 2
EDU553,Práctica Pedagógica en Educación Física y Salud III,15,practica pedagogica en educacion fisica y salud 3
EDU554,Seminario de Investigación en Educación Física y Salud,10,seminario de investigacion en educacion fisica y salud
EDU555,Didáctica de la Educación Física II,10,didactica de la educacion fisica 2
EDU556,Dimensión Ética de la Profesión Docente,5,dimension etica de la profesion docente
EDU557,Práctica Pedagógica en Educación Física y Salud IV,15,practica pedagogica en educacion fisica y salud 4
EDU558,Práctica Profesional Pedagogía en Educación Física y Salud (Ed. Básica),20,practica profesional pedagogia en educacion fisica y salud (ed. basica)
EDU559,Práctica Profesional Pedagogía en Educación Física y Salud (Ed. Media),20,practica profesional pedagogia en educacion fisica y salud (ed. media)
EDU660,Examen de Licenciatura en Educación para Pedagogía en Educación Física y Salud,0,examen de licenciatura en educacion para pedagogia en educacion fisica y salud
EDU670,Examen de Licenciatura Educación Especial,0,examen de licenciatura educacion especial
EES1000,Introducción a la Educación Especial,10,introduccion a la educacion especial
EES1010,Inclusión en Educación Inicial,10,inclusion en educacion inicial
EES1020,Currículum y Diversificación de la Enseñanza,10,curriculum y diversificacion de la ensenanza
EES1030,Desarrollo de Conceptos y Habilidades Matemáticas I,10,desarrollo de conceptos y habilidades matematicas 1
EES1031,Desarrollo de Conceptos y Habilidades Matemáticas II,10,desarrollo de conceptos y habilidades matematicas 2
EES1040,Neurodesarrollo y Diversidad,10,neurodesarrollo y diversidad
EES1050,"Educación de Niñas, Niños y Jovenes con Discapacidad Intelectual",10,"educacion de ninas, ninos y jovenes con discapacidad intelectual"
EES1060,"Educación de Niñas, Niños y Jovenes Sordos e Hipoacusicos",10,"educacion de ninas, ninos y jovenes sordos e hipoacusicos"
EES1070,"Educación de Niñas, Niños y Jovenes con Discapacidad Visual",10,"educacion de ninas, ninos y jovenes con discapacidad visual"
EES1500,Tecnologías Inclusivas para el Aprendizaje,10,tecnologias inclusivas para el aprendizaje
EES1600,Accesibilidad y Tecnologías de Inclusión para Estudiantes con Discapacidad Visual,10,accesibilidad y tecnologias de inclusion para estudiantes con discapacidad visual
EES1700,Protección Promoción de Derechos y Prevención del Maltrato a Niños Niñas Adolescentes en la Escuela,10,proteccion promocion de derechos y prevencion del maltrato a ninos ninas adolescentes en la escuela
EES1800,Adversidades Tempranas y su Impacto Escolar: Herramientas para el Abordaje Educativo,10,adversidades tempranas y su impacto escolar: herramientas para el abordaje educativo
EES1900,Enseñanza Diversificada para Aulas Heterogéneas,10,ensenanza diversificada para aulas heterogeneas
EES1901,Desarrollo del Pensamiento a través de las Ciencias,10,desarrollo del pensamiento a traves de las ciencias
EES1902,Educación Física Inclusiva,10,educacion fisica inclusiva
EES1903,"Autonomía, Vida Adulta e Inclusión Laboral",10,"autonomia, vida adulta e inclusion laboral"
EES1904,Dificultades de Aprendizaje en el Contexto Escolar,10,dificultades de aprendizaje en el contexto escolar
EES2000,Introducción a la Lengua de Señas,10,introduccion a la lengua de senas
EES2100,Evaluación y Apoyo Psicopedagógico I,10,evaluacion y apoyo psicopedagogico 1
EES2101,Evaluación y Apoyo Psicopedagógico II,10,evaluacion y apoyo psicopedagogico 2
EFG1100,"Educación, Cultura y Sociedad (EFG1100)",10,"educacion, cultura y sociedad (efg1100)"
EFG1200,Psicopedagogía del Desarrollo,10,psicopedagogia del desarrollo
EFG1300,Psicopedagogía del Aprendizaje,10,psicopedagogia del aprendizaje
EFG1400,Educación y Filosofía (EFG1400),10,educacion y filosofia (efg1400)
EFG1500,Educación en el Tiempo,10,educacion en el tiempo
EFG2100,Evaluación Educacional,10,evaluacion educacional
EFG2200,Teorías de la Enseñanza,10,teorias de la ensenanza
EFG2300,Pedagogía para la Diversidad,10,pedagogia para la diversidad
EFG2400,Orientación Educativa,10,orientacion educativa
EFG2500,Política y Organización Educativa,10,politica y organizacion educativa
EFS1000,Juego y Vida Activa,10,juego y vida activa
EFS1010,Fundamentos de la Motricidad Humana y la Educación Física,10,fundamentos de la motricidad humana y la educacion fisica
EFS1020,Desarrollo y Aprendizaje Sensorio-Motriz del Escolar,10,desarrollo y aprendizaje sensorio-motriz del escolar
EFS1030,Expresión Corporal y Folclore,10,expresion corporal y folclore
EFS1040,Entrenamiento Deportivo Escolar I,10,entrenamiento deportivo escolar 1
EFS1041,Entrenamiento Deportivo Escolar II,10,entrenamiento deportivo escolar 2
EFS1050,Actividad Física y Salud,10,actividad fisica y salud
EFS1060,Nutrición y Alimentación para la Salud y Actividad Física,10,nutricion y alimentacion para la salud y actividad fisica
EFS1500,Atletismo,5,atletismo
EFS1505,Fútbol/Balonmano,5,futbol/balonmano
EFS1510,Natación/Gimnasia,5,natacion/gimnasia
EFS1515,Básquetbol/Vóleibol,5,basquetbol/voleibol
EFS1520,Deportes Individuales: Tenis,5,deportes individuales: tenis
EFS1525,Deportes Colectivos: Hockey Cesped,5,deportes colectivos: hockey cesped
EFS1530,Deportes Individuales: Escalada Deportiva,5,deportes individuales: escalada deportiva
EFS1535,Deportes Colectivos: Rugby,5,deportes colectivos: rugby
EFS1540,Deportes Individuales: Entrenamiento Funcional,5,deportes individuales: entrenamiento funcional
EFS1545,Deportes Colectivos: Ultimate Frisbee,5,deportes colectivos: ultimate frisbee
EFS1550,Deportes Individuales: Gimnasia Ritmica,5,deportes individuales: gimnasia ritmica
EFS1555,Deportes Colectivos: Beisbol,5,deportes colectivos: beisbol
EFS2000,Recreación en Ambientes Naturales,10,recreacion en ambientes naturales
EFS2010,Proyectos Deportivos Escolares,10,proyectos deportivos escolares
EIF1038,Español Intensivo Intermedio (EIF1038),10,espanol intensivo intermedio (eif1038)
EIF1039,Español Intensivo Intermedio Avanzado (EIF1039),10,espanol intensivo intermedio avanzado (eif1039)
EIF1040,Gramática Nivel Avanzado,5,gramatica nivel avanzado
EIF1041,Curso de Cultura y Conversación,12,curso de cultura y conversacion
EIF1042,Español Intermedio (EIF1042),12,espanol intermedio (eif1042)
EIF1043,Español Intermedio Avanzado,12,espanol intermedio avanzado
EIF1044,Español Avanzado (EIF1044),12,espanol avanzado (eif1044)
EIF1046,Español Cultura,6,espanol cultura
EIF1047,Español Conversación,6,espanol conversacion
EIF1048,Español Cultura (EIF1048),6,espanol cultura (eif1048)
EIF1050,Español Intermedio (EIF1050),13,espanol intermedio (eif1050)
EIF1053,Español Intermedio Avanzado (EIF1053),13,espanol intermedio avanzado (eif1053)
EIF1056,Español Avanzado (EIF1056),13,espanol avanzado (eif1056)
EIN1001,Introduction to Teaching English (CPC),10,introduction to teaching english (cpc)
EIN1002,Language and Culture I (CPC),10,language and culture 1 (cpc)
EIN1003,Language and Culture II (CPC),10,language and culture 2 (cpc)
EIN1004,Language and Culture III (CPC),10,language and culture 3 (cpc)
EIN1005,Language and Culture IV (CPC),10,language and culture 4 (cpc)
EIN1006,Classroom Research,10,classroom research
EIN1007,English Spanish Contrasts (CPC),10,english spanish contrasts (cpc)
EIN1008,Literature for Children (CPC),10,literature for children (cpc)
EIN1009,Literature for Teen Readers (CPC),10,literature for teen readers (cpc)
EIN1010,Seminar,10,seminar
ELB1001,Lengua y Literatura Infantil,15,lengua y literatura infantil
ELD0007,Antropologico-Etico,10,antropologico-etico
ELM1100,Introducción a la Probabilidad y Estadística,10,introduccion a la probabilidad y estadistica
ELM1111,Modelos Probabilísticos,10,modelos probabilisticos
ELM2000,Análisis Exploratorio de Datos,12,analisis exploratorio de datos
ELM2001,Análisis Exploratorio de Datos (ELM2001),10,analisis exploratorio de datos (elm2001)
ELM2100,Procesos Estocásticos Aplicados,12,procesos estocasticos aplicados
ELM2110,Simulación Estocástica,12,simulacion estocastica
ELM2400,Métodos Estadísticos,12,metodos estadisticos
ELM2401,Métodos Estadísticos (ELM2401),15,metodos estadisticos (elm2401)
ELM2410,Muestreo,12,muestreo
ELM2420,Anova y Diseño de Experimentos,12,anova y diseno de experimentos
ELM2421,Anova y Diseño de Experimentos (ELM2421),15,anova y diseno de experimentos (elm2421)
ELM2431,Análisis Multivariado,15,analisis multivariado
ELM2450,Análisis Estadísticos para Datos Discretos,12,analisis estadisticos para datos discretos
ELM2451,Análisis Estadístico para Datos Discretos,15,analisis estadistico para datos discretos
ELM2600,Introducción a la Matemática de Seguros,12,introduccion a la matematica de seguros
ELM2601,Introducción a la Matemática de Seguros (ELM2601),10,introduccion a la matematica de seguros (elm2601)
ELM2700,Introducción a la Computación Estadística,12,introduccion a la computacion estadistica
ELM2900,Series de Tiempo I,12,series de tiempo 1
ELM2901,Series de Tiempo I (ELM2901),15,series de tiempo 1 (elm2901)
ELM3000,Seminario de Estadística,12,seminario de estadistica
ELM3001,Seminario de Estadística (ELM3001),10,seminario de estadistica (elm3001)
ELM3010,Tópicos en Teoría Estadística,12,topicos en teoria estadistica
ELM3011,Tópicos en Teoría Estadística (ELM3011),10,topicos en teoria estadistica (elm3011)
ELM3400,Tópicos en Métodos Estadísticos,12,topicos en metodos estadisticos
ELM3401,Tópicos en Métodos Estadísticos (ELM3401),10,topicos en metodos estadisticos (elm3401)
ELM3900,Taller de Título,15,taller de titulo
ELO0004,Req Matemáticas Aplicadas,10,req matematicas aplicadas
ENA2350,Enfermería Urgencia,8,enfermeria urgencia
ENA2501,Cuidados de Enfermería del Adulto en el Intra y Post Operatorio,10,cuidados de enfermeria del adulto en el intra y post operatorio
ENA2502,Cuidados de Enfermería del Adulto Enfermo Crítico,10,cuidados de enfermeria del adulto enfermo critico
ENA2506,La Salud del Adulto Mayor,10,la salud del adulto mayor
ENC2300,Enfermería Comunitaria I,10,enfermeria comunitaria 1
ENC2507,Enfermería en Salud Familiar,10,enfermeria en salud familiar
ENC2516,Modelos de Enfermería en Salud Comunitaria,10,modelos de enfermeria en salud comunitaria
ENF043A,Cuidados de la Persona Enferma,5,cuidados de la persona enferma
ENF101,Cuidados de Enfermería del Niño Con Cancer,8,cuidados de enfermeria del nino con cancer
ENF108,Enfermería del Niño Con Discapacidad,8,enfermeria del nino con discapacidad
ENF1100,Sueño: ñComo Mantener y Mejorar esta Necesidad Vitalñ,10,sueno: ncomo mantener y mejorar esta necesidad vitaln
ENF1101,"Promoción del Autocuidad, la Llave Maestra para una Vida Sana",10,"promocion del autocuidad, la llave maestra para una vida sana"
ENF1102,Mejor Salud y Bienestar para las Mujeres: por un Cuidado Integral,10,mejor salud y bienestar para las mujeres: por un cuidado integral
ENF1104,Fgc Nutrición y Dieta Saludable,5,fgc nutricion y dieta saludable
ENF1105,Fgm Autocuidado en Salud,5,fgm autocuidado en salud
ENF1106,Fgc Primeros Auxilios,5,fgc primeros auxilios
ENF1107,Fgc el Cuidado de los Hijos en la Primera Infancia,5,fgc el cuidado de los hijos en la primera infancia
ENF1112,Naturaleza de la Enfermería,5,naturaleza de la enfermeria
ENF1116,Enfermería: Profesión y Disciplina,10,enfermeria: profesion y disciplina
ENF1118,Prevención y Manejo de Accidentes,10,prevencion y manejo de accidentes
ENF1119,Prevención y Manejo de Accidentes (ENF1119),10,prevencion y manejo de accidentes (enf1119)
ENF1123,Fundamentos Antropológicos y Éticos de la Enfermería,10,fundamentos antropologicos y eticos de la enfermeria
ENF1124,Psicología,10,psicologia
ENF1126,Salud Intercultural,10,salud intercultural
ENF1127,"Salud, Cultura y Sociedad Global",10,"salud, cultura y sociedad global"
ENF1129,Cuidados de Enfermería,8,cuidados de enfermeria
ENF1132,Cuidados de Enfermería (ENF1132),10,cuidados de enfermeria (enf1132)
ENF1150,Fundamentos de Administración en Enfermería,5,fundamentos de administracion en enfermeria
ENF116C,Fundamentos Teoricos de la Enfermería,10,fundamentos teoricos de la enfermeria
ENF118C,Enfermería y Ciclo Evolutivo,10,enfermeria y ciclo evolutivo
ENF1201,Cuidados de Enfermería en el Ciclo Vital,15,cuidados de enfermeria en el ciclo vital
ENF1205,Cuidados de Enfermería I,10,cuidados de enfermeria 1
ENF120C,Proceso Ayuda Interpersonal,5,proceso ayuda interpersonal
ENF1212,Salud Pública,10,salud publica
ENF122C,Enfermería en Salud Mental y Psiquiatría,15,enfermeria en salud mental y psiquiatria
ENF126C,Cuidados de Enfermería en Salud Infantil,25,cuidados de enfermeria en salud infantil
ENF128C,Cuidados de Enfermería en Adulto y Adulto Mayor C/ Problemas Medico-Quirurgicos,25,cuidados de enfermeria en adulto y adulto mayor c/ problemas medico-quirurgicos
ENF130C,Enfermería de Urgencia,5,enfermeria de urgencia
ENF132C,Internado de Enfermería,20,internado de enfermeria
ENF200,Cuidados de Enfermería del Adulto Mayor,8,cuidados de enfermeria del adulto mayor
ENF2000,Enfermería en Urgencia Adulto,8,enfermeria en urgencia adulto
ENF2010,Toma de Decisiones en Salud,8,toma de decisiones en salud
ENF205,Prevención y Manejo de Accidentes en Contextos Escolares,5,prevencion y manejo de accidentes en contextos escolares
ENF2112,Cuidados de Enfermería de la Persona y Familia,15,cuidados de enfermeria de la persona y familia
ENF2115,Educación para la Salud,5,educacion para la salud
ENF2201,Cuidados de Enfermería en el Ciclo Vital (ENF2201),15,cuidados de enfermeria en el ciclo vital (enf2201)
ENF2205,Enfermería en Salud de la Comunidad I,15,enfermeria en salud de la comunidad 1
ENF2208,Cuidados de Enfermería II,15,cuidados de enfermeria 2
ENF2215,Informática en Salud I,5,informatica en salud 1
ENF2220,Gestión y Liderazgo I,5,gestion y liderazgo 1
ENF2302,Cuidados de Enfermería de la Mujer y Recien Nacido,30,cuidados de enfermeria de la mujer y recien nacido
ENF2305,Dimensión Interpersonal del Cuidado de Enfermería,10,dimension interpersonal del cuidado de enfermeria
ENF2306,Proceso de Ayuda Interpersonal en Enfermería,5,proceso de ayuda interpersonal en enfermeria
ENF2310,Cuidados de Enfermería en la Infancia y Adolescencia,30,cuidados de enfermeria en la infancia y adolescencia
ENF2314,Enfermería en Salud Mental y Psiquiatría I,10,enfermeria en salud mental y psiquiatria 1
ENF2315,Cuidados de Enfermería del Adulto y Persona Mayor,20,cuidados de enfermeria del adulto y persona mayor
ENF2318,Cuidados de Enfermaria del Adulto y Adulto Mayor,30,cuidados de enfermaria del adulto y adulto mayor
ENF2321,Enfermería en Salud de la Comunidad II,10,enfermeria en salud de la comunidad 2
ENF2322,Fundamentos Éticos del Ejercicio Profesional,10,fundamentos eticos del ejercicio profesional
ENF2324,Fundamentos Antropológicos y Éticos de la Enfermería (ENF2324),10,fundamentos antropologicos y eticos de la enfermeria (enf2324)
ENF2400,Gestión de Enfermería en Servicios Clinicos,10,gestion de enfermeria en servicios clinicos
ENF2406,Investigación en Enfermería,10,investigacion en enfermeria
ENF2408,Investigación,10,investigacion
ENF2410,Enfermería en Salud Familiar y Comunitaria,20,enfermeria en salud familiar y comunitaria
ENF2412,Seminario Profesional,5,seminario profesional
ENF2416,Cuidados de Enfermería en Salud Mental,10,cuidados de enfermeria en salud mental
ENF2420,Cuidados de Enfermería en Personas con Condiciones Crónicas de Salud,20,cuidados de enfermeria en personas con condiciones cronicas de salud
ENF2425,Gestión y Liderazgo II,10,gestion y liderazgo 2
ENF2428,Informática en Salud II,5,informatica en salud 2
ENF2500,Cuidados de Enfermería en la Mujer con Problemas de Salud Gineco-Obstetricos,20,cuidados de enfermeria en la mujer con problemas de salud gineco-obstetricos
ENF2504,Internado Ambulatorio en Salud de la Mujer,25,internado ambulatorio en salud de la mujer
ENF2508,Internado Hospitalario en Salud de la Mujer,25,internado hospitalario en salud de la mujer
ENF2510,Internado de Enfermería Hospitalario,25,internado de enfermeria hospitalario
ENF2515,Internado de Enfermería Ambulatorio,25,internado de enfermeria ambulatorio
ENF2518,Internado de Enfermería en Urgencias,25,internado de enfermeria en urgencias
ENF2520,Cuidados de Enfermería del Adulto en el Intra y Postoperatorio,20,cuidados de enfermeria del adulto en el intra y postoperatorio
ENF2524,Cuidados de Enfermería del Adulto Enfermo Crítico (ENF2524),20,cuidados de enfermeria del adulto enfermo critico (enf2524)
ENF2528,Enfermería en Urgencias,10,enfermeria en urgencias
ENF2530,Internado de Enfermería Electivo,25,internado de enfermeria electivo
ENF2532,La Salud del Adulto Mayor (ENF2532),20,la salud del adulto mayor (enf2532)
ENF2536,Enfermería en Salud Familiar (ENF2536),20,enfermeria en salud familiar (enf2536)
ENF2540,Cuidados de Enfermería del Niño Enfermo,20,cuidados de enfermeria del nino enfermo
ENF2544,Cuidados de Enfermería del Recien Nacido,20,cuidados de enfermeria del recien nacido
ENF2548,Intervención de Enfermería en Salud Comunitaria,20,intervencion de enfermeria en salud comunitaria
ENF2552,Enfermería en Salud Mental y Psiquiatría II,20,enfermeria en salud mental y psiquiatria 2
ENF2556,Enfermería en Salud Mental y Psiquiatría III,20,enfermeria en salud mental y psiquiatria 3
ENF2558,Internado de Enfermería en Situación de Emergencia Sanitaria,30,internado de enfermeria en situacion de emergencia sanitaria
ENF2560,Cuidados de Enfermería en el Contexto de una Situación de Alerta Sanitaria,20,cuidados de enfermeria en el contexto de una situacion de alerta sanitaria
ENF300P,Promoción y Protección de la Salud en la Infancia,5,promocion y proteccion de la salud en la infancia
ENF400,"Promoción, Prevención y Recuperación del Sueño",10,"promocion, prevencion y recuperacion del sueno"
ENF405,Alimentación y Nutrición Saludable,10,alimentacion y nutricion saludable
ENF410,Solidaridad y Antropología del Cuidado en Enfermería,10,solidaridad y antropologia del cuidado en enfermeria
ENF415,Salud en el Ciclo Vital,10,salud en el ciclo vital
ENF420,Sexualidad y Autocuidado,10,sexualidad y autocuidado
ENF425,Autocuidado de la Salud,10,autocuidado de la salud
ENG2400,Gestión del Cuidado de Enfermería,10,gestion del cuidado de enfermeria
ENI2000,Crecimiento y Desarrollo Fisico del Niño,8,crecimiento y desarrollo fisico del nino
ENI2003,Cuidados para la Salud Infantil,10,cuidados para la salud infantil
ENI2500,Educ para el Autocuid Salud Infantil,8,educ para el autocuid salud infantil
ENI2511,Cuidados de Enfermería del Niño Enfermo (ENI2511),10,cuidados de enfermeria del nino enfermo (eni2511)
ENI2512,Cuidados de Enfermería del Recien Nacido (ENI2512),10,cuidados de enfermeria del recien nacido (eni2512)
ENL3110,Ciudados de Enfermería del Recien Nacido de Alto Riesgo II,30,ciudados de enfermeria del recien nacido de alto riesgo 2
ENO1118,Elección de Pareja: en Busca de Un Amor Estable,10,eleccion de pareja: en busca de un amor estable
ENO1160,Desarrollo de Habilidades en Investigación,10,desarrollo de habilidades en investigacion
ENO1260,Educación Sexual,6,educacion sexual
ENO1261,Regulación Natural de la Fertilidad,10,regulacion natural de la fertilidad
ENO1370,Alimentación y Nutrición,6,alimentacion y nutricion
ENO2001,Cuidados de Enfermería del Niño Con Cancer (ENO2001),10,cuidados de enfermeria del nino con cancer (eno2001)
ENO2002,Cuidados de Enfermería del Adulto Con Problemas Cardiovasculares,10,cuidados de enfermeria del adulto con problemas cardiovasculares
ENO2003,Cuidados de Enfermería en Situaciones de Perdidas Afectivas,10,cuidados de enfermeria en situaciones de perdidas afectivas
ENO2004,Cuidados de Enfermería en Situaciones de Violencia Intrafamiliar,10,cuidados de enfermeria en situaciones de violencia intrafamiliar
ENO2005,Autocuidado y Participación Activa del Proceso de Embarazo y Parto,10,autocuidado y participacion activa del proceso de embarazo y parto
ENO2006,Intervención en Crisis,10,intervencion en crisis
ENO2007,Cuidados Paliativos,10,cuidados paliativos
ENO2008,Cuidados de Enfermería del Adulto Con Problemas Renales,10,cuidados de enfermeria del adulto con problemas renales
ENO2009,Intervención de Enfermería en la Adicción al Alcohol y Sustancias Psicoactivas,10,intervencion de enfermeria en la adiccion al alcohol y sustancias psicoactivas
ENO2010,Cuidados Complementarios en Salud,10,cuidados complementarios en salud
ENO2011,Cuidados de Enfermería para Un Climaterio Saludable,10,cuidados de enfermeria para un climaterio saludable
ENO2012,Envejecimiento Saludable,10,envejecimiento saludable
ENO2013,Chile y Salud,10,chile y salud
ENO2014,Convenio Duoc UC-Enfermería,10,convenio duoc uc-enfermeria
ENO2015,Aprendizaje Basado en Problemas por Proyectos: Respondiendo a Problemas Reales de Salud de la Poblac,10,aprendizaje basado en problemas por proyectos: respondiendo a problemas reales de salud de la poblac
ENO2016,Cuidados de Enfermería Asociados al uso de Farmacos,10,cuidados de enfermeria asociados al uso de farmacos
ENO2017,Prevención y Manejo de los Errores Clinicos,10,prevencion y manejo de los errores clinicos
ENO2018,Cuidados de Enfermería en Personas con Lesiones Cutaneas,10,cuidados de enfermeria en personas con lesiones cutaneas
ENO2019,Fomento del Desarrollo Infantil a través de Estrategias desde la Crianza Respetuosa,10,fomento del desarrollo infantil a traves de estrategias desde la crianza respetuosa
ENO2020,Encuentros Multiculturales en Salud,10,encuentros multiculturales en salud
ENO2021,Cuidados Básicos y Apoyo Emocional en Situación de Pandemia,10,cuidados basicos y apoyo emocional en situacion de pandemia
ENO2022,Equidad de Genero y Salud: Retos para la Acción,10,equidad de genero y salud: retos para la accion
ENO2023,Cuidados Integrativos en Salud,10,cuidados integrativos en salud
ENO2024,Fomento del Desarrollo Integral Infantil para una Crianza Respetuosa,10,fomento del desarrollo integral infantil para una crianza respetuosa
ENO2025,Masaje Infantil como Estrategia de Estimulación Temprana,10,masaje infantil como estrategia de estimulacion temprana
ENO2026,Valoración Neurologica Integral de Enfermería,5,valoracion neurologica integral de enfermeria
ENO2027,Introducción y Manejo de los Accesos Vasculares en Enfermería,5,introduccion y manejo de los accesos vasculares en enfermeria
ENO2028,UC Propone: Investigación Aplicada en Ciencias Sociales (ENO2028),10,uc propone: investigacion aplicada en ciencias sociales (eno2028)
ENO2029,Acompañamiento en Crisis y Duelo: Herramientas para la Práctica Profesional y Comunitaria,10,acompanamiento en crisis y duelo: herramientas para la practica profesional y comunitaria
ENO2030,Una Mirada Interdisciplinaria al Ciclo Vital Familiar,10,una mirada interdisciplinaria al ciclo vital familiar
ENO2031,Cuidados de Enfermería en Domicilio con Enfoque Familiar y Comunitario,5,cuidados de enfermeria en domicilio con enfoque familiar y comunitario
ENO2120,Autocuidado en Salud,6,autocuidado en salud
ENO2263,Relaciones Humanas,6,relaciones humanas
ENO2265,Cuidado de Enfermería en Alteración del Sueño,6,cuidado de enfermeria en alteracion del sueno
ENO2267,Adicciones:Un Enfoque Desde Enfermería,6,adicciones:un enfoque desde enfermeria
ENO2361,Enfermería en Neurocirugia,6,enfermeria en neurocirugia
ENO2364,Enfermería en Urología,6,enfermeria en urologia
ENO2365,Enfermería en Cancerología,6,enfermeria en cancerologia
ENO2367,Pabellon Quirúrgico,6,pabellon quirurgico
ENO2463,Enfermería del Niño Quemado,6,enfermeria del nino quemado
ENO2469,Cardiología Infantil,6,cardiologia infantil
ENO2533,Cuidados de Enfermería del Adulto Con Problemas Cardiovasculares (ENO2533),8,cuidados de enfermeria del adulto con problemas cardiovasculares (eno2533)
ENO2537,Enfermería en Urgencias Psiquiatricas,8,enfermeria en urgencias psiquiatricas
ENO2539,Cuidados de Enfermería en Situaciones de Perdidas Afectivas (ENO2539),8,cuidados de enfermeria en situaciones de perdidas afectivas (eno2539)
ENO2541,Cuidados de Enfermería en Situaciones de Violencia Intrafamiliar (ENO2541),8,cuidados de enfermeria en situaciones de violencia intrafamiliar (eno2541)
ENO2551,Habitos y Estrategias de Estudio,5,habitos y estrategias de estudio
ENO2560,Psicoprofilaxis Obstétrica,6,psicoprofilaxis obstetrica
ENO2561,Autocuidado y Participación Activa en el Proceso de Embarazo y Parto,8,autocuidado y participacion activa en el proceso de embarazo y parto
ENO2564,Planificación Natural de la Familia,6,planificacion natural de la familia
ENO2566,Alimentación y Nutrición:Un Enfoque Desde Enfermería,6,alimentacion y nutricion:un enfoque desde enfermeria
ENO2601,Intervención en Crisis (ENO2601),8,intervencion en crisis (eno2601)
ENO2605,Enfermería Domiciliaria,8,enfermeria domiciliaria
ENO2610,Cuidados Paliativos (ENO2610),8,cuidados paliativos (eno2610)
ENO2615,Cuidados de Enfermería del Adulto Con Problemas Renales (ENO2615),8,cuidados de enfermeria del adulto con problemas renales (eno2615)
ENO2620,Intervención de Enfermería en la Adicción al Alcohol y Sustancias Psicoactivas (ENO2620),8,intervencion de enfermeria en la adiccion al alcohol y sustancias psicoactivas (eno2620)
ENO2625,Cuidados de Enfermería en Cirugía Infantil Ambulatoria,8,cuidados de enfermeria en cirugia infantil ambulatoria
ENO2630,Salud Ocupacional,8,salud ocupacional
ENO2631,Didáctica para la Educación en Salud,10,didactica para la educacion en salud
ENO2632,Desarrollo de Habilidades de Escritura Disciplinar en las Ciencias de la Salud,10,desarrollo de habilidades de escritura disciplinar en las ciencias de la salud
ENO2640,Seminario de Investigación en Salud,10,seminario de investigacion en salud
ENO3601,Seminario de Investigación I,6,seminario de investigacion 1
ENP1119,Prevención y Manejo de Accidentes (ENP1119),10,prevencion y manejo de accidentes (enp1119)
ENP1205,Enfermería en Salud de la Comunidad I (ENP1205),15,enfermeria en salud de la comunidad 1 (enp1205)
ENP2301,Cuidados de Enf en Salud de la Mujer y Niño,33,cuidados de enf en salud de la mujer y nino
ENP2302,Cuidados de Enfermería en Salud de la Mujer y Niño,30,cuidados de enfermeria en salud de la mujer y nino
ENP2305,Proceso de Ayuda Interpersonal en Enf,6,proceso de ayuda interpersonal en enf
ENP2306,Proceso de Ayuda Interpersonal en Enfermería (ENP2306),5,proceso de ayuda interpersonal en enfermeria (enp2306)
ENP2308,"Cuidados de Enfermería del Preescolar, Escolar, Adolescente y Adulto Joven",33,"cuidados de enfermeria del preescolar, escolar, adolescente y adulto joven"
ENP2309,"Cuidados de Enfermería del Preescolar, Escolar Adolescente y Adulto Joven",30,"cuidados de enfermeria del preescolar, escolar adolescente y adulto joven"
ENP2312,Enfermería Psiquiatrica,12,enfermeria psiquiatrica
ENP2313,Enfermería en Salud Mental y Psiquiatría (ENP2313),12,enfermeria en salud mental y psiquiatria (enp2313)
ENP2316,Cuidados de Enfermería del Adulto y Adulto Mayor,30,cuidados de enfermeria del adulto y adulto mayor
ENP2318,Enfermería en Salud de la Comunidad II (ENP2318),12,enfermeria en salud de la comunidad 2 (enp2318)
ENP2375,Enfermería Psiquiatrica (ENP2375),14,enfermeria psiquiatrica (enp2375)
ENP2412,Seminario Profesional (ENP2412),6,seminario profesional (enp2412)
ENP2415,Cuidados de Enfermería Ginecobstétrica y Perinatal I,24,cuidados de enfermeria ginecobstetrica y perinatal 1
ENP2420,Cuidados de Enfermería Ginecobstétrica y Perinatal II,26,cuidados de enfermeria ginecobstetrica y perinatal 2
ENP2518,Cuidados de Enfermería en Personas Con Problemas de Salud Mental y Psiquiatría,20,cuidados de enfermeria en personas con problemas de salud mental y psiquiatria
ENS1102,Fgm Educación Sexual,5,fgm educacion sexual
ENS1103,Fgm Salud en el Ciclo Vital,5,fgm salud en el ciclo vital
ENT2410,Enfermería de Urgencia (ENT2410),10,enfermeria de urgencia (ent2410)
ENT2420,Seminario Profesional (ENT2420),5,seminario profesional (ent2420)
ENT2430,Internado de Obstetricia,25,internado de obstetricia
ENT2435,Internado de Enfermería (ENT2435),25,internado de enfermeria (ent2435)
ENT2500,Internado Ambulatorio de Enfermería Ginecobstétrica y Perinatal,25,internado ambulatorio de enfermeria ginecobstetrica y perinatal
ENT2505,Internado Hospitalario de Enfermería Ginecobstétrica y Perinatal,25,internado hospitalario de enfermeria ginecobstetrica y perinatal
ENT2520,Internado de Enfermería del Adulto,30,internado de enfermeria del adulto
ENT2523,Internado de Enfermería del Adulto Mayor,30,internado de enfermeria del adulto mayor
ENT2526,Internado de Enfermería del Niño,30,internado de enfermeria del nino
ENT2529,Internado de Enfermería Comunitaria,30,internado de enfermeria comunitaria
ENT2532,Internado de Enfermería en Salud Mental y Psiquiatría,30,internado de enfermeria en salud mental y psiquiatria
ENY2240,Seminario de Grado,10,seminario de grado
ENY2405,Investigación Cuantitativa en Enfermería,6,investigacion cuantitativa en enfermeria
ENY2406,Investigación en Enfermería (ENY2406),10,investigacion en enfermeria (eny2406)
ENY2408,Investigación Cualitativa en Enfermería,6,investigacion cualitativa en enfermeria
EPA3100,Matemática Inicial,10,matematica inicial
EPA3200,Lenguaje y Literatura Infantil,10,lenguaje y literatura infantil
EPA5000,Práctica II: Experiencias en la Institución Educacional,10,practica ii: experiencias en la institucion educacional
EPA5150,Didáctica de la Matemática Inicial,10,didactica de la matematica inicial
EPA5200,Psicopedagogía de la Edad Infantil,10,psicopedagogia de la edad infantil
EPA5250,Didáctica de la Lengua,10,didactica de la lengua
EPA5350,Didáctica de la Expresión Artística Integrada,10,didactica de la expresion artistica integrada
EPA5450,Didáctica de la Motricidad,10,didactica de la motricidad
EPA5550,Ciencias Naturales y Su Didáctica,10,ciencias naturales y su didactica
EPA5650,Ciencias Sociales y Su Didáctica,10,ciencias sociales y su didactica
EPA5700,Metodología para la Infancia,10,metodologia para la infancia
EPA5750,Metodología para la Ninez Temprana,10,metodologia para la ninez temprana
EPA5800,Práctica III: Experiencias Didacticas (EPA5800),10,practica iii: experiencias didacticas (epa5800)
EPA5900,Práctica IV: Internado Pedagogico (EPA5900),20,practica iv: internado pedagogico (epa5900)
EPG2995,Taller de Título (EPG2995),15,taller de titulo (epg2995)
EPG3321,Teoría Asintotica,15,teoria asintotica
ESE1442,Fgh Folklore Chileno,5,fgh folklore chileno
ESE2052,Cb Estética General,8,cb estetica general
ESE2190,Estética del Cine,8,estetica del cine
ESE2192,FGH Apreciación Cinematografica,5,fgh apreciacion cinematografica
ESE2210,"Estética del Cine, Literatura y Artes",10,"estetica del cine, literatura y artes"
ESE2301,Fgh el Artista y Sus Fantasmas,5,fgh el artista y sus fantasmas
ESE2604,Fgh Grandes Poetas Chilenos,5,fgh grandes poetas chilenos
ESE2608,Fgh Premios Nobel Literatura Hispanoamericana,5,fgh premios nobel literatura hispanoamericana
ESE2681,Las Artes Visuales y la Música en la Historia Latinoamericana y Chilena,10,las artes visuales y la musica en la historia latinoamericana y chilena
ESE3340,Arte y Culturas Indigenas Americanas,10,arte y culturas indigenas americanas
ESE4001,Arte y Mito,10,arte y mito
ESE4002,Problemas del Arte Precolombino,10,problemas del arte precolombino
ESE4003,Arte y Culturas Indigenas Chilenas,10,arte y culturas indigenas chilenas
ESE4011,Arte y Religión,10,arte y religion
ESE4021,Arte y Humanismo,10,arte y humanismo
ESE4031,Arte Contemporáneo:Literatura,10,arte contemporaneo:literatura
ESE4032,Arte Contemporáneo: Artes Plasticas,10,arte contemporaneo: artes plasticas
ESE4033,Arte Contemporáneo: Cine,10,arte contemporaneo: cine
ESE4036,Poesia Chilena de Fin de Siglo,10,poesia chilena de fin de siglo
ESE4043,Estética y Educación,10,estetica y educacion
ESE4045,"Arte, Cultura y Sociedad",10,"arte, cultura y sociedad"
ESE4053,Aportes del Medioriente al Arte Occidental,10,aportes del medioriente al arte occidental
ESE4310,Estética Clásica,10,estetica clasica
ESE4331,Arte y Percepción,10,arte y percepcion
ESE4332,Estética Contemporánea,10,estetica contemporanea
ESE4335,Estética General,10,estetica general
ESE4341,Arte y Significado,10,arte y significado
ESE4351,Arte y Vida,10,arte y vida
ESE4410,Taller Audiovisual de Arte,10,taller audiovisual de arte
ESE4411,Taller: Poesia,10,taller: poesia
ESE4412,Taller: Artes Plasticas,10,taller: artes plasticas
ESE4413,Taller de Artes Visuales y Sus Elementos Formales,10,taller de artes visuales y sus elementos formales
ESE4430,Simbología del Cine,10,simbologia del cine
ESE4441,"Arte, Cultura y Estética Mapuche",10,"arte, cultura y estetica mapuche"
ESE4450,Arte y Culturas Indigenas Americanas (ESE4450),10,arte y culturas indigenas americanas (ese4450)
ESE4500,Crítica del Arte:Literatura,10,critica del arte:literatura
ESE4510,Crítica de Arte:Artes Plasticas,10,critica de arte:artes plasticas
ESE4520,Crítica de Arte:Cine,10,critica de arte:cine
ESE4701,Seminario: Literatura,20,seminario: literatura
ESE4711,Seminario: Artes Plasticas,20,seminario: artes plasticas
ESE4721,Seminario: Cine,20,seminario: cine
ESF2261,Fgh el Cuerpo en el Arte,5,fgh el cuerpo en el arte
ESH1010,Historia del Arte I (ESH1010),8,historia del arte 1 (esh1010)
ESH1020,Historia del Arte II (ESH1020),8,historia del arte 2 (esh1020)
ESH1026,Historia de las Manifestaciones Artisticas,10,historia de las manifestaciones artisticas
ESH1116,Arte Musulman en España,10,arte musulman en espana
ESH1471,Fgh el Impresionismo Frances,5,fgh el impresionismo frances
ESH4011,"Arte en Egipto, Grecia y Roma",8,"arte en egipto, grecia y roma"
ESL2401,Lenguaje Cinematografico,10,lenguaje cinematografico
ESM01AD,Administración (ESM01AD),0,administracion (esm01ad)
ESM01DE,Derecho,0,derecho
ESM01EC,Economía y Administración,7,economia y administracion
ESM01FL,Filosofía y Ética,5,filosofia y etica
ESM01FS,Física,0,fisica
ESM01MA,Nivelación Ciencias Básicas,0,nivelacion ciencias basicas
ESM01QU,Química,9,quimica
ESM02AD,Administración de RRHH,4,administracion de rrhh
ESM02FL,Razonamiento Logico y Pensamiento Crítico,0,razonamiento logico y pensamiento critico
ESM02FS,Física I,12,fisica 1
ESM02MA,Álgebra I,12,algebra 1
ESM03ED,Aprendizaje y Desarrollo,10,aprendizaje y desarrollo
ESM03FL,Razonamiento Logico y Pensamiento Crítico (ESM03FL),5,razonamiento logico y pensamiento critico (esm03fl)
ESM03FS,Física II,9,fisica 2
ESM03MA,Cálculo,0,calculo
ESM04AD,Finanzas,7,finanzas
ESM04ED,Planificación Curricular,9,planificacion curricular
ESM05ED,Estrategias de Didáctica,9,estrategias de didactica
ESM06ED,Innovación en Educación,7,innovacion en educacion
ESM06MA,Álgebra II,9,algebra 2
ESM07ED,Evaluación de los Aprendizajes,7,evaluacion de los aprendizajes
ESM07MA,Estadística I,9,estadistica 1
ESM09ED,Liderazgo en el Aula,7,liderazgo en el aula
ESM09MA,Estadística II,9,estadistica 2
ESM11FS,Laboratorio de Física,0,laboratorio de fisica
ESM12FS,Laboratorio de Física I,0,laboratorio de fisica 1
ESO001,Teoría e Historia de la Imagen,10,teoria e historia de la imagen
ESO002,Estética del Drama en Shakespeare,10,estetica del drama en shakespeare
ESO003,De Jacques Louis David a Picasso,10,de jacques louis david a picasso
ESO004,Arte de los Indigenas Chilenos,10,arte de los indigenas chilenos
ESO005,Crítica y Artes Visuales en Chile,10,critica y artes visuales en chile
ESO006,Historia del Arte II (ESO006),10,historia del arte 2 (eso006)
ESO007,Estética y Ciudad Latinoamericana,10,estetica y ciudad latinoamericana
ESO008,Folklore Chileno,10,folklore chileno
ESO009,Orientaciones del Cine Contemporáneo,10,orientaciones del cine contemporaneo
ESO012,Premio Nobel de Literatura Latinoamericana,10,premio nobel de literatura latinoamericana
ESO013,El Cuerpo en la Historia del Arte,10,el cuerpo en la historia del arte
ESO014,"Estética, Feminismos y Genero",10,"estetica, feminismos y genero"
ESO015,Estética y Tecnica,10,estetica y tecnica
ESO016,Estética y Medios Digitales,10,estetica y medios digitales
ESO017,Repensar el Arte Indígena Contemporáneo en Latinoamérica,10,repensar el arte indigena contemporaneo en latinoamerica
ESO018,Introducción a la Estética y Estudios de la Cultura,5,introduccion a la estetica y estudios de la cultura
ESO2013,Arte y Filosofía de la Postguerra,10,arte y filosofia de la postguerra
ESO2014,Cine y Pintura,10,cine y pintura
ESO2015,Estética Budista,10,estetica budista
ESO2016,Historia y Estética del Cine Chileno,10,historia y estetica del cine chileno
ESO2017,Imaginarios Residuales de América,10,imaginarios residuales de america
ESO2018,Post Vanguardias y Pensamiento Crítico,10,post vanguardias y pensamiento critico
ESO2019,Racialismos:Representaciones y Discursos sobre las Razas en el Mundo Atlántico (Siglos XVI - XX),10,racialismos:representaciones y discursos sobre las razas en el mundo atlantico (siglos xvi - xx)
ESO2021,Visualidades Indigenas. Representación Indígena en el Audio/Visual Chileno y Latinoamericano,10,visualidades indigenas. representacion indigena en el audio/visual chileno y latinoamericano
ESO2190,Estética del Cine (Lenguaje y Relato),10,estetica del cine (lenguaje y relato)
ESO2191,Historia del Cine,8,historia del cine
ESO2192,Historia del Cine: Evolución de Un Lenguaje,10,historia del cine: evolucion de un lenguaje
ESO2193,"Cine, Colonialismo y Resistencia",10,"cine, colonialismo y resistencia"
ESO220A,Taller de Escritura Crítica,10,taller de escritura critica
ESO221A,La Gestualidad del Cine: Una Arqueología del Cuerpo en el Siglo XX,10,la gestualidad del cine: una arqueologia del cuerpo en el siglo xx
ESO221E,Taller de Escritura Crítica en Artes Visuales,10,taller de escritura critica en artes visuales
ESO222A,Fundamentos de la Investigación en Artes y Humanidades,10,fundamentos de la investigacion en artes y humanidades
ESO2282,Historia de la Fotografía Chilena,10,historia de la fotografia chilena
ESO2283,Estética de la Fotografía,10,estetica de la fotografia
ESO233C,Poética del Acontecer,10,poetica del acontecer
ESO234C,Estética y Política,10,estetica y politica
ESO234D,Estética del Cuento Hispanoamericano,10,estetica del cuento hispanoamericano
ESO235B,Arte Renacentista Italiano,10,arte renacentista italiano
ESO235C,Introducción a la Gestión Cultural,10,introduccion a la gestion cultural
ESO236B,Introducción al Arte Contemporáneo (ESO236B),10,introduccion al arte contemporaneo (eso236b)
ESO236C,Diseño de Proyectos Culturales,10,diseno de proyectos culturales
ESO237C,Estética del Arte Tradicional Japones,10,estetica del arte tradicional japones
ESO238C,Esteticas Corporales y Performance,10,esteticas corporales y performance
ESO239C,"Estética, Ecología y Naturaleza",10,"estetica, ecologia y naturaleza"
ESO2401,Introducción al Lenguaje Cinematografico,6,introduccion al lenguaje cinematografico
ESO240C,Teoría de la Vanguardia,10,teoria de la vanguardia
ESO241C,Taller de Gestión de Proyectos Culturales,10,taller de gestion de proyectos culturales
ESO2421,Cine y Literatura Chilena,10,cine y literatura chilena
ESO2422,"Cine, Literatura y Cultura de Masas",10,"cine, literatura y cultura de masas"
ESO2423,La Música del Cine y las Artes de la Representación,10,la musica del cine y las artes de la representacion
ESO2424,"Monografía del Cine Italiano, Visconti, Pasoline, Antonioni",10,"monografia del cine italiano, visconti, pasoline, antonioni"
ESO242C,Gestión y Producción en Artes Visuales,10,gestion y produccion en artes visuales
ESO243C,Gestión en Música,10,gestion en musica
ESO244C,Consideraciones Esteticas de los Libros para Niños y Jovenes,10,consideraciones esteticas de los libros para ninos y jovenes
ESO245C,Caminata y Literatura,10,caminata y literatura
ESO246C,Economía e Industria Creativa,10,economia e industria creativa
ESO246D,Teoría del Cine Documental Chileno,10,teoria del cine documental chileno
ESO247D,Ética y Estética del Cine Negro,10,etica y estetica del cine negro
ESO248D,Aproximación Estetico Teológica del Cine,10,aproximacion estetico teologica del cine
ESO249D,"Taller de Investigación Fotografica, Fotografía Documental y Edición Fotografica",10,"taller de investigacion fotografica, fotografia documental y edicion fotografica"
ESO250D,El Artista: Su Poética y Sus Fantasmas,10,el artista: su poetica y sus fantasmas
ESO251D,Cine y Literatura Latinoamericana,10,cine y literatura latinoamericana
ESO252D,Esteticas de la Ruptura en la Narrativa Chilena de los Siglos XX - Xxi,10,esteticas de la ruptura en la narrativa chilena de los siglos xx - xxi
ESO253D,Fotografía Documental Latinoamericana: Sujeto y Representación Tecnica,10,fotografia documental latinoamericana: sujeto y representacion tecnica
ESO254D,"Cruces entre Arte, Ciencia y Tecnología",10,"cruces entre arte, ciencia y tecnologia"
ESO2611,Arte de los Indigenas Chilenos (ESO2611),10,arte de los indigenas chilenos (eso2611)
ESO2620,Arte Colonial Hispanoamericano,8,arte colonial hispanoamericano
ESO2663,Arte Chileno: 1950-2000,10,arte chileno: 1950-2000
ESO2681,Estética Moderna y Postmoderna en América Latina,10,estetica moderna y postmoderna en america latina
ESO2734,Iconografias de América,10,iconografias de america
ESO2770,Cine Latinoamericano Comtemporaneo,8,cine latinoamericano comtemporaneo
ESO2772,Cine Latinoamericano y Contemporáneo,10,cine latinoamericano y contemporaneo
ESO2811,Arte y Pensamiento Oriental,10,arte y pensamiento oriental
ESO2812,El Arte del Lejano Oriente,10,el arte del lejano oriente
ESO2821,Arte Greco-Romano,10,arte greco-romano
ESO2931,Taller de Escritura Crítica (ESO2931),8,taller de escritura critica (eso2931)
ESO2932,Taller de Escritura Crítica (ESO2932),10,taller de escritura critica (eso2932)
ESO3283,Estética del Cuento Taller,10,estetica del cuento taller
ESO3284,Esteticas Feministas en la Ficción Chilena,10,esteticas feministas en la ficcion chilena
ESP1001,Salud Poblacional,10,salud poblacional
ESP1002,Comprendiendo la Salud de las Poblaciones: Introducción a la Epidemiología,10,comprendiendo la salud de las poblaciones: introduccion a la epidemiologia
EST001,Origen del Arte Cristiano en Medio Oriente,10,origen del arte cristiano en medio oriente
EST002,Cosmología y Arquitectura Oriental,10,cosmologia y arquitectura oriental
EST003,Arte y Simbolos de India y Japon,10,arte y simbolos de india y japon
EST004,Música del Cine y las Artes de la Representación,10,musica del cine y las artes de la representacion
EST006,Historia del Arte I (EST006),10,historia del arte 1 (est006)
EST007,Estética General (EST007),10,estetica general (est007)
EST008E,Taller de Escritura Autobiografica,10,taller de escritura autobiografica
EST009,"Arte en Egipto, Grecia y Roma (EST009)",10,"arte en egipto, grecia y roma (est009)"
EST120,Requisito de Ingreso,120,requisito de ingreso
EST200,Requisito de Ingreso (EST200),200,requisito de ingreso (est200)
EST210A,Fundamentos de la Estética,10,fundamentos de la estetica
EST212A,Estética Moderna,10,estetica moderna
EST214A,Estética Americana,10,estetica americana
EST220B,Cosmovisiones y Producción Simbólica,10,cosmovisiones y produccion simbolica
EST221B,Arte y Modernidad,10,arte y modernidad
EST222B,Arte Chileno y Americano I,10,arte chileno y americano 1
EST223B,Arte Chileno y Americano II,10,arte chileno y americano 2
EST230C,Experiencia Estética y Cultura Tradicional,10,experiencia estetica y cultura tradicional
EST231C,Experiencia Estética y Religiosidad,10,experiencia estetica y religiosidad
EST232C,Arte y Medios de Comunicación Masiva,10,arte y medios de comunicacion masiva
EST233C,Experiencia Estética y Educación,10,experiencia estetica y educacion
EST240D,Estética de las Artes Visuales,10,estetica de las artes visuales
EST241D,Estética del Cine (EST241D),10,estetica del cine (est241d)
EST242D,Estética Literaria,10,estetica literaria
EST243D,Estética de la Fotografía (EST243D),10,estetica de la fotografia (est243d)
EST244D,Estética de la Arquitectura y Diseño,10,estetica de la arquitectura y diseno
EST245D,Estética de la Música,10,estetica de la musica
EST250E,Crítica de Cine,10,critica de cine
EST251E,Crítica Literaria,10,critica literaria
EST252E,Crítica de las Artes Visuales,10,critica de las artes visuales
EST253E,Crítica Cultural,10,critica cultural
EST260F,Seminario Tutorial,20,seminario tutorial
ETI0020,Ética Veterinaria,5,etica veterinaria
ETI1000,Eticas Aplicadas: Desafíos Actuales,10,eticas aplicadas: desafios actuales
ETI1001,Ética para Ciencia de la Computación,10,etica para ciencia de la computacion
ETI1002,Ética para Ingeniería en Recursos Naturales,5,etica para ingenieria en recursos naturales
ETI1003,Desafíos Éticos en Derecho y Políticas Públicas,5,desafios eticos en derecho y politicas publicas
ETI1004,"Derechos Humanos, Ética y Sociedad: Una Perspectiva Sociologica",10,"derechos humanos, etica y sociedad: una perspectiva sociologica"
ETI1005,La Dignidad Humana como Fundamento de los Derechos Fundamentales,5,la dignidad humana como fundamento de los derechos fundamentales
ETI184A,"Ética en la Arquitectura, en la Ciudad y en el Paisaje",10,"etica en la arquitectura, en la ciudad y en el paisaje"
ETI185,Ética para la Psicología,10,etica para la psicologia
ETI188,Ética para Ingeniería,10,etica para ingenieria
ETI193,Ética Agricola y Forestal,10,etica agricola y forestal
ETI195,Ética para Ciencia de Datos y Estadística,10,etica para ciencia de datos y estadistica
ETI2010,Filosofía y Ética de la Ciencia,5,filosofia y etica de la ciencia
ETI209,"Ética, Economía y Empresa",10,"etica, economia y empresa"
EUC1000,Pre Intermediate English I,5,pre intermediate english 1
EUC2000,Pre Intermediate English II,5,pre intermediate english 2
EUC3000,Lower Intermediate English I,5,lower intermediate english 1
EUC4000,Lower Intermediate English II,5,lower intermediate english 2
EUC4008,Exit English B1: Lower Intermediate,5,exit english b1: lower intermediate
EUC5000,Upper Intermediate English I,5,upper intermediate english 1
EUC6000,Upper Intermediate English II,5,upper intermediate english 2
EUC7000,Exit English B2: Upper Intermediate,5,exit english b2: upper intermediate
EUC8002,Persuasión in Action: Navigating The 17 Sdgs Through Effective Communication,10,persuasion in action: navigating the 17 sdgs through effective communication
EYP1015,Introducción a la Estadística,10,introduccion a la estadistica
EYP1020,Análisis de Datos,10,analisis de datos
EYP1083,Estadística e Investigación,10,estadistica e investigacion
EYP1112,Probabilidades,10,probabilidades
EYP1113,Probabilidades y Estadística,10,probabilidades y estadistica
EYP1116,Probabilidad y Estadística (Cpc),10,probabilidad y estadistica (cpc)
EYP1705,Introducción al Manejo y Exploración de Datos,10,introduccion al manejo y exploracion de datos
EYP2005,Análisis Exploratorio de Datos (EYP2005),10,analisis exploratorio de datos (eyp2005)
EYP2007,Desarrollo de Carrera y Empleabilidad para Estadísticos,5,desarrollo de carrera y empleabilidad para estadisticos
EYP2017,Procesos Estocásticos,15,procesos estocasticos
EYP2095,Seminario de Estadística (EYP2095),10,seminario de estadistica (eyp2095)
EYP2097,Taller de Iniciación Cientifica,10,taller de iniciacion cientifica
EYP2104,Estadística para Matemática,10,estadistica para matematica
EYP2125,Distribuciones Estadisticas,10,distribuciones estadisticas
EYP2195,Tópicos en Teoría Estadística (EYP2195),10,topicos en teoria estadistica (eyp2195)
EYP2196,Tópicos Aplicados en Estadística,10,topicos aplicados en estadistica
EYP2215,Teoría de Decisión,10,teoria de decision
EYP2300,Métodos Estadísticos para Química y Farmacia,9,metodos estadisticos para quimica y farmacia
EYP2310,Estadística para Química y Farmacia,10,estadistica para quimica y farmacia
EYP2320,Regresiones y Series de Tiempo,10,regresiones y series de tiempo
EYP2355,Introducción a los Modelos Lineales Generalizados,15,introduccion a los modelos lineales generalizados
EYP2405,Métodos Estadísticos (EYP2405),15,metodos estadisticos (eyp2405)
EYP2425,Anova y Diseño de Experimentos (EYP2425),15,anova y diseno de experimentos (eyp2425)
EYP2426,Anova y Diseño de Experimentos (EYP2426),10,anova y diseno de experimentos (eyp2426)
EYP2427,Minería de Datos e Inteligencia de Negocios,10,mineria de datos e inteligencia de negocios
EYP2435,Análisis Multivariado (EYP2435),15,analisis multivariado (eyp2435)
EYP2436,Análisis Estadístico Multivariado,10,analisis estadistico multivariado
EYP2437,Estadística para la Gestión de Riesgo de Credito,10,estadistica para la gestion de riesgo de credito
EYP243I,Análisis Multivariado (EYP243I),10,analisis multivariado (eyp243i)
EYP2445,Métodos Estadísticos No Parametricos,10,metodos estadisticos no parametricos
EYP2455,Análisis Estadísticos para Datos Discretos (EYP2455),15,analisis estadisticos para datos discretos (eyp2455)
EYP2495,Tópicos en Métodos Estadísticos (EYP2495),10,topicos en metodos estadisticos (eyp2495)
EYP2510,Control Estadístico de Procesos,10,control estadistico de procesos
EYP2605,Introducción a la Matemática de Seguros (EYP2605),10,introduccion a la matematica de seguros (eyp2605)
EYP2615,Confiabilidad,10,confiabilidad
EYP2625,Modelos Estadísticos para la Construcción de Portafolios de Inversión,10,modelos estadisticos para la construccion de portafolios de inversion
EYP2627,Modelos Estadísticos para la Construcción de Portafolios de Inversión (EYP2627),10,modelos estadisticos para la construccion de portafolios de inversion (eyp2627)
EYP2717,Software Estadístico,5,software estadistico
EYP280I,Métodos Bayesianos,10,metodos bayesianos
EYP2905,Series de Tiempo I (EYP2905),15,series de tiempo 1 (eyp2905)
EYP290I,Series de Tiempo I (EYP290I),10,series de tiempo 1 (eyp290i)
EYP2910,Taller de Título 1,20,taller de titulo 1
EYP2915,Econometría Financiera,10,econometria financiera
EYP2920,Taller de Título 2,20,taller de titulo 2
EYP2925,Taller de Título (EYP2925),15,taller de titulo (eyp2925)
EYP2995,Taller de Título (EYP2995),15,taller de titulo (eyp2995)
EYP3000,Consultoría Estadística Avanzada,10,consultoria estadistica avanzada
EYP3007,Consultoría Estadística,10,consultoria estadistica
EYP3029,Introducción a la Investigación de Mercados,10,introduccion a la investigacion de mercados
EYP3039,Transferencia Tecnologica de la Ciencia de Datos,10,transferencia tecnologica de la ciencia de datos
EYP3207,Métodos Bayesianos II,10,metodos bayesianos 2
EYP3208,Bioestadística en Investigación Clínica,8,bioestadistica en investigacion clinica
EYP3307,Modelos Lineales Generalizados,10,modelos lineales generalizados
EYP3322,Introducción al Análisis de Sobrevivencia,10,introduccion al analisis de sobrevivencia
EYP3417,Estadística Espacial,10,estadistica espacial
EYP3427,Anova y Diseño de Experimentos (EYP3427),10,anova y diseno de experimentos (eyp3427)
EYP3437,Análisis Multivariado (EYP3437),10,analisis multivariado (eyp3437)
EYP3447,Psicometría,10,psicometria
EYP3510,Introducción a la Estadística Constructivista,10,introduccion a la estadistica constructivista
EYP3520,Estadística Bayesiana como Herramienta de Modelamiento Estructural,10,estadistica bayesiana como herramienta de modelamiento estructural
EYP3530,Problemas de Identificación en Ciencias Sociales,10,problemas de identificacion en ciencias sociales
EYP3540,Análisis Estadístico con Datos Faltantes,10,analisis estadistico con datos faltantes
EYP3707,Métodos Estadísticos para el Manejo de Grandes Volúmenes de Datos,10,metodos estadisticos para el manejo de grandes volumenes de datos
EYP3716,Matemáticas Actuariales I,12,matematicas actuariales 1
EYP3721,Tópicos en Bioestadística,10,topicos en bioestadistica
EYP3907,Series de Tiempo,10,series de tiempo
FAR0336,Desafíos Actuales para las Artes,10,desafios actuales para las artes
FAR0361,Visión Integrada de las Artes,10,vision integrada de las artes
FAR0362,Paradigmas de las Artes,10,paradigmas de las artes
FAR0363,Gestión Cultural Interdisciplinaria,10,gestion cultural interdisciplinaria
FAR0364,Taller de Creación Interdisciplinaria,10,taller de creacion interdisciplinaria
FAR0365,Las Artes en la Obra Filmica,10,las artes en la obra filmica
FAR1172,Visión Integral de las Artes,8,vision integral de las artes
FAR1273,Ambito del Lenguaje de las Artes,8,ambito del lenguaje de las artes
FCS010,Paradigmas de las Ciencias Sociales,10,paradigmas de las ciencias sociales
FCS020,Cambios Culturales del Siglo XXI,5,cambios culturales del siglo xxi
FCS030,Desarrollo del Pensamiento Científico (Ciencias Sociales),5,desarrollo del pensamiento cientifico (ciencias sociales)
FCS101,Longevidad e Interdisciplina: Desafíos para una Nueva Sociedad,10,longevidad e interdisciplina: desafios para una nueva sociedad
FEB0001,Problemas Matemáticos en Escolares Básicos,8,problemas matematicos en escolares basicos
FEB0002,Juegos Matemáticos,10,juegos matematicos
FEB0009,Uso y Manejo de la Voz Hablada,10,uso y manejo de la voz hablada
FEB0010,Educación y Manejo de la Voz,8,educacion y manejo de la voz
FEB0011,Taller de Flauta Dulce Soprano,10,taller de flauta dulce soprano
FEB0012,Juegos Infantiles en Educación General Básica,8,juegos infantiles en educacion general basica
FEB0014,El Folklore en la Educación,10,el folklore en la educacion
FEB0015,Computación Educativa,10,computacion educativa
FEB0016,La Guitarra Un Medio para el Aprendizaje,10,la guitarra un medio para el aprendizaje
FEB0017,La Computación Como Recurso Pedagogico,10,la computacion como recurso pedagogico
FEB0018,La Computación en la Gestión Docente,10,la computacion en la gestion docente
FEB0019,Creación Material de Aprendizaje por Computador,10,creacion material de aprendizaje por computador
FEB0020,Educación Personalizada en Educación General Básica,10,educacion personalizada en educacion general basica
FEB0021,Educación Básica Continuidad de Preescolar,10,educacion basica continuidad de preescolar
FEB0025,El Trabajo Con Padres y Apoderados,10,el trabajo con padres y apoderados
FEB0030,El Educar Creativo,10,el educar creativo
FEB0035,Resolución de Problemas en Educación Tecnologica,10,resolucion de problemas en educacion tecnologica
FEB0036,Educación Tecnologica en el II Ciclo de Educación General Básica,10,educacion tecnologica en el 2 ciclo de educacion general basica
FEB0040,Educación Ambiental,10,educacion ambiental
FEB0045,La Literatura en Educación General Básica,10,la literatura en educacion general basica
FEB0060,Educación Ambiental en Educación General Básica,10,educacion ambiental en educacion general basica
FEB0070,Problemas de Desarrollo y Aprendizaje,10,problemas de desarrollo y aprendizaje
FEB1000,Psicopedagogía del Escolar Basico I,10,psicopedagogia del escolar basico 1
FEB1010,Psicopedagogía del Escolar Basico I (FEB1010),12,psicopedagogia del escolar basico 1 (feb1010)
FEB1100,Computación en la Educación General Básica,6,computacion en la educacion general basica
FEB1500,Psicopedagogía del Escolar Basico II,10,psicopedagogia del escolar basico 2
FEB2000,Taller de Orientación e Interacción Con el Escolar Basico,8,taller de orientacion e interaccion con el escolar basico
FEB2050,Didáctica General,8,didactica general
FEB2100,Fundamentos Didáctica de Expresión Artística,8,fundamentos didactica de expresion artistica
FEB2150,Fundamentos de Psicomotricidad,8,fundamentos de psicomotricidad
FEB2160,Fundamentos de la Psicomotricidad,10,fundamentos de la psicomotricidad
FEB2161,Fundamentos de la Psicomotricidad (FEB2161),8,fundamentos de la psicomotricidad (feb2161)
FEB2200,Literatura Infantil en la Educación General Básica,8,literatura infantil en la educacion general basica
FEB2300,Taller de Educación Tecnologica,10,taller de educacion tecnologica
FEB2500,Didáctica del Lenguaje I (FEB2500),8,didactica del lenguaje 1 (feb2500)
FEB2510,Didáctica del Lenguaje I (FEB2510),10,didactica del lenguaje 1 (feb2510)
FEB2550,Didáctica de la Expresión Dinámica,8,didactica de la expresion dinamica
FEB2600,Didáctica de la Expresión Tecnico-Artístico,8,didactica de la expresion tecnico-artistico
FEB2650,Educación Matemática Inicial,8,educacion matematica inicial
FEB2660,Fundamento de la Expresión Artística,10,fundamento de la expresion artistica
FEB3000,Familia y Comunidad en Educación General Básica,6,familia y comunidad en educacion general basica
FEB3050,Taller de Expresión Integrada,8,taller de expresion integrada
FEB3150,Didáctica del Lenguaje II (FEB3150),8,didactica del lenguaje 2 (feb3150)
FEB3200,Didáctica de la Expresión Dinámica (FEB3200),10,didactica de la expresion dinamica (feb3200)
FEB3250,Didáctica de la Expresión Tecnico Artístico,10,didactica de la expresion tecnico artistico
FEB3580,Ciencias Naturales en la Educación General Básica,10,ciencias naturales en la educacion general basica
FEB3660,Ciencias Naturales en la Educación General Básica (FEB3660),12,ciencias naturales en la educacion general basica (feb3660)
FEB3700,Didáctica de las Cs Sociales I,8,didactica de las cs sociales 1
FEB370S,Cultura Economía y Sociedad,10,cultura economia y sociedad
FEB3750,Taller de Expresión Integrada (FEB3750),10,taller de expresion integrada (feb3750)
FEB4000,Didáctica Ciencias Sociales II,8,didactica ciencias sociales 2
FEB400M,Didáctica de Especialidad:Geometría,10,didactica de especialidad:geometria
FEB4050,Problemas de Desarrollo y Aprendizaje del Escolar Basico,6,problemas de desarrollo y aprendizaje del escolar basico
FEB430C,Taller de Expresión Creativa,8,taller de expresion creativa
FEB430U,Taller de Canto Coral,10,taller de canto coral
FEB450M,Investigación Acción en Educación Matemática,8,investigacion accion en educacion matematica
FEB4510,Preinternado,16,preinternado
FEB4520,Investigación Acción en Educación General Básica,6,investigacion accion en educacion general basica
FEB470C,Taller de Recursos Multimediales,8,taller de recursos multimediales
FEB470S,El Uso del Entorno en la Enseñanza de las Ciencias Sociales,10,el uso del entorno en la ensenanza de las ciencias sociales
FEB475C,Didáctica de Especialidad:Castellano,10,didactica de especialidad:castellano
FEB475D,El Aprendizaje en la Educación Artística y Sus Problemas,10,el aprendizaje en la educacion artistica y sus problemas
FEB475M,Didáctica de Especialidad:Álgebra,10,didactica de especialidad:algebra
FEB475S,Didáctica de la Especialidad: Ciencias Sociales,10,didactica de la especialidad: ciencias sociales
FEB5000,Taller Proyección a la Vida Profesional del Educador de Educación General Básica,6,taller proyeccion a la vida profesional del educador de educacion general basica
FEB5100,Internado,32,internado
FEB530A,Internado de la Mención Artes Plasticas,10,internado de la mencion artes plasticas
FEB530C,Internado Mención Castellano,10,internado mencion castellano
FEB530M,Internado de la Mención Matemática,10,internado de la mencion matematica
FEB530S,Internado Mención Ciencias Sociales,10,internado mencion ciencias sociales
FEB530U,Internado de la Mención en Educación Musical,10,internado de la mencion en educacion musical
FED5040,Diseño Proyectos de Innovación Tecnologica,10,diseno proyectos de innovacion tecnologica
FEE5050,Estrategias Metacognitivas Educación Especial,10,estrategias metacognitivas educacion especial
FEL1000,Pensamiento Pedagogico (FEL1000),8,pensamiento pedagogico (fel1000)
FEL1100,La Educación Desde la Perspectiva Sociocultural,8,la educacion desde la perspectiva sociocultural
FEP0010,Computación en la Educación Parvularia,6,computacion en la educacion parvularia
FEP0011,Creación y Uso de Programas de Computación para Niños,6,creacion y uso de programas de computacion para ninos
FEP0030,El Folklore en la Educación Preescolar,6,el folklore en la educacion preescolar
FEP0050,La Propuesta Teórica-Práctica de Feuerstein,10,la propuesta teorica-practica de feuerstein
FEP1000,Psicoped Edad Infantil I,10,psicoped edad infantil 1
FEP1010,Psicopedagogía Edad Infantil I,12,psicopedagogia edad infantil 1
FEP1050,El Arte Desde la Perspectiva Educacional,6,el arte desde la perspectiva educacional
FEP1100,Educación Musical Inicial,6,educacion musical inicial
FEP1200,Expresión Corporal en Educación del Niño,10,expresion corporal en educacion del nino
FEP1500,Psicopedagogía de la Edad Infantil II,8,psicopedagogia de la edad infantil 2
FEP1510,Psicopedagogía Edad Infantil II,14,psicopedagogia edad infantil 2
FEP1550,Expresión Musical en Educación del Niño,8,expresion musical en educacion del nino
FEP1560,Expresión Musical en Educación del Niño (FEP1560),10,expresion musical en educacion del nino (fep1560)
FEP1600,Observación Participante,16,observacion participante
FEP2000,Expresión Plastica y Manejo en Educación del Niño,8,expresion plastica y manejo en educacion del nino
FEP2010,Expresión Plastica y Manejo en Educación del Niño (FEP2010),10,expresion plastica y manejo en educacion del nino (fep2010)
FEP2080,Observación Participante (FEP2080),12,observacion participante (fep2080)
FEP2100,Expresión Corporal en Educación del Niño (FEP2100),8,expresion corporal en educacion del nino (fep2100)
FEP2150,Literatura Infantil en Educación del Niño,8,literatura infantil en educacion del nino
FEP2160,Expresión Literaria en Educación del Niño,10,expresion literaria en educacion del nino
FEP2540,"Conocimiento Medio Natural, Social y Cultural",6,"conocimiento medio natural, social y cultural"
FEP2710,Educación Lenguaje Oral y Escrito en el Niño,12,educacion lenguaje oral y escrito en el nino
FEP2711,La Educación del Lenguaje Oral y Escrito,10,la educacion del lenguaje oral y escrito
FEP3060,Educación Matemática Inicial en el Niño,10,educacion matematica inicial en el nino
FEP3110,Educación Ambiental en el Niño,10,educacion ambiental en el nino
FEP3161,Metodología Edad Infantil II,14,metodologia edad infantil 2
FEP3210,Metodología de la Educación Infantil I,16,metodologia de la educacion infantil 1
FEP3560,Metodología de la Educación Infantil II,16,metodologia de la educacion infantil 2
FEP3600,La Familia y Comunidad en la Educación Inicial,10,la familia y comunidad en la educacion inicial
FEP4150,Taller de Experiencias Educativas a Nivel Aula,8,taller de experiencias educativas a nivel aula
FEP4600,Problemas del Desarrollo y Aprendizaje Infantil,8,problemas del desarrollo y aprendizaje infantil
FEU0010,Computación y Educación,10,computacion y educacion
FEU0050,Nuevas Tecnologías en la Educación Inicial,10,nuevas tecnologias en la educacion inicial
FEU0100,Taller de Medios de Comunicación Pedagógica,8,taller de medios de comunicacion pedagogica
FEU1000,Pensamiento Pedagogico (FEU1000),8,pensamiento pedagogico (feu1000)
FEU1010,Pensamiento Pedagogico (FEU1010),10,pensamiento pedagogico (feu1010)
FEU1020,Fundamentos Psicopedagogicos,6,fundamentos psicopedagogicos
FEU1040,Introducción a la Investigación en Educación,6,introduccion a la investigacion en educacion
FEU1050,Fundamentos Filosóficos de la Educación,8,fundamentos filosoficos de la educacion
FEU1060,El Arte en la Educación,6,el arte en la educacion
FEU1080,Expresión Dinámica,6,expresion dinamica
FEU1100,La Educación Desde la Perspectiva Sociocultural (FEU1100),8,la educacion desde la perspectiva sociocultural (feu1100)
FEU1150,Taller Desarrollo Personal del Educador,5,taller desarrollo personal del educador
FEU1160,Taller Desarrollo Personal del Educador (FEU1160),6,taller desarrollo personal del educador (feu1160)
FEU1500,Taller Diagnóstico del Entorno Educativo,6,taller diagnostico del entorno educativo
FEU1540,Expresión Musical,6,expresion musical
FEU2000,Currículum y Organización Educativa,8,curriculum y organizacion educativa
FEU2050,La Evaluación en la Acción Educativa,8,la evaluacion en la accion educativa
FEU3150,La Educación Desde la Perspectiva Filosófica (FEU3150),8,la educacion desde la perspectiva filosofica (feu3150)
FEU3160,La Educación Desde la Perspectiva Filosófica (FEU3160),10,la educacion desde la perspectiva filosofica (feu3160)
FEU3500,Interacción Educacional Desde la Perspectiva Sico-Social,8,interaccion educacional desde la perspectiva sico-social
FEU4010,Metodología de la Investigación en Educación,10,metodologia de la investigacion en educacion
FEU4510,Seminario de Grado (FEU4510),10,seminario de grado (feu4510)
FIA0221,Taller de Astronomía II,10,taller de astronomia 2
FIA1501,Estrellas de Neutrones,10,estrellas de neutrones
FIA1502,Ordenes de Magnitud en el Mundo Fisico,10,ordenes de magnitud en el mundo fisico
FIA1503,Geodinámica I,10,geodinamica 1
FIA1504,Radiación Cosmica de Fondo en Microondas,10,radiacion cosmica de fondo en microondas
FIA1505,Cumulos de Galaxias,10,cumulos de galaxias
FIA1506,Formación de Galaxias,10,formacion de galaxias
FIA1508,Radioastronomía,10,radioastronomia
FIA1511,Astrofísica Numérica,10,astrofisica numerica
FIA1512,Laboratorio de Instrumentación Astronomica,10,laboratorio de instrumentacion astronomica
FIA1513,Fundamentos de Instrumentación Astronomica,10,fundamentos de instrumentacion astronomica
FIA1514,Estadística para Astronomos,10,estadistica para astronomos
FIA1515,Agujeros Negros Super-Masivos,10,agujeros negros super-masivos
FIA1519,Poblaciones Estelares,10,poblaciones estelares
FIA1521,Historia de la Astronomía (FIA1521),10,historia de la astronomia (fia1521)
FIA1525,Poniendo Números a la Tierra y el Universo (FIA1525),10,poniendo numeros a la tierra y el universo (fia1525)
FIA3001,Dinámica Estelar y Simulaciones Numéricas,12,dinamica estelar y simulaciones numericas
FIA3002,Astrofísica Estelar Avanzada,12,astrofisica estelar avanzada
FIA3003,Astronomía Galactica,12,astronomia galactica
FIA3004,Supernovas,10,supernovas
FIA3005,Medio Interestelar,12,medio interestelar
FIA3006,Instrumentación Astronomica,12,instrumentacion astronomica
FIA3007,Tópicos de Astronomía,10,topicos de astronomia
FIA3008,Relatividad y Gravitación (FIA3008),12,relatividad y gravitacion (fia3008)
FIA3009,Cosmología (FIA3009),12,cosmologia (fia3009)
FIA3011,Estrellas Variables,10,estrellas variables
FIA3012,Planetas Extrasolares,10,planetas extrasolares
FIA3013,Estructura a Gran Escala,12,estructura a gran escala
FIL001,Platón,10,platon
FIL002,Aristóteles,10,aristoteles
FIL003,Santo Tomás,10,santo tomas
FIL004,Descartes,10,descartes
FIL005,Kant,10,kant
FIL006,Hegel,10,hegel
FIL007,Husserl,10,husserl
FIL008,Wittgenstein,10,wittgenstein
FIL009,Heidegger,10,heidegger
FIL011,Lógica,10,logica
FIL012,Filosofía del Lenguaje,10,filosofia del lenguaje
FIL013,Antropología Filosófica,10,antropologia filosofica
FIL014,Metafísica,10,metafisica
FIL017,Filosofía de las Ciencias,10,filosofia de las ciencias
FIL018,Filosofía Política,10,filosofia politica
FIL019,Filosofía Social,10,filosofia social
FIL021,Historia de la Filosofía Antigua,10,historia de la filosofia antigua
FIL022,Historia de la Filosofía Medieval,10,historia de la filosofia medieval
FIL023,Historia de la Filosofía Moderna,10,historia de la filosofia moderna
FIL024,Historia de la Filosofía Contemporánea,10,historia de la filosofia contemporanea
FIL026,Introducción a la Filosofía,10,introduccion a la filosofia
FIL027,Teoría del Conocimiento,10,teoria del conocimiento
FIL106R,Concepciones Filosoficas,10,concepciones filosoficas
FIL112,Filosofía del Arte,10,filosofia del arte
FIL117T,Teología Natural,10,teologia natural
FIL121T,Filosofía Medieval,10,filosofia medieval
FIL123,Requisito de Ingreso (FIL123),130,requisito de ingreso (fil123)
FIL144,Filosofía de la Historia,10,filosofia de la historia
FIL161,Seminario Metodológico,10,seminario metodologico
FIL162,Seminario Filosofía Antigua o Medieval,10,seminario filosofia antigua o medieval
FIL162B,Seminario Filosofía Antigua o Medieval (FIL162B),10,seminario filosofia antigua o medieval (fil162b)
FIL163,"Seminario Metafísica, Antropología o Ética",10,"seminario metafisica, antropologia o etica"
FIL164,Seminario en Filosofía Moderna o Contemporánea,10,seminario en filosofia moderna o contemporanea
FIL165,"Seminario Lógica, Filosofía del Lenguaje o Filosofía de las Ciencias",10,"seminario logica, filosofia del lenguaje o filosofia de las ciencias"
FIL166,Tesis de Grado,20,tesis de grado
FIL167,Seminario de Filosofía Optativo A,10,seminario de filosofia optativo a
FIL168,Seminario de Filosofía Optativo B,10,seminario de filosofia optativo b
FIL169,Seminario de Filosofía Optativo C,10,seminario de filosofia optativo c
FIL172,Tecnología y Vida en el Mundo Contemporáneo,10,tecnologia y vida en el mundo contemporaneo
FIL173,"Filosofía, Psicología y Espiritualidad",10,"filosofia, psicologia y espiritualidad"
FIL174,Seminario de Filosofía Optativo D,10,seminario de filosofia optativo d
FIL180P,Antropología,8,antropologia
FIL181A,Fundamentos de Antropología Filosófica,8,fundamentos de antropologia filosofica
FIL184A,"Ética en la Arquitectura, en la Ciudad y en el Paisaje (FIL184A)",10,"etica en la arquitectura, en la ciudad y en el paisaje (fil184a)"
FIL185P,Ética para Psicología,10,etica para psicologia
FIL188,Ética para Ingenieros,10,etica para ingenieros
FIL191,Ética de la Agricultura,10,etica de la agricultura
FIL192,Ética para Constructores Civiles,10,etica para constructores civiles
FIL193,Ética Agricola y Forestal (FIL193),10,etica agricola y forestal (fil193)
FIL196,The Classical Notions of Justice and Their Reception in the West (Ética),10,the classical notions of justice and their reception in the west (etica)
FIL197,Las Pruebas Filosoficas de la Existencia de Dios (Metafísica),10,las pruebas filosoficas de la existencia de dios (metafisica)
FIL198,De Veritate/On Truth (Gnoseología),10,de veritate/on truth (gnoseologia)
FIL199,The Nature and Role of Prudence in Political Action (Filosofía Política),10,the nature and role of prudence in political action (filosofia politica)
FIL2001,Filosofía: ñPara queñ,10,filosofia: npara quen
FIL2002,Ética: ñComo deberiamos vivirñ,10,etica: ncomo deberiamos vivirn
FIL2003,"Verdad, Bien y Belleza",10,"verdad, bien y belleza"
FIL2005,De Homero a Facebook: Filosofía de la Tecnología,10,de homero a facebook: filosofia de la tecnologia
FIL2006,Introducción a la Argumentación,10,introduccion a la argumentacion
FIL2007,Espiritualidad y Sentido de la Vida en la Sociedad de Consumo,10,espiritualidad y sentido de la vida en la sociedad de consumo
FIL2008,UC Propone: Investigación Aplicada en Ciencias Sociales (FIL2008),10,uc propone: investigacion aplicada en ciencias sociales (fil2008)
FIL208T,Filosofía Moderna,8,filosofia moderna
FIL209T,Síntesis Filosófica B (Con Comisión),10,sintesis filosofica b (con comision)
FIL210T,Iniciación Hermeneutica,5,iniciacion hermeneutica
FIL213T,Filosofía de la Religión,10,filosofia de la religion
FIL214,Fundamentos Filosóficos de la Psicología,10,fundamentos filosoficos de la psicologia
FIL216,Requisito de Ingreso (FIL216),200,requisito de ingreso (fil216)
FIL217,"Verdad, Bien y Belleza (FIL217)",10,"verdad, bien y belleza (fil217)"
FIL217C,Verdad y Certeza,10,verdad y certeza
FIL217H,Verdad y Belleza,10,verdad y belleza
FIL217S,Verdad y Justicia,10,verdad y justicia
FIL219T,Síntesis Filosófica a (Con Comisión),10,sintesis filosofica a (con comision)
FIL310B,Historia de las Ideas Filosoficas,10,historia de las ideas filosoficas
FIL400B,Ciencia y Cultura (FIL400B),10,ciencia y cultura (fil400b)
FIL7001,Estudio Dirigido,24,estudio dirigido
FIL9600,Metafísica I,12,metafisica 1
FIL9601,Metafísica II,12,metafisica 2
FIL9602,Metafísica III,12,metafisica 3
FIL9603,Metafísica IV,12,metafisica 4
FIL9604,Metafísica V,12,metafisica 5
FIL9605,Metafísica VI,12,metafisica 6
FIL9702,Ética I,10,etica 1
FIL9703,Ética II,10,etica 2
FIL9704,Filosofía de las Ciencias I,10,filosofia de las ciencias 1
FIL9705,Filosofía de las Ciencias II,10,filosofia de las ciencias 2
FIL9810,Fenomenología,10,fenomenologia
FIL9811,Filosofía Analítica,10,filosofia analitica
FIL9910,Pensamiento Oriental,10,pensamiento oriental
FIL9920,Introducción a la Argumentación (FIL9920),10,introduccion a la argumentacion (fil9920)
FIL9930,Pensamiento Oriental (FIL9930),10,pensamiento oriental (fil9930)
FIL9940,Investigación en Pregrado UC Propone Filosofía,10,investigacion en pregrado uc propone filosofia
FIM3011,Estructura Electrónica para Sólidos y Clusters,15,estructura electronica para solidos y clusters
FIS0010,Física Inicial,10,fisica inicial
FIS001L,Laboratorio de Física Inicial,0,laboratorio de fisica inicial
FIS001N,Física Preliminar,0,fisica preliminar
FIS0102,Física y Tecnología para Lideres de Opinión,10,fisica y tecnologia para lideres de opinion
FIS0103,Física y Tecnología para Lideres de Opinión (FIS0103),10,fisica y tecnologia para lideres de opinion (fis0103)
FIS0104,Física en la Música,10,fisica en la musica
FIS0109,Laboratorio de Física para Ciencias,0,laboratorio de fisica para ciencias
FIS0151,Laboratorio de Estática y Dinámica,0,laboratorio de estatica y dinamica
FIS0152,Laboratorio de Termodinámica,0,laboratorio de termodinamica
FIS0153,Laboratorio de Electricidad y Magnetismo,0,laboratorio de electricidad y magnetismo
FIS0154,Laboratorio de Dinámica,0,laboratorio de dinamica
FIS100N,Herramientas para la Física,5,herramientas para la fisica
FIS101F,"Fgc Espacio, Tiempo y el Nacimiento del Universo",5,"fgc espacio, tiempo y el nacimiento del universo"
FIS101H,"FGC Espacio, Tiempo y Universo",5,"fgc espacio, tiempo y universo"
FIS102A,Fgc Física en la Cocina,5,fgc fisica en la cocina
FIS102B,Fgc la Física Hoy,5,fgc la fisica hoy
FIS1031,Física General,8,fisica general
FIS109C,Física para Ciencias,10,fisica para ciencias
FIS109D,Física para Odontología,8,fisica para odontologia
FIS109M,Física para Ciencias Biomédicas,7,fisica para ciencias biomedicas
FIS109N,Física para Nutrición,5,fisica para nutricion
FIS119E,Física General para Educación Básica,10,fisica general para educacion basica
FIS119L,Laborario de Física,0,laborario de fisica
FIS121F,Física para Fonoaudiología,10,fisica para fonoaudiologia
FIS122F,Física Acústica,10,fisica acustica
FIS1500,Laboratorio de Física (FIS1500),0,laboratorio de fisica (fis1500)
FIS1504,Física General II,10,fisica general 2
FIS1512,Física Clásica,10,fisica clasica
FIS1513,Estática y Dinámica,10,estatica y dinamica
FIS1514,Dinámica,10,dinamica
FIS151D,Física Clásica (FIS151D),10,fisica clasica (fis151d)
FIS1522,Ondas y Calor,10,ondas y calor
FIS1523,Termodinámica,10,termodinamica
FIS152D,Ondas y Calor (FIS152D),10,ondas y calor (fis152d)
FIS1530,Física III,10,fisica 3
FIS1531,Física III (FIS1531),12,fisica 3 (fis1531)
FIS1533,Electricidad y Magnetismo,10,electricidad y magnetismo
FIS1542,Física Moderna,10,fisica moderna
FIS154D,Dinámica de Partículas,10,dinamica de particulas
FIS154L,Laboratorio de Física General II,0,laboratorio de fisica general 2
FIS510L,Laboratorio de Física I (FIS510L),0,laboratorio de fisica 1 (fis510l)
FIS525L,Laboratorio de Física II,0,laboratorio de fisica 2
FIZ010,Cb Física I,12,cb fisica 1
FIZ010L,Laboratorio de Física I (FIZ010L),0,laboratorio de fisica 1 (fiz010l)
FIZ0111,Física Contemporánea,15,fisica contemporanea
FIZ0112,Introducción a la Física,10,introduccion a la fisica
FIZ0121,Mecánica Clásica I,10,mecanica clasica 1
FIZ0122,Termodinámica y Teoría Cinética,10,termodinamica y teoria cinetica
FIZ016,"Espacio, Tiempo y Universo (FIZ016)",10,"espacio, tiempo y universo (fiz016)"
FIZ020,Cb Física II,12,cb fisica 2
FIZ020L,Laboratorio de Física II (FIZ020L),0,laboratorio de fisica 2 (fiz020l)
FIZ0222,Mecánica Clásica II,10,mecanica clasica 2
FIZ0223,Métodos de la Física Matemática I,10,metodos de la fisica matematica 1
FIZ0312,Ondas y Óptica,10,ondas y optica
FIZ0313,Métodos de la Física Matemática II,10,metodos de la fisica matematica 2
FIZ0322,Física Cuántica I,10,fisica cuantica 1
FIZ0411,Mecánica Estadística,10,mecanica estadistica
FIZ0412,Física Cuántica II,10,fisica cuantica 2
FIZ0421,Física Experimental Avanzada,15,fisica experimental avanzada
FIZ0510,Trabajo de Investigación en Pregrado,10,trabajo de investigacion en pregrado
FIZ0611,Física Experimental I,10,fisica experimental 1
FIZ0612,Física Experimental II,10,fisica experimental 2
FIZ0613,Física Experimental III,10,fisica experimental 3
FIZ1012,Naturaleza y Estructura del Mundo Fisico,10,naturaleza y estructura del mundo fisico
FIZ1015,El Mundo de la Física,10,el mundo de la fisica
FIZ1016,"Espacio, Tiempo y Universo (FIZ1016)",10,"espacio, tiempo y universo (fiz1016)"
FIZ1030,Física Experimental,8,fisica experimental
FIZ1111,Física Contemporánea (FIZ1111),10,fisica contemporanea (fiz1111)
FIZ112L,Laboratorio Introducción a la Física,5,laboratorio introduccion a la fisica
FIZ121L,Laboratorio de Mecánica Clásica I,0,laboratorio de mecanica clasica 1
FIZ1250,Ondas y Calor (FIZ1250),16,ondas y calor (fiz1250)
FIZ1310,Introducción a la Física Médica,10,introduccion a la fisica medica
FIZ1314,Física de la Terapia Con Radiaciones,10,fisica de la terapia con radiaciones
FIZ1315,Física de las Imagenes Médicas,10,fisica de las imagenes medicas
FIZ1316,Radiobiología y Radioprotección,10,radiobiologia y radioproteccion
FIZ1319,Tópicos Relevantes en Física Médica,10,topicos relevantes en fisica medica
FIZ140,Cb Ondas Óptica y Física Moderna,14,cb ondas optica y fisica moderna
FIZ1401,Teoría Cuántica de Campos I,10,teoria cuantica de campos 1
FIZ1402,Introducción a Teoría de Cuerdas,10,introduccion a teoria de cuerdas
FIZ1403,Magnetohidrodinamica,10,magnetohidrodinamica
FIZ1404,Física No Lineal,10,fisica no lineal
FIZ1405,Métodos Numéricos en Física,10,metodos numericos en fisica
FIZ1406,Interacción de Fonones Con Sólidos,10,interaccion de fonones con solidos
FIZ1407,Física de las Descargas Eléctricas,10,fisica de las descargas electricas
FIZ1408,Introducción a la Microscopia de Fuerza Atomica,10,introduccion a la microscopia de fuerza atomica
FIZ1409,Astrobiología,10,astrobiologia
FIZ140P,Laboratorio Ondas,0,laboratorio ondas
FIZ1411,Introducción a la Metereología y Oceanografía,10,introduccion a la metereologia y oceanografia
FIZ1412,Métodos Experimentales de Física de Materia Condensada y de Materiales,10,metodos experimentales de fisica de materia condensada y de materiales
FIZ1415,Laseres y Óptica No Lineal,10,laseres y optica no lineal
FIZ1416,Defectos en Sólidos: Semiconductores y Superconductividad,10,defectos en solidos: semiconductores y superconductividad
FIZ1417,Topología en Sistemas de Muchos Cuerpos,10,topologia en sistemas de muchos cuerpos
FIZ1420,Óptica Atomica,10,optica atomica
FIZ1422,Aplicaciones de la Teoría de Grupos en Espectroscopia Raman de Moléculas,10,aplicaciones de la teoria de grupos en espectroscopia raman de moleculas
FIZ1425,Métodos Matemáticos de la Física III,10,metodos matematicos de la fisica 3
FIZ1426,Tópicos en Ciencia de Materiales,10,topicos en ciencia de materiales
FIZ1428,Tópicos de Física Matemática,10,topicos de fisica matematica
FIZ1429,Finanzas Cuantitativas para Fisicos,10,finanzas cuantitativas para fisicos
FIZ1430,Acústica: Teoría y Aplicaciones,10,acustica: teoria y aplicaciones
FIZ1431,Física Computacional,10,fisica computacional
FIZ1432,Teoría Clásica de Campos,10,teoria clasica de campos
FIZ1433,Materiales Eléctricos,10,materiales electricos
FIZ1435,Fundamentos de Geoacustica y Sismología,10,fundamentos de geoacustica y sismologia
FIZ1436,Acústica Lineal General,10,acustica lineal general
FIZ1440,Modelo Standard de Física de Partículas,10,modelo standard de fisica de particulas
FIZ1445,Laseres Aplicados a la Modificación de Superficies,10,laseres aplicados a la modificacion de superficies
FIZ1500,Laboratorio de Física (FIZ1500),0,laboratorio de fisica (fiz1500)
FIZ2000,Técnicas Experimentales Avanzadas,10,tecnicas experimentales avanzadas
FIZ2110,Mecánica Intermedia I,12,mecanica intermedia 1
FIZ211L,Laboratorio de Termodinámica y Teoría Cinética,0,laboratorio de termodinamica y teoria cinetica
FIZ221E,Laboratorio de Electromagnetistmo y Termodinámica (Cpc),10,laboratorio de electromagnetistmo y termodinamica (cpc)
FIZ2510,Métodos de Física Matemática I,12,metodos de fisica matematica 1
FIZ2520,Métodos de Física Matemática II,12,metodos de fisica matematica 2
FIZ2600,Óptica Ondulatoria,10,optica ondulatoria
FIZ2700,Física del Plasma,12,fisica del plasma
FIZ2800,Física Nuclear,10,fisica nuclear
FIZ2900,Óptica Cuántica,10,optica cuantica
FIZ2910,Introducción a la Información Cuántica,10,introduccion a la informacion cuantica
FIZ3100,Sistemas Mesoscopicos,10,sistemas mesoscopicos
FIZ3110,Introducción a las Teorías de Gauge,10,introduccion a las teorias de gauge
FIZ311E,Laboratorio de Ondas y Opticas y Física Moderna (Cpc),10,laboratorio de ondas y opticas y fisica moderna (cpc)
FIZ311L,Laboratorio de Física Moderna,0,laboratorio de fisica moderna
FIZ3120,Métodos Modernos de Microscopia,10,metodos modernos de microscopia
FIZ312L,Laboratorio de Ondas y Óptica,0,laboratorio de ondas y optica
FIZ3130,Ferroelectricidad,10,ferroelectricidad
FIZ3140,Relatividad Especial,10,relatividad especial
FIZ3150,Relatividad General,10,relatividad general
FIZ3160,Métodos Computacionales para Física,10,metodos computacionales para fisica
FIZ3161,Simulación Dinámica Molecular,10,simulacion dinamica molecular
FIZ3170,Simetrias en Física Clásica y Cuántica,10,simetrias en fisica clasica y cuantica
FIZ3200,Física de Fluidos,12,fisica de fluidos
FIZ3300,Electrónica para Fisicos,10,electronica para fisicos
FIZ3310,Electrónica para Fisicos II,10,electronica para fisicos 2
FIZ3400,Física de Partículas,12,fisica de particulas
FIZ3420,Cosmología y Materia Oscura,12,cosmologia y materia oscura
FIZ3430,Introducción Física de Partículas y Cosmología,14,introduccion fisica de particulas y cosmologia
FIZ3600,Física del Solido,12,fisica del solido
FIZ3700,Óptica,12,optica
FIZ411E,Taller de Física (Cpc),10,taller de fisica (cpc)
FIZ4200,Teoría de Grupos y Aplicación,12,teoria de grupos y aplicacion
FIZ4900,Práctica,40,practica
FON101,Introducción a la Fonoaudiología,5,introduccion a la fonoaudiologia
FON102,Anatomía de Cabeza y Cuello y Neuroanatomía,10,anatomia de cabeza y cuello y neuroanatomia
FON103,Inclusión y Discapacidad: El Valor de la Diversidad,10,inclusion y discapacidad: el valor de la diversidad
FON104,Fundamentos Básicos de Cultura Sorda y Lengua de Señas Chilena,10,fundamentos basicos de cultura sorda y lengua de senas chilena
FON105,Educación Vocal para la Comunicación Efectiva y Prevención de la Disfonia Ocupacional,10,educacion vocal para la comunicacion efectiva y prevencion de la disfonia ocupacional
FON106A,Fonoaudiología y Acción Comunitaria: Experiencias Aplicadas,5,fonoaudiologia y accion comunitaria: experiencias aplicadas
FON201,Audiología,5,audiologia
FON202,Motricidad Orofacial,5,motricidad orofacial
FON204A,Evaluación Audiológica Convencional,10,evaluacion audiologica convencional
FON205A,Salud Pública para Fonoaudiología,5,salud publica para fonoaudiologia
FON206A,Curso de Vida y Desarrollo Humano,10,curso de vida y desarrollo humano
FON207A,Sistema Nervioso en el Curso de Vida,10,sistema nervioso en el curso de vida
FON208A,Salud Pública y Comunitaria,5,salud publica y comunitaria
FON301,Evaluación Audiológica,10,evaluacion audiologica
FON301A,Evaluación Audiológica Objetiva Y Otoneurología,10,evaluacion audiologica objetiva y otoneurologia
FON302,Patología Fonoaudiológica,10,patologia fonoaudiologica
FON303,Eufonía,5,eufonia
FON304,Evaluación de los Trastornos de la Comunicación en Niños y Adolescentes,10,evaluacion de los trastornos de la comunicacion en ninos y adolescentes
FON304A,"Evaluación de la Comunicación en Niñas, Niños y Adolescentes.",10,"evaluacion de la comunicacion en ninas, ninos y adolescentes."
FON305,Intervención Audiológica,10,intervencion audiologica
FON305A,Intervención Auditiva,10,intervencion auditiva
FON306A,Taller Vocal De Conjunto Para Fonoaudiología,5,taller vocal de conjunto para fonoaudiologia
FON307,Las Técnicas Vocales del Canto a través del Tiempo,5,las tecnicas vocales del canto a traves del tiempo
FON308,La Lengua de Señas y la Cultura Sorda,5,la lengua de senas y la cultura sorda
FON309,Taller Coral para Carreras de la Salud,5,taller coral para carreras de la salud
FON309A,Taller Coral para Carreras de la Salud (FON309A),10,taller coral para carreras de la salud (fon309a)
FON310A,Neuropsicología del Lenguaje,5,neuropsicologia del lenguaje
FON313A,Evaluación y Diagnóstico Vocal,10,evaluacion y diagnostico vocal
FON314A,Promoción en Salud,5,promocion en salud
FON401,Evaluación y Procedimientos en Voz,5,evaluacion y procedimientos en voz
FON402,Trastornos de la Deglución,5,trastornos de la deglucion
FON402A,Alteraciones de la Deglución y Alimentación en el Curso de Vida,10,alteraciones de la deglucion y alimentacion en el curso de vida
FON403,Evaluación de la Comunicación en Adultos,10,evaluacion de la comunicacion en adultos
FON404,Intervención en Voz,10,intervencion en voz
FON404A,Intervención Vocal,10,intervencion vocal
FON405,Investigación Fonoaudiológica,10,investigacion fonoaudiologica
FON405A,Investigación Fonoaudiológica Aplicada,10,investigacion fonoaudiologica aplicada
FON406,Intervención en la Comunicación de Niños y Adolescentes,10,intervencion en la comunicacion de ninos y adolescentes
FON406A,"Intervención de la Comunicación en Niñas, Niños y Adolescentes",10,"intervencion de la comunicacion en ninas, ninos y adolescentes"
FON407,Intervención Fonoaudiológica en Adultos,10,intervencion fonoaudiologica en adultos
FON408,Neurociencia Cognitiva,5,neurociencia cognitiva
FON409,Manejo Transdisciplinario del Paciente con Cancer de Cabeza y Cuello y Cuidados Paliativos,5,manejo transdisciplinario del paciente con cancer de cabeza y cuello y cuidados paliativos
FON410,Rol del Fonoaudiologo en el Abordaje de Pacientes con Desequilibrios del Sistema Estomatognatico,5,rol del fonoaudiologo en el abordaje de pacientes con desequilibrios del sistema estomatognatico
FON411,Recursos Musicales para Fonoaudiología,5,recursos musicales para fonoaudiologia
FON412,Adquisición y Desarrollo Temprano del Lenguaje: una Mirada desde la Investigación,5,adquisicion y desarrollo temprano del lenguaje: una mirada desde la investigacion
FON413A,Fundamentos de Investigación y Formulación de Proyectos,5,fundamentos de investigacion y formulacion de proyectos
FON414,Manejo Fonoaudiologico e Integral en Personas con Diagnóstico de Cancer de Cabeza y Cuello,5,manejo fonoaudiologico e integral en personas con diagnostico de cancer de cabeza y cuello
FON415,Instrumentos y Tecnologías para la Evaluación de la Voz,5,instrumentos y tecnologias para la evaluacion de la voz
FON416,Trastornos del Neurodesarrollo: Una Mirada desde la Fonoaudiología,5,trastornos del neurodesarrollo: una mirada desde la fonoaudiologia
FON501,Internado: Educación,17,internado: educacion
FON501A,Internado en Educación,20,internado en educacion
FON502,Internado: Clínico Adultos,17,internado: clinico adultos
FON502A,Internado Clínico Adulto,20,internado clinico adulto
FON503,Internado: Clínico Pediátrico,17,internado: clinico pediatrico
FON503A,Internado Clínico Infanto-Juvenil,20,internado clinico infanto-juvenil
FON504,Internado: Voz,17,internado: voz
FON504A,Internado en Voz,20,internado en voz
FON506,Internado: Audición,17,internado: audicion
FON506A,Internado en Audiología,20,internado en audiologia
FON507,Internado Electivo,15,internado electivo
GEO1002,Cb Introducción a la Geografía,8,cb introduccion a la geografia
GEO1003,Geografía Física General,10,geografia fisica general
GEO1004,Geografía Humana,10,geografia humana
GEO1005,Geografía Matemática y Cartografía Topográfica,10,geografia matematica y cartografia topografica
GEO1006,Geografía de Chile,10,geografia de chile
GEO1007,Cartografía Temática,10,cartografia tematica
GEO1008,Pensamiento Geográfico,10,pensamiento geografico
GEO1011,Fundamentos de Geomática,10,fundamentos de geomatica
GEO1012,Geografía Regional del Mundo,10,geografia regional del mundo
GEO103,Geografía Humana General,10,geografia humana general
GEO109,Geografía Matemática y Cartografía,10,geografia matematica y cartografia
GEO110,Desafíos de la Geografía,5,desafios de la geografia
GEO1101,Cb Geografía Matemática,8,cb geografia matematica
GEO111,Geografía de Chile: Espacio y Sociedad,10,geografia de chile: espacio y sociedad
GEO1112,Cb Cartografía I,8,cb cartografia 1
GEO1117,Cartografía II,8,cartografia 2
GEO1118,Cb Cartografía I (GEO1118),10,cb cartografia 1 (geo1118)
GEO112,Geografía Cultural,10,geografia cultural
GEO1122,Percepción Remota I,8,percepcion remota 1
GEO1124,Percepción Remota II,8,percepcion remota 2
GEO1138,Métodos Cuantitativos Aplicados en Geografía,10,metodos cuantitativos aplicados en geografia
GEO1142,Aplicaciones Tecnologicas,8,aplicaciones tecnologicas
GEO1203,Cb Geografía Física General,8,cb geografia fisica general
GEO1214,Volcanismo,8,volcanismo
GEO1216,Los Paisajes Geograficos,8,los paisajes geograficos
GEO1217,Cb Métodos en Geografía y Riesgos Naturales,8,cb metodos en geografia y riesgos naturales
GEO1218,Geografía Física:Casos de Estudio,8,geografia fisica:casos de estudio
GEO1222,Cb Climatología I,8,cb climatologia 1
GEO1223,Cb Climatología I (GEO1223),10,cb climatologia 1 (geo1223)
GEO1225,Climatología II,8,climatologia 2
GEO1227,Geomorfología: Casos de Estudio,8,geomorfologia: casos de estudio
GEO1228,Cb Geomorfología de Chile,8,cb geomorfologia de chile
GEO1243,Formas y Procesos Glaciales,8,formas y procesos glaciales
GEO1245,Biogeografía: Casos de Estudios,8,biogeografia: casos de estudios
GEO1247,Geomorfología:Métodos de Estudio,8,geomorfologia:metodos de estudio
GEO1249,Geomorfología II,10,geomorfologia 2
GEO1251,Geografía de los Suelos,10,geografia de los suelos
GEO1253,Evaluación de Recursos Hidricos,8,evaluacion de recursos hidricos
GEO1254,Geografía del Mar,8,geografia del mar
GEO1257,Geomorfología I,10,geomorfologia 1
GEO1283,Geografía del Medio Ambiente,10,geografia del medio ambiente
GEO1302,Geografía Cultural (GEO1302),8,geografia cultural (geo1302)
GEO1304,Cb Geografía Cultural,10,cb geografia cultural
GEO1305,Geografía Cultural: Casos de Estudio,8,geografia cultural: casos de estudio
GEO1307,Geografía del Turismo,8,geografia del turismo
GEO1311,Cb Geodemografía,8,cb geodemografia
GEO1314,Cb Teoría de Localización Espacia,8,cb teoria de localizacion espacia
GEO1316,Cb Geografía Regional del Mundo,10,cb geografia regional del mundo
GEO1317,Geografía Histórica,8,geografia historica
GEO1321,Cb Geografía Política,8,cb geografia politica
GEO1323,Geografía Política:Casos de Estudio,8,geografia politica:casos de estudio
GEO1324,Cb Geografía Política (GEO1324),10,cb geografia politica (geo1324)
GEO1329,Geografía Agraria,10,geografia agraria
GEO1331,América Latina: Casos de Estudio,8,america latina: casos de estudio
GEO1332,Cb Geografía Rural I,8,cb geografia rural 1
GEO1333,Geografía Rural:Casos de Estudio,8,geografia rural:casos de estudio
GEO1335,Cb Geografía Agraria,6,cb geografia agraria
GEO1339,Desarrollo Rural (GEO1339),8,desarrollo rural (geo1339)
GEO133L,Laboratorio de Geografía Agraria,4,laboratorio de geografia agraria
GEO1343,Casos Estudios: Geografía Urbana,8,casos estudios: geografia urbana
GEO1348,Geografía Urbana I,10,geografia urbana 1
GEO1349,Geografía Urbana II,10,geografia urbana 2
GEO1353,Cb Geografía Económica,8,cb geografia economica
GEO1355,Geografía Económica de Chile,8,geografia economica de chile
GEO1357,Cb Geografía Económica (GEO1357),10,cb geografia economica (geo1357)
GEO1359,Planificación Urbana,10,planificacion urbana
GEO1412,Geografía Regional de América,8,geografia regional de america
GEO1413,El Mundo Asiatico y América Latina,8,el mundo asiatico y america latina
GEO1415,Geografía Regional del Mundo (GEO1415),8,geografia regional del mundo (geo1415)
GEO1416,Cb Geografía de la Población,8,cb geografia de la poblacion
GEO1423,Cb Geografía de Chile I,10,cb geografia de chile 1
GEO1424,Cb Geografía de Chile II,8,cb geografia de chile 2
GEO1425,Geografía de Chile:Casos de Estudio,8,geografia de chile:casos de estudio
GEO1441,Historia y Relaciones Internacionales en el Es,8,historia y relaciones internacionales en el es
GEO1450,Cb las Fronteras de Chile,8,cb las fronteras de chile
GEO1460,Planificación Regional,8,planificacion regional
GEO1516,Geografía para la Enseñanza,0,geografia para la ensenanza
GEO1700,Introducción a la Investigación Geográfica,10,introduccion a la investigacion geografica
GEO2001,Geografía Política,10,geografia politica
GEO2003,Geodemografía,10,geodemografia
GEO2004,Geomorfología Estructural,10,geomorfologia estructural
GEO2005,Geografía Urbana,10,geografia urbana
GEO2006,Geomorfología Dinámica y Climática,10,geomorfologia dinamica y climatica
GEO2007,Sistema de Información Geográfica,10,sistema de informacion geografica
GEO2008,Percepción Remota,10,percepcion remota
GEO2009,Introducción al Estudio del Suelo,10,introduccion al estudio del suelo
GEO2011,Geografía Rural,10,geografia rural
GEO2012,Geografía Económica,10,geografia economica
GEO2013,Seminario I,10,seminario 1
GEO2014,Hidrología y Evaluación de Recursos Hidricos,10,hidrologia y evaluacion de recursos hidricos
GEO2016,Desarrollo Urbano,10,desarrollo urbano
GEO2017,Seminario II,10,seminario 2
GEO2018,Geografía del Mar y del Litoral,10,geografia del mar y del litoral
GEO2019,Terreno I,0,terreno 1
GEO2020,Terreno II,0,terreno 2
GEO2021,Terreno III,0,terreno 3
GEO204,Métodos Cuantitativos en Geografía,10,metodos cuantitativos en geografia
GEO205,Métodos Cualitativos en Geografía,10,metodos cualitativos en geografia
GEO208,Geomorfología Estructural (GEO208),10,geomorfologia estructural (geo208)
GEO2900,Geografía de América Latina,10,geografia de america latina
GEO2901,Conservación de Suelos,10,conservacion de suelos
GEO2902,Geografía del Turismo (GEO2902),10,geografia del turismo (geo2902)
GEO2903,Casos de Estudio en Geografía Humana,10,casos de estudio en geografia humana
GEO2904,El Mundo Asiatico y América Latina (GEO2904),10,el mundo asiatico y america latina (geo2904)
GEO2905,Caso de Estudio Geografía Humana: Desarrollo Local,10,caso de estudio geografia humana: desarrollo local
GEO2906,Caso de Estudio: Análisis de Actores y Escenarios Geopoliticos Contemporáneos,10,caso de estudio: analisis de actores y escenarios geopoliticos contemporaneos
GEO2907,Caso de Estudio: Transformaciones y Enfoques del Desarrollo Rural,10,caso de estudio: transformaciones y enfoques del desarrollo rural
GEO2909,Caso de Estudio: Introducción a la Investigación Geográfica,10,caso de estudio: introduccion a la investigacion geografica
GEO2910,Riesgo de Tsunami,10,riesgo de tsunami
GEO2912,Geopolitica y Conflictos Entre Estados Desde la Perspectiva del Cine,10,geopolitica y conflictos entre estados desde la perspectiva del cine
GEO2913,Peligros de Remoción en Masa y Sismicos en Chile: Casos de Estudio,10,peligros de remocion en masa y sismicos en chile: casos de estudio
GEO2915,"Introducción al Estudio de las Relaciones Entre Pobreza, Exclusión Social y Desarrollo Sustentable",10,"introduccion al estudio de las relaciones entre pobreza, exclusion social y desarrollo sustentable"
GEO2916,Conservación Ambiental y Participación Comunitaria,10,conservacion ambiental y participacion comunitaria
GEO2917,Evaluación de Programas Sociales para la Sustentabilidad,10,evaluacion de programas sociales para la sustentabilidad
GEO2919,Geografía Regional y Política de Europa y el Mediterraneo,10,geografia regional y politica de europa y el mediterraneo
GEO2920,Caso de Estudio: Geología Instrumental,10,caso de estudio: geologia instrumental
GEO2921,Historia Ambiental de Chile y América Latina,10,historia ambiental de chile y america latina
GEO3001,Taller de Análisis Territorial I,10,taller de analisis territorial 1
GEO3002,Taller de Análisis Territorial II,10,taller de analisis territorial 2
GEO3004,Gestión y Administración Territorial,10,gestion y administracion territorial
GEO3005,Métodos Cuantitativos,10,metodos cuantitativos
GEO3006,Evaluación de Proyectos Territoriales,10,evaluacion de proyectos territoriales
GEO3007,Medio Ambiente y Desarrollo Sustentable,10,medio ambiente y desarrollo sustentable
GEO3008,Terreno IV,0,terreno 4
GEO303,Geomorfología Dinámica y Climática (GEO303),10,geomorfologia dinamica y climatica (geo303)
GEO304,Edafogeografía,10,edafogeografia
GEO308,Pensamiento Geográfico (GEO308),10,pensamiento geografico (geo308)
GEO3080,"Geografía Política: Italia, Caso de Estudio",10,"geografia politica: italia, caso de estudio"
GEO3084,Aplicaciones de Geomática,10,aplicaciones de geomatica
GEO3085,Tópicos Avanzados de Geografía Física,10,topicos avanzados de geografia fisica
GEO3086,Principios de Volcanología,10,principios de volcanologia
GEO3087,Gestión y Conservación de Recursos Naturales,10,gestion y conservacion de recursos naturales
GEO309,Percepción Remota Satelital,10,percepcion remota satelital
GEO3111,Fundamentos del Pensamiento Geográfico,10,fundamentos del pensamiento geografico
GEO3113,Geografía Física,10,geografia fisica
GEO3121,Geografías Culturales,10,geografias culturales
GEO3123,Geomorfología I: Tectonismo y Relieves Estructurales,10,geomorfologia i: tectonismo y relieves estructurales
GEO3211,Introducción a la Programación en Geografía,10,introduccion a la programacion en geografia
GEO3212,Poder y Territorio,10,poder y territorio
GEO3213,Geomorfología II: Procesos Superficiales,10,geomorfologia ii: procesos superficiales
GEO3224,Teledetección Satelital,10,teledeteccion satelital
GEO3314,Riesgo de Desastres,10,riesgo de desastres
GEO3322,Sistemas Naturales y Asentamientos Humanos de Chile,10,sistemas naturales y asentamientos humanos de chile
GEO3323,Geografías del Desarrollo Sustentable,10,geografias del desarrollo sustentable
GEO3411,Investigación en Geografía I,10,investigacion en geografia 1
GEO3421,Investigación en Geografía II,10,investigacion en geografia 2
GEO3513,Dinámica y Gestión de Áreas Costeras,10,dinamica y gestion de areas costeras
GEO3514,Gestión Territorial y Ambiental,10,gestion territorial y ambiental
GEO3522,Evaluación Ambiental Estrategica,10,evaluacion ambiental estrategica
GEO3523,Taller de Análisis Territorial,10,taller de analisis territorial
GEO3601,Geografía Crítica: Diferencia y Perspectivas Posthumanas,10,geografia critica: diferencia y perspectivas posthumanas
GEO3602,Geografía y Producción del Espacio Urbano: Conflictos y Alternativas en la Crisis Planetaria,10,geografia y produccion del espacio urbano: conflictos y alternativas en la crisis planetaria
GEO3603,Territorios Rurales y Cambio Climático,10,territorios rurales y cambio climatico
GEO3604,Edafología,10,edafologia
GEO3605,Hidrología Ambiental y Gestión de Cuencas,10,hidrologia ambiental y gestion de cuencas
GEO3606,Análisis Integrado del Sistema Natural,10,analisis integrado del sistema natural
GEO3607,Métodos Avanzados de Análisis Geoespacial,10,metodos avanzados de analisis geoespacial
GEO3608,Aplicaciones Avanzadas en Teledetección,10,aplicaciones avanzadas en teledeteccion
GEO3609,Cartografía Web,10,cartografia web
GEO3610,Espacios Digitales y Poder,10,espacios digitales y poder
GEO3611,Programación para la Gestión y Manejo de Geodatos,10,programacion para la gestion y manejo de geodatos
GEO3612,Cambio Climático: Un Enfoque Multidisciplinario (GEO3612),10,cambio climatico: un enfoque multidisciplinario (geo3612)
GEO401,Seminario de Investigación I (GEO401),15,seminario de investigacion 1 (geo401)
GEO403,Población y Territorio,10,poblacion y territorio
GEO404,Riesgos y Desastres Naturales,10,riesgos y desastres naturales
GEO405,Seminario de Investigación II,15,seminario de investigacion 2
GEO406,Sustentabilidad y Territorio,5,sustentabilidad y territorio
GEO500,"Desarrollo Urbano: Teoría, Modelos y Gestión",10,"desarrollo urbano: teoria, modelos y gestion"
GEO501,Gestión Integrada del Litoral,10,gestion integrada del litoral
GEO503,Gestión y Administración Territorial (GEO503),5,gestion y administracion territorial (geo503)
GEO506,Evaluación Ambiental,10,evaluacion ambiental
GEO508,Terreno IV (GEO508),5,terreno 4 (geo508)
GEO601,"Geografía, Territorio y Derecho Ambiental",5,"geografia, territorio y derecho ambiental"
GEO602,Nuevas Geografías de la Conservación,5,nuevas geografias de la conservacion
GEO603,Métodos e Instrumentos para la Enseñanza de la Geografía,10,metodos e instrumentos para la ensenanza de la geografia
GEO604,Geografía Regional de América y Chile,10,geografia regional de america y chile
GEO605,Cartografía Digital y Servicios Web,10,cartografia digital y servicios web
GEO606,Nuevas Geografías de la Conservación (GEO606),10,nuevas geografias de la conservacion (geo606)
GEO607,Hidrología de Suelos,10,hidrologia de suelos
GEO608,Desarrollo Local y Territorio,10,desarrollo local y territorio
GEO609,Educación Ambiental para el Desarrollo Sustentable,10,educacion ambiental para el desarrollo sustentable
GEO610,Investigación en Pregrado UC Propone Geografía,10,investigacion en pregrado uc propone geografia
GEO611,Geografía del Transporte,10,geografia del transporte
GEO612,"El Desierto de Atacama: Su pasado, presente y futuro de un espacio estrategico",10,"el desierto de atacama: su pasado, presente y futuro de un espacio estrategico"
GEO613,Exploración y Análisis de Datos Geograficos,10,exploracion y analisis de datos geograficos
GEO614,Fotointerpretación Aerea,10,fotointerpretacion aerea
GEO615,"Geografía Cultural: Espacio, Memoria y Sociedad",10,"geografia cultural: espacio, memoria y sociedad"
GEO616,"Geomorfología, Riesgos y Planificación de Territorios Montañosos",10,"geomorfologia, riesgos y planificacion de territorios montanosos"
GEO617,Glaciología,10,glaciologia
GEO618,Geografía y Genero: Miradas Latinoamericanas,10,geografia y genero: miradas latinoamericanas
GEO619,Educación para la Sustentabilidad,10,educacion para la sustentabilidad
GEO620,Asia y América Latina,10,asia y america latina
GEO621,!Los Desastres no son Naturales!,10,!los desastres no son naturales!
GEO622,Transitando hacia Ciudades Sustentables,10,transitando hacia ciudades sustentables
GEO623,"Patrimonio, Territorio y Turismo: Una Relación de Contrastes",10,"patrimonio, territorio y turismo: una relacion de contrastes"
GEO624,Empoderamiento Climático,10,empoderamiento climatico
GEO625,Introducción a la Geografía Física General,10,introduccion a la geografia fisica general
GEO626,Espacio Vivido y Bienestar Comunitario,10,espacio vivido y bienestar comunitario
GEO627,Geografía de la Innovación,10,geografia de la innovacion
GEO628,Turismo Alternativo: Una Mirada desde los Territorios,10,turismo alternativo: una mirada desde los territorios
GES1051,"El Sector Ciencia, Una Nueva Mirada a la Realidad",10,"el sector ciencia, una nueva mirada a la realidad"
GES1225,Fgs Cambio Climático Global y Sus Implicancias,5,fgs cambio climatico global y sus implicancias
GES1304,Fgs Cultura y Estructura Geográfica Espacial,5,fgs cultura y estructura geografica espacial
GES1305,Geografía Universal,6,geografia universal
GES1306,Fgs Relación Hombre-Medio,5,fgs relacion hombre-medio
GES1514,Geografía y el Medio Ambiente,10,geografia y el medio ambiente
GES1515,Geografía de la Tierra y de Chile,10,geografia de la tierra y de chile
GES1521,FGS Geografía de Chile Regional General,5,fgs geografia de chile regional general
GES1522,Fgs Fronteras del Mundo Austral,5,fgs fronteras del mundo austral
GIT1001,Español Semestral (GIT1001),10,espanol semestral (git1001)
GOB1002,Ética para las Políticas Públicas,10,etica para las politicas publicas
GOB1003,Economía para las Políticas Públicas,10,economia para las politicas publicas
GOB1004,Interpretación y Comunicación de Datos para Políticas Públicas,10,interpretacion y comunicacion de datos para politicas publicas
GOB1500,UC Propone: Investigación Aplicada en Ciencias Sociales (GOB1500),10,uc propone: investigacion aplicada en ciencias sociales (gob1500)
GOB2001,Instituciones Políticas: Democracia y Desarrollo,10,instituciones politicas: democracia y desarrollo
GOB2002,Análisis de Políticas de Salud,10,analisis de politicas de salud
GOB2003,Análisis de Política Educativa,10,analisis de politica educativa
GOB2004,Segregación y Desigualdad en la Ciudad,10,segregacion y desigualdad en la ciudad
GOB2005,Desigualdad,10,desigualdad
GOB2006,Evaluación de Impacto de Políticas Públicas,10,evaluacion de impacto de politicas publicas
GOB2008,Marco Normativo Internacional para Políticas Públicas Globales,10,marco normativo internacional para politicas publicas globales
GOB2009,Migración y Derechos Humanos,10,migracion y derechos humanos
GOB2010,Proyectos de Acción Pública,10,proyectos de accion publica
GOB2011,Estado y Estatalidad: Implicancias para la Política Pública,10,estado y estatalidad: implicancias para la politica publica
GOB2012,Políticas Públicas y Regulación,10,politicas publicas y regulacion
GOB2013,"Economía, Sociedad y Políticas Públicas",10,"economia, sociedad y politicas publicas"
GOB2014,"Doctrina Social de la Iglesia, Derecho y Políticas Públicas",10,"doctrina social de la iglesia, derecho y politicas publicas"
GOB2015,Derecho Constitucional y Proceso Constituyente en Chile,10,derecho constitucional y proceso constituyente en chile
GOB2016,Derechos de Ciudadanía y Democracia en América Latina Contemporánea,10,derechos de ciudadania y democracia en america latina contemporanea
GOB2017,"Organizaciones de la Sociedad Civil (Osc) para el Desarrollo: Definición, Aportes y Gestión",10,"organizaciones de la sociedad civil (osc) para el desarrollo: definicion, aportes y gestion"
GOB2018,Democracia y Desarrollo,10,democracia y desarrollo
GOB2019,Principios de Política Pública,10,principios de politica publica
GOB2020,Segregación y Desigualdad en la Ciudad (GOB2020),10,segregacion y desigualdad en la ciudad (gob2020)
GOB2021,Derecho y Cambio Social,10,derecho y cambio social
GOB2022,Desigualdad y Cohesión Social,10,desigualdad y cohesion social
GOB2023,Justicia Criminal y Proceso Penal en el Estado de Derecho: Una Visión Introductoria,10,justicia criminal y proceso penal en el estado de derecho: una vision introductoria
GOB2024,Inocentes Tras las Rejas: Condenas y Persecuciones Penales Erroneas en Chile,10,inocentes tras las rejas: condenas y persecuciones penales erroneas en chile
GOB2025,Desastres y Gestión de Riesgos,10,desastres y gestion de riesgos
GOB2026,Clones Estadísticos: Pensamiento Crítico desde la Ciencia Datos y Políticas Públicas,10,clones estadisticos: pensamiento critico desde la ciencia datos y politicas publicas
GOB2027,"Sociedad, Epidemias y Amenazas Emergentes",10,"sociedad, epidemias y amenazas emergentes"
IAP303A,The Problem of the Other in the Phenomenological Tradition,5,the problem of the other in the phenomenological tradition
IAP303C,To What Reality Does Mathematics Referñ,5,to what reality does mathematics refern
IAP303E,Seminario Común: Belleza y Arte,10,seminario comun: belleza y arte
IAP303F,"Common Seminar/Ws 2006 (Ss Liechtenstein): Human Dignity, Human Rights (Natural Law), and Bioethics",12,"common seminar/ws 2006 (ss liechtenstein): human dignity, human rights (natural law), and bioethics"
IAP303H,"God, Being and Sciencie According to Aristotle, Plato and Parmenides",10,"god, being and sciencie according to aristotle, plato and parmenides"
IAP303R,Philosophy of Religión,5,philosophy of religion
IAP304A,The Philosophy of Dietrich Von Hildebrand: Phenomenological Antropological and Ethical Personalism,10,the philosophy of dietrich von hildebrand: phenomenological antropological and ethical personalism
IAP304C,ñEsta Superada la Metafísica Aristotelica por la Ciencia Natural Modernañ,10,nesta superada la metafisica aristotelica por la ciencia natural modernan
IAP304E,Roman Ingarden's Phenomenological Realism Applied to the Work of Art,5,roman ingarden's phenomenological realism applied to the work of art
IAP304F,Medical Ethics/Bioethics,10,medical ethics/bioethics
IAP304M,"Apories, Antinomies, and Logical Paradoxes As a Fundamental Problem of Philosohy",10,"apories, antinomies, and logical paradoxes as a fundamental problem of philosohy"
IAP304P,"Republicanismo Vs. Ideologias Neoliberal, Socialista y Teoliberacionista",10,"republicanismo vs. ideologias neoliberal, socialista y teoliberacionista"
IAP305A,Qué Es el Hombreñ,10,que es el hombren
IAP305C,To What Reality Does Mathematics Referñ (IAP305C),5,to what reality does mathematics refern (iap305c)
IAP305F,Ética y Metafísica en la Filosofía de Karol Wojtyla,5,etica y metafisica en la filosofia de karol wojtyla
IAP305H,Plato's Unknown Cosmology,5,plato's unknown cosmology
IAP305M,Cuestiones Sobre la Cosa y Sus Propiedades,5,cuestiones sobre la cosa y sus propiedades
IAP305N,Lecturas Dirigidas de Filosofía de la Naturaleza,10,lecturas dirigidas de filosofia de la naturaleza
IAP305P,The Personalistic Ethics of Non-Violence in Mahatma Gandhi and Karol Wojtyla,5,the personalistic ethics of non-violence in mahatma gandhi and karol wojtyla
IAP306A,Death and Immortality From Ancient Philosophy to Contemporary Thought,10,death and immortality from ancient philosophy to contemporary thought
IAP306P,"Adam Smith, Champion of Freedomñ",5,"adam smith, champion of freedomn"
IAP307M,El Mundo Vivido en la Tradición Fenomenologica,10,el mundo vivido en la tradicion fenomenologica
IAP307P,La Naturaleza y la Función de la Prudencia en la Acción Política,10,la naturaleza y la funcion de la prudencia en la accion politica
IAP308P,Elements for a Phenomenological Theory of Politics,10,elements for a phenomenological theory of politics
IAP309A,History and Person Philosophy of History,15,history and person philosophy of history
IAP309P,"Phenomenology, Philosophy of Communities and Our World",5,"phenomenology, philosophy of communities and our world"
IAP310A,A Phenomenological Reform of Aristotelian and Modal Logic,15,a phenomenological reform of aristotelian and modal logic
IAP310E,Realist Phenomenology: Philosophical Method and Its Application,10,realist phenomenology: philosophical method and its application
IAP310F,Seminario Común: Ética,10,seminario comun: etica
IAP310H,La Filosofía de Edith Stein,10,la filosofia de edith stein
IAP310M,The Ontological Argument for the Existence of God and Atheism From Descartes to the Present,10,the ontological argument for the existence of god and atheism from descartes to the present
IAP310P,Karl Marx: Defender of Justice and Protector of the Poorñ,5,karl marx: defender of justice and protector of the poorn
IAP311F,Common Seminar: Libertad,10,common seminar: libertad
IAP311P,Common Seminar: la Autoridad,10,common seminar: la autoridad
IAP315A,Philosophical Anthropology and Philosophy of Psychology,5,philosophical anthropology and philosophy of psychology
IAP315P,Las Nociones Clasicas de Justicia y Su Recepción en Occidente,10,las nociones clasicas de justicia y su recepcion en occidente
IAP320E,"Modality, the Synthrtic Apriori, and Phenomenology",10,"modality, the synthrtic apriori, and phenomenology"
IAP320F,Contributions to a Philosophyof Friendship,5,contributions to a philosophyof friendship
IAP320M,God and Evil,5,god and evil
IAP320P,John Locke: las Raices de las Ideologias Liberal y Marxista,10,john locke: las raices de las ideologias liberal y marxista
IAP325M,Philosophy of Freedom,10,philosophy of freedom
IAP330M,Quaestiones Disputatae de Veritate,10,quaestiones disputatae de veritate
IAP331M,"Transcendentals and Pure Perfections - a Key to Metaphysics, Rthics and Philosophy of Religión",5,"transcendentals and pure perfections - a key to metaphysics, rthics and philosophy of religion"
IAP332M,The Existence of God,10,the existence of god
IAP333F,Fundamental Questions of Ethics I,5,fundamental questions of ethics 1
IAP334F,Good and Evil,10,good and evil
IAP334M,"Sufficient Reason and Causality: Relation to Metaphysics, Epistemology, Ethics, Logic and Theodicy",10,"sufficient reason and causality: relation to metaphysics, epistemology, ethics, logic and theodicy"
IAP335M,Deus Et Lógica,10,deus et logica
IAP336M,Phenomenology and Intuition,10,phenomenology and intuition
IAP340F,Philosophy of Love and Sexuality. the Contributions of Dietrich Von Hildebrand and Karol Wojtyla,5,philosophy of love and sexuality. the contributions of dietrich von hildebrand and karol wojtyla
IAP340M,Seminario Común: la Ley Natural,5,seminario comun: la ley natural
IAP341H,La Iglesia en Europa y América: ñOscurantismo u Origen de Civilizacionesñ,5,la iglesia en europa y america: noscurantismo u origen de civilizacionesn
IAP342C,"Maturana and Varela: Autopoiesis, Theory of Systems and Unity As a Transcendental Notion",10,"maturana and varela: autopoiesis, theory of systems and unity as a transcendental notion"
IAP343R,Evidence for the Resurrection of Jesus,5,evidence for the resurrection of jesus
IAP344A,Do We Have a Soulñ,10,do we have a souln
IAP345A,Philosophical Anthropology Through a Phenomenology of Human Acts,5,philosophical anthropology through a phenomenology of human acts
IAP345H,Introducción a Platón,15,introduccion a platon
IAP346M,"La Contraversia Sobre la Verdad en la Filosofía Antigua, Reciente y Contemporánea",10,"la contraversia sobre la verdad en la filosofia antigua, reciente y contemporanea"
IAP347H,David Hume,10,david hume
IAP349P,Introducción a la Filosofía Política,5,introduccion a la filosofia politica
IAP350A,Seminario Común: la Unidad de Cuerpo y Alma,5,seminario comun: la unidad de cuerpo y alma
IAP350H,Introducción a Aristóteles,15,introduccion a aristoteles
IAP351H,Positivismo Vs. Jusnaturalismo,10,positivismo vs. jusnaturalismo
IAP351M,"Doctrina de las Ideas, Desde Platón: Estudio Histórico Sistematico",10,"doctrina de las ideas, desde platon: estudio historico sistematico"
IAP352A,A Phenomenology of Hope,15,a phenomenology of hope
IAP352M,Es Verdad qué No Hay Evidencia para la Existencia de Diosñ,10,es verdad que no hay evidencia para la existencia de diosn
IAP353M,Seminar on Contemporary Philosophy: Analytical Thomism,10,seminar on contemporary philosophy: analytical thomism
IAP353P,ñQue Es la Comunidadñ Análisis Fenomenologico,10,nque es la comunidadn analisis fenomenologico
IAP355A,Disputed Questions on Free Will,10,disputed questions on free will
IAP355M,"Belief, Justification, Truth",10,"belief, justification, truth"
IAP355P,Fenomenología de la Persona y de la Comunidad,10,fenomenologia de la persona y de la comunidad
IAP357A,ñTenemos Almañ,10,ntenemos alman
IAP358A,Antropología Filosófica Desde el Punto de Vista de la Esperanza,15,antropologia filosofica desde el punto de vista de la esperanza
IAP360A,Seminar of Classical Philosophy: the Essence of Love in Plato and in Von Hildebrand,10,seminar of classical philosophy: the essence of love in plato and in von hildebrand
IAP360M,Seminario Común: Conocimiento Intelectual y Conocimiento Sensorial,5,seminario comun: conocimiento intelectual y conocimiento sensorial
IAP360P,Esencia de la Universidad y de la Universidad Católica,10,esencia de la universidad y de la universidad catolica
IAP365M,ñEs la Biblia Palabra de Diosñ Análisis Filosofico,10,nes la biblia palabra de diosn analisis filosofico
IAP370M,Problemas Fundamentales de Ontología y Metafísica,10,problemas fundamentales de ontologia y metafisica
IAP375M,Realismo Metodico,15,realismo metodico
IAP380M,Does Philosophy Investigate Language or Reality,10,does philosophy investigate language or reality
IBM0020,Investigación o Proyecto,20,investigacion o proyecto
IBM1005,Introducción a la Ingeniería Biomedica,10,introduccion a la ingenieria biomedica
IBM1101,"Conociendo Nuestro Cerebro: Mitos, Misterios y Desafíos",10,"conociendo nuestro cerebro: mitos, misterios y desafios"
IBM1102,Construyendo un Futuro Sustentable:Innovación y Emprendimiento en las Ciencias,10,construyendo un futuro sustentable:innovacion y emprendimiento en las ciencias
IBM2011,Laboratorio Ingeniería Biomedica,10,laboratorio ingenieria biomedica
IBM2012,Monitoreo Fisiologico y Análisis de Datos,10,monitoreo fisiologico y analisis de datos
IBM2014,Radiación y Seguridad,5,radiacion y seguridad
IBM2020,Introducción a la Biomecánica,10,introduccion a la biomecanica
IBM2025,Mecánica de la Célula,10,mecanica de la celula
IBM2026,Prototyping for Bioengineers,10,prototyping for bioengineers
IBM2027,Introducción al Prototipado de Bioinstrumentación,10,introduccion al prototipado de bioinstrumentacion
IBM2029,Dispositivos Medicos,10,dispositivos medicos
IBM2101,Imagenes Biomédicas,10,imagenes biomedicas
IBM2121,Biomateriales,10,biomateriales
IBM2122,Diseño en Ingeniería Biomedica I (Capstone),10,diseno en ingenieria biomedica 1 (capstone)
IBM2123,Diseño en Ingeniería Biomedica II (Capstone),10,diseno en ingenieria biomedica 2 (capstone)
IBM2222,Diseño en Ingeniería Biológica (Capstone),10,diseno en ingenieria biologica (capstone)
IBM2972,Trabajo Personal Dirigido,5,trabajo personal dirigido
IBM2981,Trabajo Personal Dirigido (IBM2981),5,trabajo personal dirigido (ibm2981)
IBM2985,Investigación o Proyecto (IBM2985),10,investigacion o proyecto (ibm2985)
IBM2986,Investigación o Proyecto (IBM2986),10,investigacion o proyecto (ibm2986)
IBM2987,Investigación o Proyecto (IBM2987),10,investigacion o proyecto (ibm2987)
IBM2988,Investigación o Proyecto (Optativo de Titulación),10,investigacion o proyecto (optativo de titulacion)
IBM2992,Biología Sintética y Prototipado de Funciones Biologicas Artificiales,10,biologia sintetica y prototipado de funciones biologicas artificiales
ICC0020,Investigación o Proyecto (ICC0020),20,investigacion o proyecto (icc0020)
ICC1001,Introducción a la Ingeniería Civil,10,introduccion a la ingenieria civil
ICC1102,Materiales de Ingeniería,10,materiales de ingenieria
ICC2104,Tecnología de Materiales de Ingeniería Civil,10,tecnologia de materiales de ingenieria civil
ICC2105,Materiales de Ingeniería Civil,10,materiales de ingenieria civil
ICC2204,Planificación y Control de Proyectos,10,planificacion y control de proyectos
ICC2222,Aspectos Legales en la Construcción,10,aspectos legales en la construccion
ICC2232,Administración de Empresas Constructoras,10,administracion de empresas constructoras
ICC2234,Innovación y Emprendimiento en la Construcción,10,innovacion y emprendimiento en la construccion
ICC2242,Administración de Riesgos y Gestión de la Seguridad en la Construcción,10,administracion de riesgos y gestion de la seguridad en la construccion
ICC2282,Gestión de Concesiones de Obras Públicas,10,gestion de concesiones de obras publicas
ICC2290,Gestión del Capital Humano en la Construcción,10,gestion del capital humano en la construccion
ICC2304,Ingeniería de Construcción,10,ingenieria de construccion
ICC2312,Instalaciones en Edificios,10,instalaciones en edificios
ICC2352,Habitabilidad de la Edificación,10,habitabilidad de la edificacion
ICC2354,Diseño de Edificios Sustentables,10,diseno de edificios sustentables
ICC2414,Topografía y Geoinformación Aplicada,10,topografia y geoinformacion aplicada
ICC2424,Construcción de Obras Civiles,10,construccion de obras civiles
ICC2432,Construcción de Tuneles,10,construccion de tuneles
ICC2454,Diseño y Construcción en Madera (ICC2454),10,diseno y construccion en madera (icc2454)
ICC2514,Ingeniería Vial,10,ingenieria vial
ICC2904,Taller de Mejoramiento en Ingeniería de Construcción,10,taller de mejoramiento en ingenieria de construccion
ICC2912,Computación Aplicada a la Construcción,10,computacion aplicada a la construccion
ICC2913,Tecnologías de Información en Construcción,10,tecnologias de informacion en construccion
ICC2944,Taller de Proyectos,10,taller de proyectos
ICC2954,Taller Colaborativo Aic (ICC2954),10,taller colaborativo aic (icc2954)
ICC2972,Trabajo Personal Dirigido (ICC2972),5,trabajo personal dirigido (icc2972)
ICC2981,Trabajo Personal Dirigido (ICC2981),5,trabajo personal dirigido (icc2981)
ICC2982,Taller de Proyectos (ICC2982),10,taller de proyectos (icc2982)
ICC2985,Investigación o Proyecto (ICC2985),10,investigacion o proyecto (icc2985)
ICC2986,Investigación o Proyecto (ICC2986),10,investigacion o proyecto (icc2986)
ICC2987,Investigación o Proyecto (ICC2987),10,investigacion o proyecto (icc2987)
ICC2988,Investigación o Proyecto (Optativo de Titulación) (ICC2988),10,investigacion o proyecto (optativo de titulacion) (icc2988)
ICE0020,Investigación o Proyecto (ICE0020),20,investigacion o proyecto (ice0020)
ICE1001,Introducción a la Ingeniería Estructural,10,introduccion a la ingenieria estructural
ICE100G,Chile: Pais Sismico,10,chile: pais sismico
ICE1513,Estática y Dinámica (ICE1513),10,estatica y dinamica (ice1513)
ICE2005,Mecánica Estructural,10,mecanica estructural
ICE2006,Estática,10,estatica
ICE2013,Estática y Mecánica de Sólidos,10,estatica y mecanica de solidos
ICE2020,Introducción a la Biomecánica (ICE2020),10,introduccion a la biomecanica (ice2020)
ICE2021,Biomecánica Computacional,10,biomecanica computacional
ICE2022,Estratigrafía y Procesos Sedimentarios y Volcánicos,10,estratigrafia y procesos sedimentarios y volcanicos
ICE2023,Geología de Campo (Capstone),10,geologia de campo (capstone)
ICE2024,Geología y Geodinámica Andina,10,geologia y geodinamica andina
ICE2025,Geoquímica y Petrogénesis,10,geoquimica y petrogenesis
ICE2026,Geología de Campo I (Capstone),5,geologia de campo 1 (capstone)
ICE2027,Geología de Campo II (Capstone),5,geologia de campo 2 (capstone)
ICE2028,Mineralogía y Petrología,10,mineralogia y petrologia
ICE2029,Procesos Superficiales y Peligros Geológicos,10,procesos superficiales y peligros geologicos
ICE2114,Análisis Estructural I,10,analisis estructural 1
ICE2134,Modelación Numérica en Ingeniería,10,modelacion numerica en ingenieria
ICE2135,Métodos Numéricos en Ingeniería,10,metodos numericos en ingenieria
ICE2302,Modelación Matemática en Ingeniería,10,modelacion matematica en ingenieria
ICE2313,Mecánica de Sólidos,10,mecanica de solidos
ICE2403,Diseño Estructural,10,diseno estructural
ICE2413,Hormigón Armado,10,hormigon armado
ICE2422,Estructuras Prefabricadas,5,estructuras prefabricadas
ICE2533,Estructuras de Acero,10,estructuras de acero
ICE2604,Fundamentos de Geotecnia,10,fundamentos de geotecnia
ICE2614,Mecánica de Suelos,10,mecanica de suelos
ICE2623,Introducción a la Geología Física,10,introduccion a la geologia fisica
ICE2630,Geofísica General,10,geofisica general
ICE2633,Geología Estructural y Tectónica,10,geologia estructural y tectonica
ICE2640,Recursos y Exploración Geológica,10,recursos y exploracion geologica
ICE2643,Métodos Geofísicos para Ingeniería,10,metodos geofisicos para ingenieria
ICE2680,Taller de Ingeniería Geotecnica,10,taller de ingenieria geotecnica
ICE2683,Taller de Ingeniería Geotecnica (Capstone),10,taller de ingenieria geotecnica (capstone)
ICE2703,Ingeniería Antisísmica,10,ingenieria antisismica
ICE2812,Proyecto de Diseño Estructural,10,proyecto de diseno estructural
ICE2820,Proyecto de Diseño de Estructuras de Acero,10,proyecto de diseno de estructuras de acero
ICE2823,Proyecto de Diseño de Estructuras de Acero (Capstone),10,proyecto de diseno de estructuras de acero (capstone)
ICE2833,Proyecto de Diseño de Estructuras de Hormigón Armado,10,proyecto de diseno de estructuras de hormigon armado
ICE2840,Proyecto de Diseño Estructural (ICE2840),10,proyecto de diseno estructural (ice2840)
ICE2843,Taller Colaborativo Aic (ICE2843),10,taller colaborativo aic (ice2843)
ICE2880,Proyecto de Diseño Estructural y Geotecnico,10,proyecto de diseno estructural y geotecnico
ICE2972,Trabajo Personal Dirigido (ICE2972),5,trabajo personal dirigido (ice2972)
ICE2981,Trabajo Personal Dirigido (ICE2981),5,trabajo personal dirigido (ice2981)
ICE2985,Investigación o Proyecto (ICE2985),10,investigacion o proyecto (ice2985)
ICE2986,Investigación o Proyecto (ICE2986),10,investigacion o proyecto (ice2986)
ICE2987,Investigación o Proyecto (ICE2987),10,investigacion o proyecto (ice2987)
ICE2988,Investigación o Proyecto (Optativo de Titulación) (ICE2988),10,investigacion o proyecto (optativo de titulacion) (ice2988)
ICH0020,Investigación o Proyecto (ICH0020),20,investigacion o proyecto (ich0020)
ICH1001,Introducción a la Ingeniería Civil (ICH1001),10,introduccion a la ingenieria civil (ich1001)
ICH1005,Desafíos en Recursos Hidricos y Medio Ambiente,10,desafios en recursos hidricos y medio ambiente
ICH100G,Agua y Futuro: Gestión en Chile,10,agua y futuro: gestion en chile
ICH1104,Mecánica de Fluidos,10,mecanica de fluidos
ICH2101,Diseño en Geoingenieria (Capstone),10,diseno en geoingenieria (capstone)
ICH2102,Mecánica de Fluidos Aplicada,10,mecanica de fluidos aplicada
ICH2103,Evaluación Ambiental de Proyectos (Capstone),10,evaluacion ambiental de proyectos (capstone)
ICH2104,Trabajo de Campo y Laboratorio para Geoingenieria,10,trabajo de campo y laboratorio para geoingenieria
ICH2112,Hidráulica,10,hidraulica
ICH2114,Ingeniería Hidráulica,10,ingenieria hidraulica
ICH2124,Análisis y Diseño Hidraulico,10,analisis y diseno hidraulico
ICH2134,Modelación Numérica en Ingeniería (ICH2134),10,modelacion numerica en ingenieria (ich2134)
ICH2204,Hidrología,10,hidrologia
ICH2214,Agua Subterránea,10,agua subterranea
ICH2224,Meteorología,10,meteorologia
ICH2304,Ingeniería Ambiental,10,ingenieria ambiental
ICH2314,Calidad del Agua,10,calidad del agua
ICH2374,Principios de Tratamiento Fisicoquímico,10,principios de tratamiento fisicoquimico
ICH2384,Principios de Biotecnología Ambiental,10,principios de biotecnologia ambiental
ICH2394,"Taller de Evaluación, Tratamiento y Remediación Ambiental (Capstone)",10,"taller de evaluacion, tratamiento y remediacion ambiental (capstone)"
ICH2512,Hidráulica Urbana,10,hidraulica urbana
ICH2514,Hidráulica Urbana (ICH2514),10,hidraulica urbana (ich2514)
ICH2574,Taller de Obras Hidráulicas,10,taller de obras hidraulicas
ICH2604,Principios de Tratamiento de Agua,10,principios de tratamiento de agua
ICH2610,Tecnologías de Generación Con Energias Renovables,10,tecnologias de generacion con energias renovables
ICH2611,Cambio Climático: Un Enfoque Multidisciplinario (ICH2611),10,cambio climatico: un enfoque multidisciplinario (ich2611)
ICH2613,CMD Cambio Climático: Un Enfoque Multidisciplinario (ICH2613),10,cmd cambio climatico: un enfoque multidisciplinario (ich2613)
ICH2972,Trabajo Personal Dirigido (ICH2972),5,trabajo personal dirigido (ich2972)
ICH2981,Trabajo Personal Dirigido (ICH2981),5,trabajo personal dirigido (ich2981)
ICH2985,Investigación o Proyecto (ICH2985),10,investigacion o proyecto (ich2985)
ICH2986,Investigación o Proyecto (ICH2986),10,investigacion o proyecto (ich2986)
ICH2987,Investigación o Proyecto (ICH2987),10,investigacion o proyecto (ich2987)
ICH2988,Investigación o Proyecto (Optativo de Titulación) (ICH2988),10,investigacion o proyecto (optativo de titulacion) (ich2988)
ICM0020,Investigación o Proyecto (ICM0020),20,investigacion o proyecto (icm0020)
ICM1001,Introducción a la Ingeniería Mecánica,10,introduccion a la ingenieria mecanica
ICM1002,Diseño Grafico en Ingeniería Mecánica,10,diseno grafico en ingenieria mecanica
ICM100G,Manufactura para la Fabricación,10,manufactura para la fabricacion
ICM1022,Mecánica Vectorial,10,mecanica vectorial
ICM1113,Diseño Grafico en Ingeniería,10,diseno grafico en ingenieria
ICM1122,Diseño Grafico en Obras Civiles,10,diseno grafico en obras civiles
ICM1202,Materiales de Ingeniería (ICM1202),10,materiales de ingenieria (icm1202)
ICM1312,"Creatividad, Estrategia y Proyecto",10,"creatividad, estrategia y proyecto"
ICM2003,Sistemas Electromecanicos,10,sistemas electromecanicos
ICM2010,Bioceramicas,10,bioceramicas
ICM2022,Diseño Mecánico,10,diseno mecanico
ICM2025,Mecánica de Celulas y Tejidos,10,mecanica de celulas y tejidos
ICM2026,Proyecto de Diseño Mecánico (Capstone),10,proyecto de diseno mecanico (capstone)
ICM2027,Tecnología de Implantes,10,tecnologia de implantes
ICM2028,Mecánica de Materiales,10,mecanica de materiales
ICM2029,Dispositivos Medicos (ICM2029),10,dispositivos medicos (icm2029)
ICM2102,Métodos Numéricos en Ingeniería (ICM2102),10,metodos numericos en ingenieria (icm2102)
ICM2113,Métodos Numéricos,10,metodos numericos
ICM2122,Introducción a la Astronautica,10,introduccion a la astronautica
ICM2132,Astronautica,10,astronautica
ICM2142,Sistemas Aeroespaciales,10,sistemas aeroespaciales
ICM2202,Metalurgia Física,10,metalurgia fisica
ICM2203,Termofluidos,10,termofluidos
ICM2213,Conversión de Energía,10,conversion de energia
ICM2215,Energía Renovable,10,energia renovable
ICM2223,Transferencia de Calor,10,transferencia de calor
ICM2225,Energía Solar Termica,10,energia solar termica
ICM2233,Ingeniería Nuclear,10,ingenieria nuclear
ICM2235,Energía Eolica,10,energia eolica
ICM2240,Fundamentos de Dinámica de Fluidos Computacional,10,fundamentos de dinamica de fluidos computacional
ICM2243,Fundamentos de Flujo Compresible,10,fundamentos de flujo compresible
ICM2253,Diseño y Análisis de Sistemas Termicos,10,diseno y analisis de sistemas termicos
ICM2312,Diseño Mecánico I,10,diseno mecanico 1
ICM2313,Diseño Grafico,10,diseno grafico
ICM2316,Introducción al Diseño Grafico,5,introduccion al diseno grafico
ICM2322,Diseño Mecánico II,10,diseno mecanico 2
ICM2323,Introducción al Diseño Mecánico,10,introduccion al diseno mecanico
ICM2333,Diseño de Elementos de Maquinas,10,diseno de elementos de maquinas
ICM2343,Taller de Diseño de Productos,10,taller de diseno de productos
ICM2403,Ciencia de los Materiales,10,ciencia de los materiales
ICM2413,Comportamiento Mecánico de Materiales,10,comportamiento mecanico de materiales
ICM2423,Mecánica de la Plasticidad,10,mecanica de la plasticidad
ICM2433,Metalurgia Física (ICM2433),10,metalurgia fisica (icm2433)
ICM2500,Gestión de Proyectos Tecnologicos,10,gestion de proyectos tecnologicos
ICM2503,Procesos de Manufactura,10,procesos de manufactura
ICM2512,Mecánica de Plasticidad,10,mecanica de plasticidad
ICM2600,Mecánica Experimental,10,mecanica experimental
ICM2612,Termotecnia I,10,termotecnia 1
ICM2620,Diseño y Análisis de Sistemas Termicos (ICM2620),10,diseno y analisis de sistemas termicos (icm2620)
ICM2630,Neumática e Hidráulica Industrial,10,neumatica e hidraulica industrial
ICM2640,Mecánica Automotriz Autotrónica,10,mecanica automotriz autotronica
ICM2650,Introducción a la Ingeniería Nuclear de Potencia,10,introduccion a la ingenieria nuclear de potencia
ICM2660,Flujo Compresible,10,flujo compresible
ICM2803,Dinámica de Sistemas Mecánicos,10,dinamica de sistemas mecanicos
ICM2813,Control de Sistemas Mecánicos,10,control de sistemas mecanicos
ICM2972,Trabajo Personal Dirigido (ICM2972),5,trabajo personal dirigido (icm2972)
ICM2981,Trabajo Personal Dirigido (ICM2981),5,trabajo personal dirigido (icm2981)
ICM2982,Laboratorio de Maquinas Termicas,10,laboratorio de maquinas termicas
ICM2985,Investigación o Proyecto (ICM2985),10,investigacion o proyecto (icm2985)
ICM2986,Investigación o Proyecto (ICM2986),10,investigacion o proyecto (icm2986)
ICM2987,Investigación o Proyecto (ICM2987),10,investigacion o proyecto (icm2987)
ICM2988,Investigación o Proyecto (Optativo de Titulación) (ICM2988),10,investigacion o proyecto (optativo de titulacion) (icm2988)
ICM2993,Taller de Diseño de Productos (ICM2993),10,taller de diseno de productos (icm2993)
ICP0101,Introducción a la Ciencia Política,10,introduccion a la ciencia politica
ICP0102,Desarrollo Político de Chile,10,desarrollo politico de chile
ICP0103,Introducción a la Política Comparada,10,introduccion a la politica comparada
ICP0104,Instituciones y Procesos Políticos,10,instituciones y procesos politicos
ICP0105,Introducción a la Política en América Latina,10,introduccion a la politica en america latina
ICP0106,Organización Política de Chile,10,organizacion politica de chile
ICP0107,Formación de Políticas Públicas,10,formacion de politicas publicas
ICP0108,Teoría de la Organización,10,teoria de la organizacion
ICP0109,Seminario: América Latina Siglo XX,10,seminario: america latina siglo xx
ICP0110,Modelos de Desarrollo en América Latina,10,modelos de desarrollo en america latina
ICP0111,América Latina Casos de Estudio,10,america latina casos de estudio
ICP0112,Economía Política (ICP0112),10,economia politica (icp0112)
ICP0113,Opinión Pública: Enfoques Teoricos y el Caso de América Latina,10,opinion publica: enfoques teoricos y el caso de america latina
ICP0114,Procesos Políticos en América Latina,10,procesos politicos en america latina
ICP0115,Introducción a la Política Europea: del Feudalismo a la Gobernanza Multinivel,10,introduccion a la politica europea: del feudalismo a la gobernanza multinivel
ICP0116,Análisis de las Políticas Sociales en Chile y América Latina,10,analisis de las politicas sociales en chile y america latina
ICP0117,Introducción a la Economía Política de Europa,10,introduccion a la economia politica de europa
ICP0118,Identidad y Democracia en Chile Contemporáneo,10,identidad y democracia en chile contemporaneo
ICP0119,Fundamentos Institucionales de la Política,10,fundamentos institucionales de la politica
ICP0120,Sistemas Electorales y Calidad de la Democracia,10,sistemas electorales y calidad de la democracia
ICP0121,Política del Cono Sur de América Latina,10,politica del cono sur de america latina
ICP0122,Proyectos Publicos,10,proyectos publicos
ICP0123,"Partidos, Elecciones y Democracia en el Chile Contemporáneo",10,"partidos, elecciones y democracia en el chile contemporaneo"
ICP0124,Teoría y Práctica de la Democracia Directa Contemporánea,10,teoria y practica de la democracia directa contemporanea
ICP0125,Corrupción Política en América Latina,10,corrupcion politica en america latina
ICP0126,"Nacionalidad, Identidad y Ciudadanía",10,"nacionalidad, identidad y ciudadania"
ICP0128,Estado y Estatalidad en la Política Comparada,10,estado y estatalidad en la politica comparada
ICP0129,Política Regional en América Latina,10,politica regional en america latina
ICP0130,Política y Movimientos Sociales,10,politica y movimientos sociales
ICP0131,Populismo en América Latina: Teoría y Praxis,10,populismo en america latina: teoria y praxis
ICP0132,Comportamiento Político y Electoral Comparado,10,comportamiento politico y electoral comparado
ICP0133,Resistencia y Luchas Políticas Indigenas en América Latina,10,resistencia y luchas politicas indigenas en america latina
ICP0134,Políticas Sociales en América Latina,10,politicas sociales en america latina
ICP0135,Gestión Pública,10,gestion publica
ICP0136,Análisis de Políticas Públicas,10,analisis de politicas publicas
ICP0137,Legitimidad Democrática en el Sudeste Asiatico,10,legitimidad democratica en el sudeste asiatico
ICP0138,Modernidad y Revoluciones en América Latina,10,modernidad y revoluciones en america latina
ICP0139,Taller de Análisis de Coyuntura Política,10,taller de analisis de coyuntura politica
ICP0140,Política Chilena,10,politica chilena
ICP0141,Política Estudiantil en Perspectiva Comparada,10,politica estudiantil en perspectiva comparada
ICP0142,Sociología Política,10,sociologia politica
ICP0143,Introducción a la Política Estadounidense,10,introduccion a la politica estadounidense
ICP0144,Investigación en Pregrado UC Propone Ciencia Política,10,investigacion en pregrado uc propone ciencia politica
ICP0145,Ideologias Políticas,10,ideologias politicas
ICP0146,Política Constitucional Comparada,10,politica constitucional comparada
ICP0147,Política Indígena en América Latina,10,politica indigena en america latina
ICP0148,Política y Sociedad en el Mundo Arabe,10,politica y sociedad en el mundo arabe
ICP0149,Derechos Humanos y Justicia Transicional,10,derechos humanos y justicia transicional
ICP0150,"Temas de Política Latinoamericana: Democracia, Constitucionalismo y Estado de Derecho",10,"temas de politica latinoamericana: democracia, constitucionalismo y estado de derecho"
ICP0151,Instituciones y Comportamiento Estrategico,10,instituciones y comportamiento estrategico
ICP0152,Derecho y Política,10,derecho y politica
ICP0153,Cambio Político desde el Neolitico hasta Internet: Analizando Historia con Big Data,10,cambio politico desde el neolitico hasta internet: analizando historia con big data
ICP0154,"Para entender Latinoamérica hoy: Visiones desde la Ciencia Política, la Historia y la Geografía",10,"para entender latinoamerica hoy: visiones desde la ciencia politica, la historia y la geografia"
ICP0155,"Música y Revolución: una Perspectiva Histórica, Política y Transnacional",10,"musica y revolucion: una perspectiva historica, politica y transnacional"
ICP0156,Política y Poder en Chile,10,politica y poder en chile
ICP0157,Medición de Impacto: Política Comparada y Políticas Públicas,10,medicion de impacto: politica comparada y politicas publicas
ICP0158,"Democracia, Interculturalidad y Pueblos Originarios: Desafíos Sociales y Políticos",10,"democracia, interculturalidad y pueblos originarios: desafios sociales y politicos"
ICP0159,La Ultraderecha en Perspectiva Comparada,10,la ultraderecha en perspectiva comparada
ICP0160,Comunicación Política (ICP0160),10,comunicacion politica (icp0160)
ICP0161,"Crimen, Poder y Democracia en América Latina",10,"crimen, poder y democracia en america latina"
ICP0201,Introducción a la Teoría Política,10,introduccion a la teoria politica
ICP0202,Teoría Política I,10,teoria politica 1
ICP0203,Teoría Política II,10,teoria politica 2
ICP0204,Teoría Política III,10,teoria politica 3
ICP0205,Tópicos de Teoría Política,10,topicos de teoria politica
ICP0206,Corrientes de Pensamiento Político Contemporáneo,10,corrientes de pensamiento politico contemporaneo
ICP0207,Justicia Global,10,justicia global
ICP0208,Ética y Justicia Ambiental,10,etica y justicia ambiental
ICP0209,Teoría Constitucional,10,teoria constitucional
ICP0210,"Genero, Poder y Desigualdad",10,"genero, poder y desigualdad"
ICP0211,Introducción a la Teoría Feminista,10,introduccion a la teoria feminista
ICP0212,Democracia y Ciudadanía Sexual,10,democracia y ciudadania sexual
ICP0213,"Políticas de la Identidad: Desarrollo, Debates y Análisis Crítico",10,"politicas de la identidad: desarrollo, debates y analisis critico"
ICP0214,Resistencia y Dominación: Teorías y Practicas Políticas,10,resistencia y dominacion: teorias y practicas politicas
ICP0215,Teoría Crítica,10,teoria critica
ICP0216,Entendiendo la Política Actual desde los Clasicos,10,entendiendo la politica actual desde los clasicos
ICP0217,Teología Política,10,teologia politica
ICP0218,La Vida Política de las Cosas: Perspectivas desde la Filosofía Contemporánea,10,la vida politica de las cosas: perspectivas desde la filosofia contemporanea
ICP0301,Introducción a las Relaciones Internacionales,10,introduccion a las relaciones internacionales
ICP0302,Sistema Político Internacional,10,sistema politico internacional
ICP0303,Relaciones Internacionales Desde 1815,10,relaciones internacionales desde 1815
ICP0304,Instrumentos de Política Exterior,10,instrumentos de politica exterior
ICP0305,Política Exterior de Chile,10,politica exterior de chile
ICP0306,El Derecho de los Conflictos Armados en la Sociedad Internacional Contemporánea,10,el derecho de los conflictos armados en la sociedad internacional contemporanea
ICP0307,"Asia, Una Megarregion Emergente",10,"asia, una megarregion emergente"
ICP0308,Relaciones Internacionales en el Sudeste de Asia,10,relaciones internacionales en el sudeste de asia
ICP0309,La Union Europea: Integración y Desafíos para Chile,10,la union europea: integracion y desafios para chile
ICP0310,Ética Política Internacional,10,etica politica internacional
ICP0311,Seguridad Pública Internacional,10,seguridad publica internacional
ICP0312,Conflicto Armado y la Política del Trabajo Humanitario,10,conflicto armado y la politica del trabajo humanitario
ICP0313,Relaciones Internacionales en Asia,10,relaciones internacionales en asia
ICP0314,Desarrollo Político en Europa Central y Oriental,10,desarrollo politico en europa central y oriental
ICP0315,Proceso de Integración Económica,10,proceso de integracion economica
ICP0316,Organizaciones Internacionales,10,organizaciones internacionales
ICP0317,Derechos Humanos: Visión Comparada,10,derechos humanos: vision comparada
ICP0318,Estrategias y Cooperación Internacional,10,estrategias y cooperacion internacional
ICP0319,Relaciones Internacionales del Este de Asia,10,relaciones internacionales del este de asia
ICP0320,Procesos de Integración en América Latina. Una Perspectiva Política,10,procesos de integracion en america latina. una perspectiva politica
ICP0321,Teoría y Práctica de los Derechos Humanos en Un Mundo Globalizado,10,teoria y practica de los derechos humanos en un mundo globalizado
ICP0322,Las Relaciones Exteriores de la Union Europea,10,las relaciones exteriores de la union europea
ICP0323,Tópicos de Análisis Estrategico,10,topicos de analisis estrategico
ICP0324,Introducción a la Política Ambiental Global,10,introduccion a la politica ambiental global
ICP0325,La Política de Defensa y sus Desafíos en el Escenario Internacional Actual,10,la politica de defensa y sus desafios en el escenario internacional actual
ICP0326,Política Exterior Norteamericana y América Latina,10,politica exterior norteamericana y america latina
ICP0327,Introducción a la Economía Política Internacional,10,introduccion a la economia politica internacional
ICP0328,Desplazamientos de la Población en el Siglo Xxi. Situación de los Migrantes y Refugiados,10,desplazamientos de la poblacion en el siglo xxi. situacion de los migrantes y refugiados
ICP0329,Teoría de las Relaciones Internacionales,10,teoria de las relaciones internacionales
ICP0330,Congreso y Agenda Legislativa en Perspectiva Internacional,10,congreso y agenda legislativa en perspectiva internacional
ICP0331,Cooperación para el Desarrollo en las Relaciones Internacionales,10,cooperacion para el desarrollo en las relaciones internacionales
ICP0332,Desarrollo Político y Socio-Económico en la Region Asiática,10,desarrollo politico y socio-economico en la region asiatica
ICP0333,Política Exterior Comparada,10,politica exterior comparada
ICP0334,Economías Europeas: de las Guerras Mundiales a la Crisis de Deuda,10,economias europeas: de las guerras mundiales a la crisis de deuda
ICP0335,Seguridad Humana y Sus Amenazas,10,seguridad humana y sus amenazas
ICP0336,Religión y Política Internacional,10,religion y politica internacional
ICP0337,Las Migraciones Internacionales en América Latina,10,las migraciones internacionales en america latina
ICP0338,Guerras Civiles Despues de la Guerra Fria,10,guerras civiles despues de la guerra fria
ICP0339,Fronteras en Latinoamérica: Globalización y Reestructuración Espacial,10,fronteras en latinoamerica: globalizacion y reestructuracion espacial
ICP0340,"Historia, Teoría y Práctica de la Diplomacia",10,"historia, teoria y practica de la diplomacia"
ICP0341,China's Globalization in Latín América,10,china's globalization in latin america
ICP0342,Análisis de Política Exterior en Paises Latinoamericanos,10,analisis de politica exterior en paises latinoamericanos
ICP0343,El Orden Liberal Internacional: Sus Criticos y sus Crisis,10,el orden liberal internacional: sus criticos y sus crisis
ICP0344,"Gobernanza Global: Origenes, Caracteristicas y Desafíos",10,"gobernanza global: origenes, caracteristicas y desafios"
ICP0345,Derechos Humanos en América Latina,10,derechos humanos en america latina
ICP0346,Genero en Relaciones Internacionales,10,genero en relaciones internacionales
ICP0347,Derechos Humanos y Normas Internacionales sobre Genero,10,derechos humanos y normas internacionales sobre genero
ICP0348,Diversidad Sexual y Política Global,10,diversidad sexual y politica global
ICP0349,Violencias de Géneros y Política Internacional,10,violencias de generos y politica internacional
ICP0350,Mujeres en Política Internacional,10,mujeres en politica internacional
ICP0351,Desarrollo Institucional y Socioeconomico de Asia,10,desarrollo institucional y socioeconomico de asia
ICP0352,Gobernanza y Desafíos Globales,10,gobernanza y desafios globales
ICP0353,"Genero, Guerra y Paz",10,"genero, guerra y paz"
ICP0354,"Lo Personal es Internacional: Derechos Humanos, Genero y Política",10,"lo personal es internacional: derechos humanos, genero y politica"
ICP0355,Violencia(s) y el Estado,10,violencia(s) y el estado
ICP0356,Los Derechos Humanos y las Revoluciones: Entre la Teoría y la Historia,10,los derechos humanos y las revoluciones: entre la teoria y la historia
ICP0357,"Política, Seguridad Nacional y Relaciones Civiles-Militares en la América Latina Democrática",10,"politica, seguridad nacional y relaciones civiles-militares en la america latina democratica"
ICP0401,Métodos de Investigación en Ciencia Política I,10,metodos de investigacion en ciencia politica 1
ICP0402,Métodos de Investigación en Ciencia Política II,10,metodos de investigacion en ciencia politica 2
ICP0500,Introducción al Análisis Económico de la Defensa Nacional,10,introduccion al analisis economico de la defensa nacional
ICP0501,Epistemología y Diseño de la Investigación en Ciencia Política,10,epistemologia y diseno de la investigacion en ciencia politica
ICP0502,Análisis de Datos Políticos,10,analisis de datos politicos
ICP0503,Técnicas Cualitativas y Cuantitativas Investigación,10,tecnicas cualitativas y cuantitativas investigacion
ICP0504,Técnicas Avanzadas de Análisis Estadística,10,tecnicas avanzadas de analisis estadistica
ICP0505,Técnicas Cualitativas de la Investigación,10,tecnicas cualitativas de la investigacion
ICP0506,Programación para las Ciencias Sociales,10,programacion para las ciencias sociales
ICP0507,Metodología de Encuestas y Opinión Pública,10,metodologia de encuestas y opinion publica
ICP0508,"Poder, Genero y Datos",10,"poder, genero y datos"
ICP0600,Taller Continuo de Información Política,10,taller continuo de informacion politica
ICP0601,Redacción en Ciencia Política,10,redaccion en ciencia politica
ICP0602,Catedra de Educación Ciudadana,10,catedra de educacion ciudadana
ICP0603,Mujeres y Política en América Latina,10,mujeres y politica en america latina
ICP0604,La Política en la Ciencia Ficción,10,la politica en la ciencia ficcion
ICP0605,Genero y Ciudadanía: De lo Internacional a lo Local,10,genero y ciudadania: de lo internacional a lo local
ICP0720,Democracia Ayer y Hoy,10,democracia ayer y hoy
ICP0800,"Globalización, Solidaridad y Política",10,"globalizacion, solidaridad y politica"
ICP0801,Políticas Ambientales: Transformaciones Globales y Locales,10,politicas ambientales: transformaciones globales y locales
ICP0901,Análisis Político,10,analisis politico
ICP0902,Toma de Decisiones Políticas,10,toma de decisiones politicas
ICP0903,Ética Pública,10,etica publica
ICP0904,Diseño y Evaluación de Política y Programas Publicos,10,diseno y evaluacion de politica y programas publicos
ICP0905,Gerencia de la Política Social,10,gerencia de la politica social
ICP0906,Modernización del Estado,10,modernizacion del estado
ICP0907,Política Internacional: Sistema de Solución de Controversias,10,politica internacional: sistema de solucion de controversias
ICP0908,Evaluación y Monitoreo de Políticas y Programas Publicos,10,evaluacion y monitoreo de politicas y programas publicos
ICP0909,Política Local,10,politica local
ICP0910,Negociación Diplomática,10,negociacion diplomatica
ICP1002,Actividad Curricular de Titulación,20,actividad curricular de titulacion
ICP1003,Taller Continuo de Información Política (ICP1003),10,taller continuo de informacion politica (icp1003)
ICP1004,Gerencia de la Política Social (ICP1004),10,gerencia de la politica social (icp1004)
ICP1800,Introducción al Análisis Político,10,introduccion al analisis politico
ICP1801,Política Internacional Contemporánea,10,politica internacional contemporanea
ICP1802,El Sistema Político Chileno,10,el sistema politico chileno
ICP1803,Panorama de la Política Mundial,10,panorama de la politica mundial
ICP1804,Política Mundial Contemporánea,10,politica mundial contemporanea
ICP2001,Seminario: América Latina Siglo XX (ICP2001),10,seminario: america latina siglo xx (icp2001)
ICP2300,Introdución a la Ciencia Política,10,introducion a la ciencia politica
ICP3100,Teoría Política I (ICP3100),10,teoria politica 1 (icp3100)
ICP3101,Teoría Política II (ICP3101),10,teoria politica 2 (icp3101)
ICP3106,Tópicos de Teoría Política (ICP3106),10,topicos de teoria politica (icp3106)
ICP3107,Corrientes de Pensamiento Político,10,corrientes de pensamiento politico
ICP3108,Teoría Política III (ICP3108),10,teoria politica 3 (icp3108)
ICP3109,Método de Investigación en Ciencia Política I,10,metodo de investigacion en ciencia politica 1
ICP3110,Método Investigación en Ciencia Política II,10,metodo investigacion en ciencia politica 2
ICP3112,Ideas y Política en Chile,10,ideas y politica en chile
ICP3113,"Ideas y Política en Chile, Siglo XX",10,"ideas y politica en chile, siglo xx"
ICP3114,"Relaciones Internacionales, Ética y Doctrina Social de la Iglesia",10,"relaciones internacionales, etica y doctrina social de la iglesia"
ICP3115,Ética Política Internacional (ICP3115),10,etica politica internacional (icp3115)
ICP3116,"Globalización, Solidaridad y Política (ICP3116)",10,"globalizacion, solidaridad y politica (icp3116)"
ICP3200,Instituciones y Procesos Políticos (ICP3200),10,instituciones y procesos politicos (icp3200)
ICP3202,Organización Política de Chile (ICP3202),10,organizacion politica de chile (icp3202)
ICP3206,"Partidos Políticos, Elementos Analiticos",10,"partidos politicos, elementos analiticos"
ICP3208,Introducción a la Política en América Latina (ICP3208),10,introduccion a la politica en america latina (icp3208)
ICP3209,Partidos y Sistemas Electorales,10,partidos y sistemas electorales
ICP3210,Modelos de Desarrollo en América Latina (ICP3210),10,modelos de desarrollo en america latina (icp3210)
ICP3211,Crecimiento e Industrialización en Una Perspectiva Comparada,10,crecimiento e industrializacion en una perspectiva comparada
ICP3212,América Latina: Casos de Estudio (ICP3212),10,america latina: casos de estudio (icp3212)
ICP3213,Medios de Comunicación y Política,10,medios de comunicacion y politica
ICP3214,Economía Política (ICP3214),10,economia politica (icp3214)
ICP3215,Teoría de la Organización (ICP3215),10,teoria de la organizacion (icp3215)
ICP3216,Política y Medios de Comunicación,10,politica y medios de comunicacion
ICP3217,Análisis Electoral,10,analisis electoral
ICP3218,Transición y Consolidación Democrática,10,transicion y consolidacion democratica
ICP3221,Taller Continuo de Información Política (ICP3221),10,taller continuo de informacion politica (icp3221)
ICP3300,Relaciones Internacionales Desde 1815 (ICP3300),10,relaciones internacionales desde 1815 (icp3300)
ICP3301,El Sistema Político Internacional,10,el sistema politico internacional
ICP3302,Política Exterior de Chile (ICP3302),10,politica exterior de chile (icp3302)
ICP3303,Instrumentos de Política Exterior (ICP3303),10,instrumentos de politica exterior (icp3303)
ICP3304,Política Internacional Contemporánea (ICP3304),10,politica internacional contemporanea (icp3304)
ICP3306,Política Exterior Norteamericana Hacia América Latina,10,politica exterior norteamericana hacia america latina
ICP3308,Relaciones Internacionales de la Post Guerra Fria,10,relaciones internacionales de la post guerra fria
ICP3309,Asia:Una Megarregion Emergente,10,asia:una megarregion emergente
ICP3310,Asia Casos de Estudio,10,asia casos de estudio
ICP3311,"Hist. y Relac. Internac. en el Este y Sudeste de Asia: Actores, Relac. y Temas Relevantes",10,"hist. y relac. internac. en el este y sudeste de asia: actores, relac. y temas relevantes"
ICP3312,Políticas Ambientales,10,politicas ambientales
ICP3313,La Union Europea: Integración y Desafíos para Chile (ICP3313),10,la union europea: integracion y desafios para chile (icp3313)
ICP3400,Seminario de Grado (ICP3400),20,seminario de grado (icp3400)
ICP342,Análisis de Políticas Exterior en Paises Latinoamericanos,10,analisis de politicas exterior en paises latinoamericanos
ICP3603,Introducción a la Política en América Latina (ICP3603),10,introduccion a la politica en america latina (icp3603)
ICP3700,Negociación Diplomática (ICP3700),10,negociacion diplomatica (icp3700)
ICP3701,Análisis Político Internacional,10,analisis politico internacional
ICP3702,Función Parlamentaria,10,funcion parlamentaria
ICP3703,Modernización del Estado (ICP3703),10,modernizacion del estado (icp3703)
ICP3704,Modernización del Estado (ICP3704),10,modernizacion del estado (icp3704)
ICP3707,Método Investigación Ciencia Política III,10,metodo investigacion ciencia politica 3
ICP3708,Introducción al Análisis del Conflicto Internacional,10,introduccion al analisis del conflicto internacional
ICP3709,Ejercicio Profesional en Ciencia Política,10,ejercicio profesional en ciencia politica
ICP3710,Conducta Electoral y Marketing Político,10,conducta electoral y marketing politico
ICP3711,Gerencia Pública,10,gerencia publica
ICP3712,Populismo y Neopopulismo:Estudio de Casos y Herramientas de Análisis,10,populismo y neopopulismo:estudio de casos y herramientas de analisis
ICP3713,Política Internacional: Sistema de Solución de Controversias (ICP3713),10,politica internacional: sistema de solucion de controversias (icp3713)
ICP3714,Taller de Coyuntura Política,10,taller de coyuntura politica
ICP3715,Diseño y Evaluación de Políticas,10,diseno y evaluacion de politicas
ICP3716,Gestión de Políticas Públicas,10,gestion de politicas publicas
ICP3717,Gerencia de la Política Social (ICP3717),10,gerencia de la politica social (icp3717)
ICP5123,Seminario: Cultura y Política,10,seminario: cultura y politica
ICP5124,Seminario: Democrac Ia y Modelos de Gobierno,10,seminario: democrac ia y modelos de gobierno
ICP5125,Seminario: Sistema Político Norteamericano Contemporáneo,10,seminario: sistema politico norteamericano contemporaneo
ICP5202,Instituciones y Procesos Políticos Magister,10,instituciones y procesos politicos magister
ICP5217,Seminario: Aspectos de la Cultura Política,10,seminario: aspectos de la cultura politica
ICP5218,"Individuo, Comunidad, Tradición",10,"individuo, comunidad, tradicion"
ICP5219,Seminario: Teoría Democrática Sistema Representativo,10,seminario: teoria democratica sistema representativo
ICP5221,Cultura Política Chilena,12,cultura politica chilena
ICP5417,Sistema Internacional Contemporáneo,10,sistema internacional contemporaneo
ICP5448,Procesos Políticos en Europa Central y Oriental,10,procesos politicos en europa central y oriental
ICP5451,Negociaciones Multilaterales,10,negociaciones multilaterales
ICS0020,Investigación o Proyecto (ICS0020),20,investigacion o proyecto (ics0020)
ICS1113,Optimización,10,optimizacion
ICS113H,Optimización-Honors,10,optimizacion-honors
ICS1513,Introducción a la Economía,10,introduccion a la economia
ICS2009,Dinámica de Sistemas de Negocios,10,dinamica de sistemas de negocios
ICS2010,Estrategias de Diseño para la Innovación,10,estrategias de diseno para la innovacion
ICS2011,Mindset-Developing Your Entrepreneurial Potential,10,mindset-developing your entrepreneurial potential
ICS2012,Fundamentos de Innovación,10,fundamentos de innovacion
ICS2014,Cmd: How to Build a Startupñ,10,cmd: how to build a startupn
ICS2015,Cmd Taller de Habilidades de Emprendimiento,10,cmd taller de habilidades de emprendimiento
ICS2016,Capital de Riesgo y Emprendimiento,10,capital de riesgo y emprendimiento
ICS2018,Competencias de Emprendimiento,10,competencias de emprendimiento
ICS2020,Cmd Innovación Social,10,cmd innovacion social
ICS2022,Economía Social y Participación,10,economia social y participacion
ICS2023,Análisis de Riesgo Ambiental,10,analisis de riesgo ambiental
ICS2025,Emprendimientos Tecnologicos,10,emprendimientos tecnologicos
ICS2031,Estrategia y Comercialización de Innovaciones Tecnologicas,10,estrategia y comercializacion de innovaciones tecnologicas
ICS2032,Financiamiento y Creación de Start-Ups,10,financiamiento y creacion de start-ups
ICS2121,Métodos de Optimización,10,metodos de optimizacion
ICS2122,Taller de Investigación Operativa (Capstone),10,taller de investigacion operativa (capstone)
ICS2123,Modelos Estocásticos,10,modelos estocasticos
ICS2125,Estrategias para la Innovación en el Diseño de Productos Eficientes y Sustentables,10,estrategias para la innovacion en el diseno de productos eficientes y sustentables
ICS2133,Fundamentos de Simulación de Sistemas Estocásticos,10,fundamentos de simulacion de sistemas estocasticos
ICS2225,Marketing para Emprendimientos Tecnologicos,10,marketing para emprendimientos tecnologicos
ICS2372,Seminario Ingeniería Industrial,5,seminario ingenieria industrial
ICS2523,Microeconomía,10,microeconomia
ICS2532,Taller de Ingeniería Financiera y Finanzas Aplicadas,10,taller de ingenieria financiera y finanzas aplicadas
ICS2533,"Globalización, Desarrollo y Crisis Financieras",10,"globalizacion, desarrollo y crisis financieras"
ICS2552,Análisis de Proyectos en Minería,10,analisis de proyectos en mineria
ICS2563,Econometría Aplicada,10,econometria aplicada
ICS2564,Microeconometría Aplicada,10,microeconometria aplicada
ICS2613,Contabilidad y Control de Gestión,10,contabilidad y control de gestion
ICS2703,Liderazgo Organizacional (ICS2703),10,liderazgo organizacional (ics2703)
ICS2704,Taller Negociación Estrategica,10,taller negociacion estrategica
ICS2712,Teoría de Organizaciones,10,teoria de organizaciones
ICS2720,Liderazgo en Acción,10,liderazgo en accion
ICS2721,Liderazgo y Autoridad,10,liderazgo y autoridad
ICS2730,Tópicos en Emprendimiento,10,topicos en emprendimiento
ICS2802,Tópicos en Ingeniería Industrial,10,topicos en ingenieria industrial
ICS2803,Gobiernos Corporativos,10,gobiernos corporativos
ICS2804,Marketing de Empresas Tecnologicas,10,marketing de empresas tecnologicas
ICS2805,Taller de Gestión de Marketing,10,taller de gestion de marketing
ICS2806,Marketing Estrategico,10,marketing estrategico
ICS2807,Taller de Marketing Estrategico,10,taller de marketing estrategico
ICS2813,Organización y Comportamiento en la Empresa,10,organizacion y comportamiento en la empresa
ICS2820,Tópicos en Economía Política,10,topicos en economia politica
ICS2870,Entornos Digitales y Marketing Electrónico,10,entornos digitales y marketing electronico
ICS2972,Trabajo de Personal Dirigido,5,trabajo de personal dirigido
ICS2981,Trabajo Personal Dirigido (ICS2981),5,trabajo personal dirigido (ics2981)
ICS2985,Investigación o Proyecto (ICS2985),10,investigacion o proyecto (ics2985)
ICS2986,Investigación o Proyecto (ICS2986),10,investigacion o proyecto (ics2986)
ICS2987,Investigación o Proyecto (ICS2987),10,investigacion o proyecto (ics2987)
ICS2988,Investigación o Proyecto (Optativo de Titulación) (ICS2988),10,investigacion o proyecto (optativo de titulacion) (ics2988)
ICT0020,Investigación o Proyecto (ICT0020),20,investigacion o proyecto (ict0020)
ICT1001,Introducción a la Ingeniería de Transporte,10,introduccion a la ingenieria de transporte
ICT1103,Transporte y Logística: Como se mueve el Mundo,10,transporte y logistica: como se mueve el mundo
ICT2154,Taller de Ingeniería de Transporte (Capstone),10,taller de ingenieria de transporte (capstone)
ICT2213,Modelos de Demanda de Transporte,10,modelos de demanda de transporte
ICT2223,Modelos de Tráfico,10,modelos de trafico
ICT2232,Redes de Transporte,10,redes de transporte
ICT2233,Flujo en Redes,10,flujo en redes
ICT2253,Externalidades de Transporte,10,externalidades de transporte
ICT2302,Tecnología de Medios de Transporte,10,tecnologia de medios de transporte
ICT2303,Tecnología de Medios de Transporte (ICT2303),10,tecnologia de medios de transporte (ict2303)
ICT2413,Sistemas de Distribución de Carga,10,sistemas de distribucion de carga
ICT2443,Ingeniería Logística,10,ingenieria logistica
ICT2902,Ingeniería de Transporte,10,ingenieria de transporte
ICT2903,Aspectos Legales y Economicos del Desarrollo Urbano,10,aspectos legales y economicos del desarrollo urbano
ICT2904,Ingeniería de Sistemas de Transporte,10,ingenieria de sistemas de transporte
ICT2950,Tópicos de Econometría,10,topicos de econometria
ICT2953,Tópicos de Econometría (ICT2953),10,topicos de econometria (ict2953)
ICT2972,Trabajo Personal Dirigido (ICT2972),5,trabajo personal dirigido (ict2972)
ICT2981,Trabajo Personal Dirigido (ICT2981),5,trabajo personal dirigido (ict2981)
ICT2985,Investigación o Proyecto (ICT2985),10,investigacion o proyecto (ict2985)
ICT2986,Investigación o Proyecto (ICT2986),10,investigacion o proyecto (ict2986)
ICT2987,Investigación o Proyecto (ICT2987),10,investigacion o proyecto (ict2987)
ICT2988,Investigación o Proyecto (Optativo de Titulación) (ICT2988),10,investigacion o proyecto (optativo de titulacion) (ict2988)
IDD4000,Inglés Semipresencial para Ingenieros-Nivel4,5,ingles semipresencial para ingenieros-nivel4
IDD5000,Inglés Semipresencial para Ingenieros-Nivel5,5,ingles semipresencial para ingenieros-nivel5
IDD6000,Inglés Semipresencial para Ingenieros-Nivel 6,5,ingles semipresencial para ingenieros-nivel 6
IDI0020,Investigación o Proyecto (IDI0020),20,investigacion o proyecto (idi0020)
IDI2004,Dilab-Laboratorio Diseño en Ingeniería y Sistemas,10,dilab-laboratorio diseno en ingenieria y sistemas
IDI2015,Antro-Diseño,10,antro-diseno
IDI2025,"Tecnología, Emprendimiento y Diseño",10,"tecnologia, emprendimiento y diseno"
IDI2031,Prototipado y Validación de Innovaciones Tecnologicas,10,prototipado y validacion de innovaciones tecnologicas
IDI2972,Trabajo Personal Dirigido (IDI2972),5,trabajo personal dirigido (idi2972)
IDI2981,Trabajo Personal Dirigido (IDI2981),5,trabajo personal dirigido (idi2981)
IDI2985,Investigación o Proyecto (IDI2985),10,investigacion o proyecto (idi2985)
IDI2986,Investigación o Proyecto (IDI2986),10,investigacion o proyecto (idi2986)
IDI2987,Investigación o Proyecto (IDI2987),10,investigacion o proyecto (idi2987)
IDI2988,Investigación o Proyecto (Optativo de Titulación) (IDI2988),10,investigacion o proyecto (optativo de titulacion) (idi2988)
IDI2995,Mentalidad y Métodos de Emprendimiento,10,mentalidad y metodos de emprendimiento
IDI2996,Fundamentos Sociales y Tecnicos de la Innovación,10,fundamentos sociales y tecnicos de la innovacion
IEE0020,Investigación o Proyecto (IEE0020),20,investigacion o proyecto (iee0020)
IEE1100,Introducción a la Ingeniería Electrica,10,introduccion a la ingenieria electrica
IEE1122,Análisis de Circuitos,10,analisis de circuitos
IEE1133,Materiales Eléctricos (IEE1133),10,materiales electricos (iee1133)
IEE1533,Fundamentos de Teoría Electromagnética,10,fundamentos de teoria electromagnetica
IEE2003,Orquesta de Laptops UC,10,orquesta de laptops uc
IEE2012,Monitoreo Fisiologico y Análisis de Datos (IEE2012),10,monitoreo fisiologico y analisis de datos (iee2012)
IEE2014,Radiación y Seguridad (IEE2014),10,radiacion y seguridad (iee2014)
IEE2101,Imagenes Biomédicas (IEE2101),10,imagenes biomedicas (iee2101)
IEE2102,Análisis de Señales,10,analisis de senales
IEE2103,Señales y Sistemas,10,senales y sistemas
IEE2113,Teoría Electromagnética,10,teoria electromagnetica
IEE2123,Circuitos Eléctricos,10,circuitos electricos
IEE2172,Laboratorio de Circuitos,10,laboratorio de circuitos
IEE2173,Laboratorio Ingeniería Electrica,10,laboratorio ingenieria electrica
IEE2183,Laboratorio de Mediciones Eléctricas,5,laboratorio de mediciones electricas
IEE2213,Maquinas Eléctricas,10,maquinas electricas
IEE2224,Accionamientos Eléctricos,10,accionamientos electricos
IEE2233,Tracción Electrica,10,traccion electrica
IEE2243,Electrónica de Potencia,10,electronica de potencia
IEE2244,Electrónica Industrial,10,electronica industrial
IEE2253,Generación de Energía Electrica,10,generacion de energia electrica
IEE2272,Laboratorio de Maquinas Eléctricas,10,laboratorio de maquinas electricas
IEE2273,Laboratorio de Maquinas Eléctricas (IEE2273),5,laboratorio de maquinas electricas (iee2273)
IEE2303,Tópicos Avanzados en Ingeniería de Potencia,10,topicos avanzados en ingenieria de potencia
IEE2312,Sistemas de Potencia,10,sistemas de potencia
IEE2313,Sistemas de Potencia (IEE2313),10,sistemas de potencia (iee2313)
IEE2323,Operación Económica de Sistemas Eléctricos,10,operacion economica de sistemas electricos
IEE2324,Política Energética,10,politica energetica
IEE2333,Planificación de Sistemas Eléctricos,10,planificacion de sistemas electricos
IEE2343,Protecciones,10,protecciones
IEE2353,Sistemas de Distribución,10,sistemas de distribucion
IEE2362,Proyecto Electrico,10,proyecto electrico
IEE2363,Proyecto Electrico (IEE2363),10,proyecto electrico (iee2363)
IEE2372,Mercados Eléctricos,10,mercados electricos
IEE2373,Mercados Eléctricos (IEE2373),10,mercados electricos (iee2373)
IEE2383,Seminario de Sistemas de Potencia,10,seminario de sistemas de potencia
IEE2393,Redes Inteligentes para Energía Sustentable,10,redes inteligentes para energia sustentable
IEE2413,Electrónica,10,electronica
IEE2423,Diseño y Caracterización de Circuitos Integrados,10,diseno y caracterizacion de circuitos integrados
IEE2433,Diseño de Circuitos Integrados Analogicos,10,diseno de circuitos integrados analogicos
IEE2442,Mecatrónica,10,mecatronica
IEE2462,Introducción a los Microbots,10,introduccion a los microbots
IEE2463,Sistemas Electronicos Programables,10,sistemas electronicos programables
IEE2473,Laboratorio de Electrónica Analógica y Digital,5,laboratorio de electronica analogica y digital
IEE2482,Laboratorio de Electrónica,10,laboratorio de electronica
IEE2483,Laboratorio de Electrónica (IEE2483),5,laboratorio de electronica (iee2483)
IEE2492,Taller de Electrónica de Audio,10,taller de electronica de audio
IEE2493,Taller de Electrónica de Audio (IEE2493),10,taller de electronica de audio (iee2493)
IEE2512,Telecomunicaciones,10,telecomunicaciones
IEE2513,Comunicaciones,10,comunicaciones
IEE2514,Comunicaciones Digitales,10,comunicaciones digitales
IEE2533,Ubicación Optima de Recursos en Redes,10,ubicacion optima de recursos en redes
IEE2543,Transmisión de Datos,10,transmision de datos
IEE2544,Redes de Comunicaciones Digitales,10,redes de comunicaciones digitales
IEE2554,Sistemas de Codificación,10,sistemas de codificacion
IEE2562,Sistemas Telefonicos Digitales,10,sistemas telefonicos digitales
IEE2572,Laboratorio de Telecomunicaciones,10,laboratorio de telecomunicaciones
IEE2573,Laboratorio de Telecomunicaciones (IEE2573),5,laboratorio de telecomunicaciones (iee2573)
IEE2584,Comunicaciones Inalambricas,10,comunicaciones inalambricas
IEE2593,Sistemas de Comunicaciones Inalambricas,10,sistemas de comunicaciones inalambricas
IEE2613,Control Automático,10,control automatico
IEE2634,Automatización y Control en la Minería,10,automatizacion y control en la mineria
IEE2643,Instrumentación y Automatización Industrial,10,instrumentacion y automatizacion industrial
IEE2664,Control Inteligente,10,control inteligente
IEE2674,Control Predictivo,10,control predictivo
IEE2682,Laboratorio de Control Automático,10,laboratorio de control automatico
IEE2683,Laboratorio de Control Automático (IEE2683),5,laboratorio de control automatico (iee2683)
IEE2690,Laboratorio de Sistemas Ciberfisicos,10,laboratorio de sistemas ciberfisicos
IEE2693,Electro-Óptica,10,electro-optica
IEE2713,Sistemas Digitales,10,sistemas digitales
IEE2714,Fundamentos de Procesamiento de Imagenes,10,fundamentos de procesamiento de imagenes
IEE2724,Reconocimiento de Patrones,10,reconocimiento de patrones
IEE2734,Visión por Computador,10,vision por computador
IEE2743,Microcomputadores,10,microcomputadores
IEE2753,Diseño de Circuitos Integrados Digitales,10,diseno de circuitos integrados digitales
IEE2764,Formación de Imagenes,10,formacion de imagenes
IEE2774,Laboratorio de Resonancia Magnética,5,laboratorio de resonancia magnetica
IEE2782,Laboratorio de Sistemas Digitales,10,laboratorio de sistemas digitales
IEE2783,Laboratorio de Sistemas Digitales (IEE2783),5,laboratorio de sistemas digitales (iee2783)
IEE2784,Procesamiento Avanzado de Imagenes,10,procesamiento avanzado de imagenes
IEE2864,Fundamentos de Instrumentación Astronomica (IEE2864),10,fundamentos de instrumentacion astronomica (iee2864)
IEE2900,Seminario en Ingeniería Electrica (Introducción a los Microbots),10,seminario en ingenieria electrica (introduccion a los microbots)
IEE2901,Aplicaciones de Dsp en Convertidores Estaticos,10,aplicaciones de dsp en convertidores estaticos
IEE2913,Diseño Electrico (Capstone),10,diseno electrico (capstone)
IEE2923,Sensores y Actuadores para Robótica,10,sensores y actuadores para robotica
IEE2936,Estimación y Control Optimo en Robótica,10,estimacion y control optimo en robotica
IEE2943,Diseño de Robots Moviles,10,diseno de robots moviles
IEE2972,Trabajo Personal Dirigido (IEE2972),5,trabajo personal dirigido (iee2972)
IEE2981,Trabajo Personal Dirigido (IEE2981),5,trabajo personal dirigido (iee2981)
IEE2985,Investigación o Proyecto (IEE2985),10,investigacion o proyecto (iee2985)
IEE2986,Investigación o Proyecto (IEE2986),10,investigacion o proyecto (iee2986)
IEE2987,Investigación o Proyecto (IEE2987),10,investigacion o proyecto (iee2987)
IEE2988,Investigación o Proyecto (Optativo de Titulación) (IEE2988),10,investigacion o proyecto (optativo de titulacion) (iee2988)
IEU2001,Ecología Urbana,10,ecologia urbana
IEU2002,Sociología de las Grandes Ciudades,10,sociologia de las grandes ciudades
IEU2003,Teorías y Pensamiento Ambiental,10,teorias y pensamiento ambiental
IEU2004,Planificación Urbana Participativa,10,planificacion urbana participativa
IEU2005,Imaginarios Urbanos: Ciudad y Territorialidad en Disputa,10,imaginarios urbanos: ciudad y territorialidad en disputa
IEU2006,"Competitividad, Innovación y Territorio",10,"competitividad, innovacion y territorio"
IEU2007,Cultura Urbana y Consumo,10,cultura urbana y consumo
IEU2008,"Trade and Sustainable Development: Global Processes, Local Transformations",10,"trade and sustainable development: global processes, local transformations"
IEU2009,Genero y Ciudad,10,genero y ciudad
IEU2010,La Ciudad y el Fútbol,10,la ciudad y el futbol
IEU2011,Movilidad Urbana y Ciudad,10,movilidad urbana y ciudad
IEU2012,Ciudades in - Territorios Out,10,ciudades in - territorios out
IEU2013,Seminario Lecturas de Santiago de Chile,10,seminario lecturas de santiago de chile
IEU2014,Metropolis Latinoamericanas,10,metropolis latinoamericanas
IEU2015,El Parque y la Ciudad Contemporánea,10,el parque y la ciudad contemporanea
IEU2016,"Planificación Estrategica Urbana-Territorial. Gobernabilidad, Planificación y Gestión",10,"planificacion estrategica urbana-territorial. gobernabilidad, planificacion y gestion"
IEU2017,Infraestructura y Servicios de la Metropolis,10,infraestructura y servicios de la metropolis
IEU2018,Patrimonio e Imagen Urbana,10,patrimonio e imagen urbana
IEU2019,Desarrollo Local Sustentable: Visiones Epistemologicas y Practicas Contemporaneas,10,desarrollo local sustentable: visiones epistemologicas y practicas contemporaneas
IEU2020,Lógicas Territoriales,10,logicas territoriales
IEU2021,Exploraciones Urbanas,10,exploraciones urbanas
IEU2022,"Gobernabilidad, Conflictos y Ciudadanía",10,"gobernabilidad, conflictos y ciudadania"
IEU2023,Lógicas Territoriales y Dinámicas Inmobiliarias,10,logicas territoriales y dinamicas inmobiliarias
IEU2024,Fundamentos del Pensamiento Urbano,10,fundamentos del pensamiento urbano
IEU2025,Exploraciones Urbanas: las Formas de la Ciudad,10,exploraciones urbanas: las formas de la ciudad
IEU2026,Planificación Urbana: Teoría y Método,10,planificacion urbana: teoria y metodo
IEU2027,Exploraciones Urbanas: Santiago Cinematografico,10,exploraciones urbanas: santiago cinematografico
IEU2028,La Ciudad: Historia y Procesos,10,la ciudad: historia y procesos
IEU2029,Vivienda y Forma Urbana,10,vivienda y forma urbana
IEU2030,Análisis y Modelación de Datos Territoriales,10,analisis y modelacion de datos territoriales
IEU2031,Institucionalidad Territorial e Instrumentos de Planificación,10,institucionalidad territorial e instrumentos de planificacion
IEU2032,Taller de Planificación Urbana I,10,taller de planificacion urbana 1
IEU2033,"Infraestructuras Urbanas: Equipamientos, Servicios, Transporte y Movilidad",10,"infraestructuras urbanas: equipamientos, servicios, transporte y movilidad"
IEU2034,Comunidad y Construcción Social del Hábitat,10,comunidad y construccion social del habitat
IEU2035,Técnicas de Representación Espacial,10,tecnicas de representacion espacial
IEU2036,Taller de Planificación Urbana II,10,taller de planificacion urbana 2
IEU2037,Laboratorio de Evaluación Ambiental Urbana,10,laboratorio de evaluacion ambiental urbana
IEU2039,Exploraciones Urbanas: Cultura y Patrimonio,10,exploraciones urbanas: cultura y patrimonio
IEU2040,Exploraciones Urbanas: Territorio Sustentable,10,exploraciones urbanas: territorio sustentable
IEU2041,Agua y Ciudad,10,agua y ciudad
IEU2042,Ciudades en Movimiento,10,ciudades en movimiento
IEU2043,"Ciudades, Gobiernos y Calidad de Vida",10,"ciudades, gobiernos y calidad de vida"
IEU2044,Desarrollo Inmobiliario Sustentable,10,desarrollo inmobiliario sustentable
IEU2045,Taller Aplicado de Planificación Urbana,5,taller aplicado de planificacion urbana
IEU2046,Asesoria a la Autogestion Residencial (A+S),10,asesoria a la autogestion residencial (a+s)
IEU2047,"Desarrollo Local Sustentable: Conceptos, Practicas y Políticas",10,"desarrollo local sustentable: conceptos, practicas y politicas"
IEU2048,Exploraciones Urbanas: Territorio Sustentable (IEU2048),10,exploraciones urbanas: territorio sustentable (ieu2048)
IEU2049,Vivienda y Barrio: un Problema Multidimensional,10,vivienda y barrio: un problema multidimensional
IEU2050,Planificación Urbana Participativa (IEU2050),10,planificacion urbana participativa (ieu2050)
IEU2051,Genero y Ciudad: Aproximaciones a un Urbanismo Feminista,10,genero y ciudad: aproximaciones a un urbanismo feminista
IEU2052,Exploraciones Urbanas (IEU2052),10,exploraciones urbanas (ieu2052)
IEU2053,Taller de Gestión y Estrategias Territoriales (A+S),15,taller de gestion y estrategias territoriales (a+s)
IEU2054,Taller de Instrumentos de Planificación Territorial y Urbana,15,taller de instrumentos de planificacion territorial y urbana
IEU2060,Institucionalidad y Legislación Urbana -Territorial,10,institucionalidad y legislacion urbana -territorial
IEU2061,Gobernanza y Participación Ciudadana,10,gobernanza y participacion ciudadana
IEU2062,La Ciudad: Historia y Procesos (IEU2062),10,la ciudad: historia y procesos (ieu2062)
IEU2063,Planificación Urbana: Teoría y Método (IEU2063),10,planificacion urbana: teoria y metodo (ieu2063)
IEU2064,Análisis y Modelación de Datos Socio Territoriales,10,analisis y modelacion de datos socio territoriales
IEU2067,"Energía, Infraestructura y Territorio",10,"energia, infraestructura y territorio"
IEU2069,"Gobernanza Urbana, Conflictos y Ciudadanía",10,"gobernanza urbana, conflictos y ciudadania"
IEU2070,Exploraciones Urbanas: las Formas de la Ciudad (IEU2070),10,exploraciones urbanas: las formas de la ciudad (ieu2070)
IEU2071,Ciudades en Movimiento (IEU2071),10,ciudades en movimiento (ieu2071)
IEU2072,Exploraciones Urbanas: Cultura y Patrimonio (IEU2072),10,exploraciones urbanas: cultura y patrimonio (ieu2072)
IEU2073,Exploraciones Urbanas: Santiago Cinematografico (IEU2073),10,exploraciones urbanas: santiago cinematografico (ieu2073)
IEU2080,Futuros Urbanos 2100: Planificación Integrada para Ciudades Sostenibles y Resilientes,10,futuros urbanos 2100: planificacion integrada para ciudades sostenibles y resilientes
IEU5000,"Chilean Identity in Concrete Images: Urban, Social and Cultural Processes",10,"chilean identity in concrete images: urban, social and cultural processes"
IFI1001,Introducción a la Ingeniería Física,10,introduccion a la ingenieria fisica
IFI2122,Taller de Ingeniería Física (Capstone),10,taller de ingenieria fisica (capstone)
IHA0010,Antropología Americana,10,antropologia americana
IHA0011,Antropología Chilena,10,antropologia chilena
IHI001,Visión Histórico Cultural de Asia,10,vision historico cultural de asia
IHI0010,Tolkien: Su Vida y Epoca Histórica,10,tolkien: su vida y epoca historica
IHI0011,Religión and Politics in the United States and Chile,10,religion and politics in the united states and chile
IHI0055,Pensamiento Histórico I,10,pensamiento historico 1
IHI0056,Pensamiento Histórico II,10,pensamiento historico 2
IHI010,La Aventura Humana en el Tiempo y en el Espacio,10,la aventura humana en el tiempo y en el espacio
IHI0101,Introducción a la Historia,10,introduccion a la historia
IHI0102,Teoría de la Historia,10,teoria de la historia
IHI0103,Historia de la Historiografía,10,historia de la historiografia
IHI0108,Temas de Historia Contemporánea,10,temas de historia contemporanea
IHI0201,Historia Antigua,10,historia antigua
IHI0202,Historia Medieval,10,historia medieval
IHI0203,Historia Moderna,10,historia moderna
IHI0204,Historia Contemporánea S. XIX,10,historia contemporanea s. xix
IHI0205,Historia Mundial Contemporánea,10,historia mundial contemporanea
IHI0211,Chile y América Indígena,10,chile y america indigena
IHI0212,Historia de Chile Colonial,10,historia de chile colonial
IHI0213,Historia de Chile S. XIX,10,historia de chile s. xix
IHI0214,Historia de Chile Contemporáneo,10,historia de chile contemporaneo
IHI0221,Imperios y Encuentros del Mundo Atlántico: Siglos Xv y XVI,10,imperios y encuentros del mundo atlantico: siglos xv y xvi
IHI0222,Historia de América Colonial,10,historia de america colonial
IHI0223,Historia de América S. XIX,10,historia de america s. xix
IHI0224,Historia de América Contemporánea,10,historia de america contemporanea
IHI0225,Contemporary Latín American History,10,contemporary latin american history
IHI0300,Investigación Histórica,10,investigacion historica
IHI0301,Investigación Histórica I,10,investigacion historica 1
IHI0302,Investigación Histórica II,10,investigacion historica 2
IHI0311,Monografía de Licenciatura,10,monografia de licenciatura
IHI0401,Educación Histórica: Teorías y Practicas,10,educacion historica: teorias y practicas
IHI0421,Archivos para la Sociedad del Conocimiento,10,archivos para la sociedad del conocimiento
IHI0441,"Historia Pública: Audiencias, Formatos y Trabajo Colaborativo",10,"historia publica: audiencias, formatos y trabajo colaborativo"
IHI0461,Gestión del Patrimonio.Teoría y Práctica,10,gestion del patrimonio.teoria y practica
IHI0481,Narrativa Audiovisual Histórica,10,narrativa audiovisual historica
IHI0491,Estrategias de Comunicación Digital para la Historia Pública,10,estrategias de comunicacion digital para la historia publica
IHI0492,Historia Digital,10,historia digital
IHI0501,Enseñar Historia Contemporánea: Teorías y Practicas,10,ensenar historia contemporanea: teorias y practicas
IHI0502,Cine e Historia Latinoamericana,10,cine e historia latinoamericana
IHI0503,Humanitarismo y Derechos Humanos,10,humanitarismo y derechos humanos
IHI0504,"Infancia y Pobreza, una Historia de larga Data",10,"infancia y pobreza, una historia de larga data"
IHI0505,Los Desafíos de la Educación para la Paz frente a la Violencia y la Guerra en el Mundo Contemporáneo,10,los desafios de la educacion para la paz frente a la violencia y la guerra en el mundo contemporaneo
IHI0506,La Antiguedad Clásica en la Historia de Occidente,10,la antiguedad clasica en la historia de occidente
IHI0507,De una Revolución a Otra. Historia Global de los Siglos XX-XXI a Través de sus Procesos Revolucionar,10,de una revolucion a otra. historia global de los siglos xx-xxi a traves de sus procesos revolucionar
IHI0508,Rock Chileno y Mundo Contemporáneo. 1950-2000.,10,rock chileno y mundo contemporaneo. 1950-2000.
IHI0509,"Ciencia, Tecnología y Sociedad",10,"ciencia, tecnologia y sociedad"
IHI0510,"Sobre como nos volvimos Ciudadanos. Democracia y Ciudadanía, Siglo XIX/XXI",10,"sobre como nos volvimos ciudadanos. democracia y ciudadania, siglo xix/xxi"
IHI0511,Historia Moderna:Reforma,10,historia moderna:reforma
IHI0512,Migraciones Globales,10,migraciones globales
IHI0513,Moda y Sociedad en Chile en el siglo XX,10,moda y sociedad en chile en el siglo xx
IHI0514,Historia de Africa,10,historia de africa
IHI0515,Política y Religiones en la India,10,politica y religiones en la india
IHI0516,"Ser Ciudadanos/as Ayer y Hoy: Estado, Democracia y Constitución en Chile y el Mundo",10,"ser ciudadanos/as ayer y hoy: estado, democracia y constitucion en chile y el mundo"
IHI0517,Autodeterminación y Plurinacionalidad 1992-2021: Los dos Caminos de los Movimientos Indígena en Ame,10,autodeterminacion y plurinacionalidad 1992-2021: los dos caminos de los movimientos indigena en ame
IHI0518,Los Griegos y Nosotros,10,los griegos y nosotros
IHI0519,Musicas Latinoamericanas,10,musicas latinoamericanas
IHI0520,Vestimenta y Construcciones de Genero,10,vestimenta y construcciones de genero
IHI0521,El Genocidio desde una Perspectiva Global,10,el genocidio desde una perspectiva global
IHI0522,Cinema and Latín American History,10,cinema and latin american history
IHI0523,"Antropología Americana: Habitar, Reivindicar y Reconocer",10,"antropologia americana: habitar, reivindicar y reconocer"
IHI0524,"Pueblos Indigenas en Chile: Fronteras, Políticas y Resistencias",10,"pueblos indigenas en chile: fronteras, politicas y resistencias"
IHI0525,Asia: Historia y Cultura,10,asia: historia y cultura
IHI0526,Moda y Sociedad en Chile en el siglo XX (IHI0526),10,moda y sociedad en chile en el siglo xx (ihi0526)
IHI0527,Historia y Fotografía. Imagenes qué dejan Huellas,10,historia y fotografia. imagenes que dejan huellas
IHI0528,"Arte, Cultura y Política en la Edad de Oro del Siglo XX, 1945-1973",10,"arte, cultura y politica en la edad de oro del siglo xx, 1945-1973"
IHI0529,China: Historia y Cultura,10,china: historia y cultura
IHI0530,Democracia y Teatro en la Grecia Antigua,10,democracia y teatro en la grecia antigua
IHI0531,El Imperio Británico y la Creación del Mundo Anglohablante,10,el imperio britanico y la creacion del mundo anglohablante
IHI0532,Imperios en la Historia y el Presente,10,imperios en la historia y el presente
IHI0533,"Estados Unidos: Historia, Política y Cultura en el Siglo XX y XXI",10,"estados unidos: historia, politica y cultura en el siglo xx y xxi"
IHI0534,"Entendiendo a Rusia: Historia, Cultura y Presente del Gigante Eurasiatico",10,"entendiendo a rusia: historia, cultura y presente del gigante eurasiatico"
IHI0535,El Proceso de Democratización en Europa: de los Totalitarismos del sXX a la Union Europea en el sXXI,10,el proceso de democratizacion en europa: de los totalitarismos del sxx a la union europea en el sxxi
IHI0536,"Políticas Económicas Chile y América Latina, 1910-2010",10,"politicas economicas chile y america latina, 1910-2010"
IHI0537,"Revoluciones y Dictaduras en América Latina, Siglos XIX y XX",10,"revoluciones y dictaduras en america latina, siglos xix y xx"
IHI0538,Archivos para el Siglo XXI,10,archivos para el siglo xxi
IHI0539,Conflictos Armados y Construcción de Paz en Africa Subsahariana,10,conflictos armados y construccion de paz en africa subsahariana
IHI1007,Cb Teoría de la Historia II,8,cb teoria de la historia 2
IHI1116,Cb Historia Universal Antigua II,8,cb historia universal antigua 2
IHI1127,Cb Historia Moderna,8,cb historia moderna
IHI1132,Cb Historia Contemporánea I,8,cb historia contemporanea 1
IHI1133,Cb Historia Contemporánea II,8,cb historia contemporanea 2
IHI1136,Historia del Mundo Siglos XIX y XX,8,historia del mundo siglos xix y xx
IHI1201,Culturas Precolombinas,8,culturas precolombinas
IHI1209,Cb Descubrimiento y Conquista II,8,cb descubrimiento y conquista 2
IHI1221,Cb Chile Nacional II,8,cb chile nacional 2
IHI1231,Cb América Nacional I,8,cb america nacional 1
IHI1236,Cb América Nacional II,8,cb america nacional 2
IHI1243,Historia,10,historia
IHI1902,Cb Introducción a la Metodología Histórica,8,cb introduccion a la metodologia historica
IHI2104,Comercio Internacional Chile Siglo XVIII,8,comercio internacional chile siglo xviii
IHI2105,Historia del Mundo Musulman,8,historia del mundo musulman
IHI2106,Introducción al Estudio Relaciones Internacionales,8,introduccion al estudio relaciones internacionales
IHI2107,Crisis de la Republica Romana,8,crisis de la republica romana
IHI2108,Comunidad Europea: España-América Latina,8,comunidad europea: espana-america latina
IHI2109,Problemas de Filosofía de la Historia,8,problemas de filosofia de la historia
IHI2110,Historia de España Medieval,8,historia de espana medieval
IHI2111,Europa Entre Dos Guerras,8,europa entre dos guerras
IHI2112,Expansión y Frontera,8,expansion y frontera
IHI2113,Israel en el Antiguo Oriente,8,israel en el antiguo oriente
IHI2114,Caida del Imperio Romano,8,caida del imperio romano
IHI2121,Ideas Políticas del Siglo XIX,8,ideas politicas del siglo xix
IHI2129,El Bajo Imperio Romano,8,el bajo imperio romano
IHI2130,Crítica Histórica,8,critica historica
IHI2131,Profundización:Siglo de Augusto,8,profundizacion:siglo de augusto
IHI2201,Instituciones Chilenas,8,instituciones chilenas
IHI2202,Historia del Tiempo Presente,8,historia del tiempo presente
IHI2203,Edad Media: Culturas Periféricas,8,edad media: culturas perifericas
IHI2204,Historia del Pensamiento Político Moderno,8,historia del pensamiento politico moderno
IHI2205,Historia de Chile y América I,8,historia de chile y america 1
IHI2206,Historia de Chile y América Nacional,8,historia de chile y america nacional
IHI2207,Sociedad y Conceptos Sociológicos de Chile,8,sociedad y conceptos sociologicos de chile
IHI2208,Temas de América Latina Contemporánea,8,temas de america latina contemporanea
IHI2209,Interpretación de la Historia en el Siglo XX,8,interpretacion de la historia en el siglo xx
IHI2215,Historia de la Agricultura Chilena,8,historia de la agricultura chilena
IHI2220,Hist Ocupación Territorio Chileno,8,hist ocupacion territorio chileno
IHI2222,Milicias y Guardias Civicas,8,milicias y guardias civicas
IHI2223,Temas de Historia de América Siglo XIX,8,temas de historia de america siglo xix
IHI2226,Historia de Chile Siglos XIX y XX,8,historia de chile siglos xix y xx
IHI2233,Problemas de Historia Norteamericana,8,problemas de historia norteamericana
IHI2234,Historia de Chile Siglo XX,8,historia de chile siglo xx
IHI2235,Temas de Historia de Chile Contemporáneo,8,temas de historia de chile contemporaneo
IHI2237,La Sociedad Chilena:1891-1901,8,la sociedad chilena:1891-1901
IHI2238,Sociedad y Arte en Chile S XIX,8,sociedad y arte en chile s xix
IHI2239,Introducción a la Historia Económica,8,introduccion a la historia economica
IHI2240,Antropología Chilena (IHI2240),8,antropologia chilena (ihi2240)
IHI2241,Historia Economía Chilena Siglos XVII y XVIII,8,historia economia chilena siglos xvii y xviii
IHI2243,Temas de Historia Económica,8,temas de historia economica
IHI2244,Sociedad y Arte en Chile Hispano,8,sociedad y arte en chile hispano
IHI2245,Los Incas y la Conquista de Chile,8,los incas y la conquista de chile
IHI2246,Encuentro Civilización en América,8,encuentro civilizacion en america
IHI2247,Textos Políticos Chilenos,8,textos politicos chilenos
IHI2248,Arte y Sociedad en Chile Siglo XX,8,arte y sociedad en chile siglo xx
IHI2249,Historia Iglesia Chile S XX,8,historia iglesia chile s xx
IHI2250,Temas de Historia Urbana,8,temas de historia urbana
IHI2251,Evangelización en América Siglo XVI,8,evangelizacion en america siglo xvi
IHI2252,Religiosidad Popular en Chile Siglos XIX y XX,8,religiosidad popular en chile siglos xix y xx
IHI2253,Historia de Chile Siglo XX (IHI2253),10,historia de chile siglo xx (ihi2253)
IHI2255,Política Exterior Chilena en América Siglo XIX,8,politica exterior chilena en america siglo xix
IHI2256,Aspectos Sociales y Economicos de Antiguo Regimen,8,aspectos sociales y economicos de antiguo regimen
IHI2258,Inmigración en Chile,8,inmigracion en chile
IHI2260,Historia Iglesia en Chile Hispano,8,historia iglesia en chile hispano
IHI2261,Guardia Nacional Siglo XIX,8,guardia nacional siglo xix
IHI2262,Monarquia Católica 1515-1700,8,monarquia catolica 1515-1700
IHI2263,Historia Iglesia Chile Siglo XIX,8,historia iglesia chile siglo xix
IHI2266,Temas de Historia Eclesiastica,8,temas de historia eclesiastica
IHI2269,Evangelización en Hispanoamérica,8,evangelizacion en hispanoamerica
IHI2270,Expansión y Triunfo del Cristianismo,8,expansion y triunfo del cristianismo
IHI2272,Historia de las Mentalidades,8,historia de las mentalidades
IHI2273,Fgh la Segunda Guerra Mundial,8,fgh la segunda guerra mundial
IHI2276,Sociedad y Teatro en Chile Siglo XX,8,sociedad y teatro en chile siglo xx
IHI2277,El Mundo Europeo en Baja Edad Media,8,el mundo europeo en baja edad media
IHI2278,Alemania Bajo el Nazismo,8,alemania bajo el nazismo
IHI2279,La Presidencia J M Balmaceda,8,la presidencia j m balmaceda
IHI2280,Ortega y Gasset en Torno España y América,8,ortega y gasset en torno espana y america
IHI2281,Capitalismo en la Historia,8,capitalismo en la historia
IHI2282,Cuestiones Selectas Historia Medieval,8,cuestiones selectas historia medieval
IHI2283,El Cobre en la Historia de Chile,8,el cobre en la historia de chile
IHI2285,Historia de Europa Siglo XX,8,historia de europa siglo xx
IHI2287,Menendez Pidal: Su Visión de España,8,menendez pidal: su vision de espana
IHI2288,Extranjeros en la Cultura Chilena,8,extranjeros en la cultura chilena
IHI2289,Cuestiones Selectas de la Historia,8,cuestiones selectas de la historia
IHI2290,Cuestiones Selectas de la Historia (IHI2290),8,cuestiones selectas de la historia (ihi2290)
IHI2293,Introducción a la Metodología Histórica,8,introduccion a la metodologia historica
IHI2294,Historiografía Chilena,8,historiografia chilena
IHI2295,Crisis Partidos Políticos 1973,8,crisis partidos politicos 1973
IHI2296,Democracia en América Latina,8,democracia en america latina
IHI2297,Arte Sociedad Siglo XX,8,arte sociedad siglo xx
IHI2298,Las Practicas del Poder en el Chile Finisecular,8,las practicas del poder en el chile finisecular
IHI2299,Gobierno y Administración en la Epoca de los Austrias (Siglos XVI y XVII),8,gobierno y administracion en la epoca de los austrias (siglos xvi y xvii)
IHI2300,Historia de Europa Siglo XX (IHI2300),10,historia de europa siglo xx (ihi2300)
IHI2301,Mexico: Historia y Cultura,10,mexico: historia y cultura
IHI2302,Estados Unidos: Historia y Cultura,10,estados unidos: historia y cultura
IHI2303,Mundo Andino,10,mundo andino
IHI2304,China y Japon en el Siglo XX,10,china y japon en el siglo xx
IHI2305,Chile en el Siglo Veinte I,8,chile en el siglo veinte 1
IHI2306,China: Historia y Cultura (IHI2306),10,china: historia y cultura (ihi2306)
IHI2307,Archivos e Historia,10,archivos e historia
IHI2308,Historia y Patrimonio,10,historia y patrimonio
IHI2309,Historia de la Salud,10,historia de la salud
IHI2310,Chile en el Siglo Veinte II,8,chile en el siglo veinte 2
IHI2311,Brasil: Historia y Cultura,10,brasil: historia y cultura
IHI2312,"Identidad Nacional y Desarrollo Social en Chile, Siglo XX",10,"identidad nacional y desarrollo social en chile, siglo xx"
IHI2313,Museos y Patrimonio,10,museos y patrimonio
IHI2314,Música Popular en América Latina,10,musica popular en america latina
IHI2315,Corea: Historia y Cultura,10,corea: historia y cultura
IHI2316,Asia: Historia y Cultura (IHI2316),10,asia: historia y cultura (ihi2316)
IHI2317,Construcción Social del Patrimonio,10,construccion social del patrimonio
IHI2318,Patrimonio: Métodos y Enfoques para Su Estudio,10,patrimonio: metodos y enfoques para su estudio
IHI2319,Corea: Cultura Comparada,10,corea: cultura comparada
IHI2320,Historia y Pensamiento Social Contemporáneo,10,historia y pensamiento social contemporaneo
IHI2321,Japon: Historia y Cultura,10,japon: historia y cultura
IHI2322,Religión y la Construcción de Asia Oriental,10,religion y la construccion de asia oriental
IHI2323,Historia de Genero en Chile,10,historia de genero en chile
IHI2324,History of Gender in Chile,10,history of gender in chile
IHI2325,"Genero y Sexualidad en Revoluciones y Dictaduras Latinoamericanas, 1959-Presente",10,"genero y sexualidad en revoluciones y dictaduras latinoamericanas, 1959-presente"
IHI2326,Propuesta de Interpretación Interdisciplinaria de Imagenes,10,propuesta de interpretacion interdisciplinaria de imagenes
IHI2327,El Ambiente como Problema Histórico en Chile,10,el ambiente como problema historico en chile
IHI2328,América Reconocida por los Naturalistas. Siglos XVIII y XIX,10,america reconocida por los naturalistas. siglos xviii y xix
IHI2329,Los Niños y la Infancia en la Historia,10,los ninos y la infancia en la historia
IHI2331,Historia de China: Desde sus Origenes hasta 1800,10,historia de china: desde sus origenes hasta 1800
IHI2332,"Textos Catolicos Contemporáneos sobre la Paz y el Diálogo, desde 1963 al Presente",10,"textos catolicos contemporaneos sobre la paz y el dialogo, desde 1963 al presente"
IHI2333,Introducción a la IA,10,introduccion a la ia
IHI2334,"Genero, Política y Sociedad en Chile",10,"genero, politica y sociedad en chile"
IHI2335,El Libro Expandido: Historia y Teoría de los usos de lo Impreso,10,el libro expandido: historia y teoria de los usos de lo impreso
IHI2336,"Caribe: Historia, Pensamiento y Cultura",10,"caribe: historia, pensamiento y cultura"
IHI2337,Historia del Deporte Latinoamericano,10,historia del deporte latinoamericano
IHI2338,"Crimen y Castigo en Santiago. La Criminalidad, Las Policias y La Carcel (1950-2000)",10,"crimen y castigo en santiago. la criminalidad, las policias y la carcel (1950-2000)"
IHI2339,Historia para Educación,10,historia para educacion
IHI2340,Historia de la Cultura Popular en Asia,10,historia de la cultura popular en asia
IHI2341,Historia y Desastres Socio-Naturales,10,historia y desastres socio-naturales
IHI2352,Historia de Japon,8,historia de japon
IHI2353,La Historia Desde Una Perspectiva,8,la historia desde una perspectiva
IHI2354,Los Estados Unidos Desde 1865 a 1929. Expansión y Trastornos Sociales,8,los estados unidos desde 1865 a 1929. expansion y trastornos sociales
IHI2355,Historia de los Medios de Comunicación,8,historia de los medios de comunicacion
IHI2356,Historia del Sistema del Poder en América Colonial,8,historia del sistema del poder en america colonial
IHI2357,Cultura y Sociedad en la Era de las Revoluciones Democraticas,8,cultura y sociedad en la era de las revoluciones democraticas
IHI2358,"Inmigrantes en Chile: Desarrollo, Aporte e Impacto Durante los S XIX y XX",8,"inmigrantes en chile: desarrollo, aporte e impacto durante los s xix y xx"
IHI2359,América Latina Casos de Estudio (IHI2359),8,america latina casos de estudio (ihi2359)
IHI2360,Historia de Grecia,8,historia de grecia
IHI2361,Visión Histórico-Cultural de Asia Oriental,8,vision historico-cultural de asia oriental
IHI2362,Chile 1964 - 2000,8,chile 1964 - 2000
IHI2363,Formas de Vida Religiosa en Castilla y América Siglos XVI y XVII,10,formas de vida religiosa en castilla y america siglos xvi y xvii
IHI2364,Chile 1964 - 2000 (IHI2364),10,chile 1964 - 2000 (ihi2364)
IHI2370,Seminario de Cultura Chilena,10,seminario de cultura chilena
IHI2371,Mujer y Sociedad en Chile,10,mujer y sociedad en chile
IHI2403,Fgh Chile 1964-1980,8,fgh chile 1964-1980
IHI2500,Ciencias Historicas:Ayer y Hoy,12,ciencias historicas:ayer y hoy
IHI2501,Dos Pensadores Romanos,8,dos pensadores romanos
IHI2502,Grandes Ideas y Cultura en Occidente,8,grandes ideas y cultura en occidente
IHI301A,Seminario I Parte A,10,seminario 1 parte a
IHI301B,Seminario I Parte B,10,seminario 1 parte b
IHI302A,Seminario II Parte a,10,seminario 2 parte a
IHI302B,Seminario II Parte B,10,seminario 2 parte b
IHM0200,Monografía Licenciatura,10,monografia licenciatura
IHM0201,Monografía Licenciatura (IHM0201),10,monografia licenciatura (ihm0201)
IHM0202,Monografía Licenciatura (IHM0202),10,monografia licenciatura (ihm0202)
IHM0203,Monografía Licenciatura (IHM0203),10,monografia licenciatura (ihm0203)
IHM0204,Monografía Licenciatura (IHM0204),10,monografia licenciatura (ihm0204)
IHO0001,Italia: Lineamientos de Historia Cultural y Política,10,italia: lineamientos de historia cultural y politica
IHO0002,Historia de Italia del Medioevo a la Edad Contemporánea,10,historia de italia del medioevo a la edad contemporanea
IHO0003,Historia de Italia en la Edad Contemporánea,10,historia de italia en la edad contemporanea
IHO0004,Temas y Tesis de Historia Ambiental,10,temas y tesis de historia ambiental
IHO0005,La Revolución Francesa 1787-1799,10,la revolucion francesa 1787-1799
IHO0006,Fiesta y Legitimación Política del Chile Borbónico al Republicano,10,fiesta y legitimacion politica del chile borbonico al republicano
IHO0007,Temas de Historia de Asia Oriental,10,temas de historia de asia oriental
IHS170A,Seminario Historia Universal,8,seminario historia universal
IHS170B,Seminario Historia Universal (IHS170B),8,seminario historia universal (ihs170b)
IHS171A,Seminario Historia Universal (IHS171A),8,seminario historia universal (ihs171a)
IHS171B,Seminario Historia Universal (IHS171B),8,seminario historia universal (ihs171b)
IHS172A,Seminario Historia Universal (IHS172A),8,seminario historia universal (ihs172a)
IHS172B,Seminario Historia Universal (IHS172B),8,seminario historia universal (ihs172b)
IHS173A,Seminario Historia Universal (IHS173A),8,seminario historia universal (ihs173a)
IHS173B,Seminario Historia Universal (IHS173B),8,seminario historia universal (ihs173b)
IHS174A,Seminario Historia Universal (IHS174A),8,seminario historia universal (ihs174a)
IHS174B,Seminario Historia Universal (IHS174B),8,seminario historia universal (ihs174b)
IHS175A,Seminario Historia Universal (IHS175A),8,seminario historia universal (ihs175a)
IHS175B,Seminario Historia Universal (IHS175B),8,seminario historia universal (ihs175b)
IHS180A,Seminario Historia de Chile,8,seminario historia de chile
IHS180B,Seminario Historia de Chile (IHS180B),8,seminario historia de chile (ihs180b)
IHS181A,Seminario Historia de Chile (IHS181A),8,seminario historia de chile (ihs181a)
IHS181B,Seminario Historia de Chile (IHS181B),8,seminario historia de chile (ihs181b)
IHS182A,Seminario Historia de Chile (IHS182A),8,seminario historia de chile (ihs182a)
IHS182B,Seminario Historia de Chile (IHS182B),8,seminario historia de chile (ihs182b)
IHS183A,Seminario Historia de Chile (IHS183A),8,seminario historia de chile (ihs183a)
IHS183B,Seminario Historia de Chile (IHS183B),8,seminario historia de chile (ihs183b)
IHS184A,Seminario Historia de Chile (IHS184A),8,seminario historia de chile (ihs184a)
IHS184B,Seminario Historia de Chile (IHS184B),8,seminario historia de chile (ihs184b)
IHS185A,Seminario Historia de Chile (IHS185A),8,seminario historia de chile (ihs185a)
IHS185B,Seminario Historia de Chile (IHS185B),8,seminario historia de chile (ihs185b)
IHS186A,Seminario Historia de América,8,seminario historia de america
IHS186B,Seminario Historia de América (IHS186B),8,seminario historia de america (ihs186b)
IHS187A,Seminario Historia de América (IHS187A),8,seminario historia de america (ihs187a)
IHS187B,Seminario Historia de América (IHS187B),8,seminario historia de america (ihs187b)
IHS188A,Seminario Historia de Chile (IHS188A),8,seminario historia de chile (ihs188a)
IHS188B,Seminario Historia de Chile (IHS188B),8,seminario historia de chile (ihs188b)
IHS189A,Seminario de Historia de Chile,8,seminario de historia de chile
IHS189B,Seminario Historia de Chile (IHS189B),8,seminario historia de chile (ihs189b)
IHS190A,Seminario de Historia de Chile (IHS190A),8,seminario de historia de chile (ihs190a)
IHS190B,Seminario Historia de Chile (IHS190B),8,seminario historia de chile (ihs190b)
IHS191A,Seminario de Historia de Chile (IHS191A),8,seminario de historia de chile (ihs191a)
IHS191B,Seminario Historia de Chile (IHS191B),8,seminario historia de chile (ihs191b)
IHS192A,Seminario Historia de América (IHS192A),8,seminario historia de america (ihs192a)
IHS192B,Seminario Historia de América (IHS192B),8,seminario historia de america (ihs192b)
IHS193A,Seminario: Historia de América (1ñ Parte),8,seminario: historia de america (1n parte)
IHS193B,Seminario: Historia de América (2ñ Parte),8,seminario: historia de america (2n parte)
IHS300A,Seminario (IHS300A),10,seminario (ihs300a)
IHS300B,Seminario (IHS300B),10,seminario (ihs300b)
IHS301A,Seminario (IHS301A),10,seminario (ihs301a)
IHS301B,Seminario (IHS301B),10,seminario (ihs301b)
IHS302A,Seminario (IHS302A),10,seminario (ihs302a)
IHS302B,Seminario (IHS302B),10,seminario (ihs302b)
IHS303A,Seminario (IHS303A),10,seminario (ihs303a)
IHS303B,Seminario (IHS303B),10,seminario (ihs303b)
IHS304A,Seminario (IHS304A),10,seminario (ihs304a)
IHS304B,Seminario (IHS304B),10,seminario (ihs304b)
IHS305A,Seminario (IHS305A),10,seminario (ihs305a)
IHS305B,Seminario (IHS305B),10,seminario (ihs305b)
IHS306A,Seminario (IHS306A),10,seminario (ihs306a)
IHS306B,Seminario (IHS306B),10,seminario (ihs306b)
IHS307A,Seminario (IHS307A),10,seminario (ihs307a)
IHS307B,Seminario (IHS307B),10,seminario (ihs307b)
IHS308A,Seminario (IHS308A),10,seminario (ihs308a)
IHS308B,Seminario (IHS308B),10,seminario (ihs308b)
IHS309A,Seminario (IHS309A),10,seminario (ihs309a)
IHS309B,Seminario (IHS309B),10,seminario (ihs309b)
IHS310A,Seminario (IHS310A),10,seminario (ihs310a)
IHS310B,Seminario (IHS310B),10,seminario (ihs310b)
IHT0104,Temas de Chile y América Siglos Xvi-Xviii,10,temas de chile y america siglos xvi-xviii
IHT0105,Temas de Chile y América Siglo XIX,10,temas de chile y america siglo xix
IHT0106,Temas de Chile y América Siglo XX,10,temas de chile y america siglo xx
IHT0107,Temas de Historia Antigua,10,temas de historia antigua
IHT0108,Temas de Historia Contemporánea (IHT0108),10,temas de historia contemporanea (iht0108)
IHT1010,Tesis Primera Parte,30,tesis primera parte
IHT1020,Tesis Segunda Parte,30,tesis segunda parte
IHV0053,Historia Contemporánea,10,historia contemporanea
IHV0100,Historia de América y Chile Siglos Xv y XVI,10,historia de america y chile siglos xv y xvi
IHV0101,Historia de América y Chile Siglos XVII y XVIII,10,historia de america y chile siglos xvii y xviii
IHV0102,Historia de América y Chile Siglo XIX,10,historia de america y chile siglo xix
IHV0103,Historia de América y Chile Siglo XX,10,historia de america y chile siglo xx
IIC0020,Investigación o Proyecto (IIC0020),20,investigacion o proyecto (iic0020)
IIC1001,Algoritmos y Sistemas Computacionales,5,algoritmos y sistemas computacionales
IIC1005,Computación: Ciencia y Tecnología del Mundo Digital,10,computacion: ciencia y tecnologia del mundo digital
IIC100B,Pensamiento Computacional y Habilidades Digitales,5,pensamiento computacional y habilidades digitales
IIC100G,En Busqueda del Bienestar: ñQue nos Dice la Cienciañ,10,en busqueda del bienestar: nque nos dice la ciencian
IIC101G,Inteligencia Artificial: Ciencia y Sociedad,10,inteligencia artificial: ciencia y sociedad
IIC102G,Inteligencia Artificial: Ciencia y Sociedad (IIC102G),10,inteligencia artificial: ciencia y sociedad (iic102g)
IIC103G,Herramientas y Agentes de Inteligencia Artificial,10,herramientas y agentes de inteligencia artificial
IIC104G,Inteligencia Artificial: Ciencia y Sociedad (IIC104G),10,inteligencia artificial: ciencia y sociedad (iic104g)
IIC1062,Introducción a las Aplicaciones Computacionales,10,introduccion a las aplicaciones computacionales
IIC1072,Hipermedios en la Transmisión del Conocimiento,10,hipermedios en la transmision del conocimiento
IIC1103,Introducción a la Programación,10,introduccion a la programacion
IIC1253,Matemáticas Discretas,10,matematicas discretas
IIC2001,Práctica de Ciencia de la Computación I,5,practica de ciencia de la computacion 1
IIC2002,Práctica de Ciencia de la Computación,10,practica de ciencia de la computacion
IIC2026,Visualización de Información,10,visualizacion de informacion
IIC2072,Taller de Producción de Hipermedios,10,taller de produccion de hipermedios
IIC2100,Taller de Herramientas Computacionales para Ingeniería,10,taller de herramientas computacionales para ingenieria
IIC2113,Diseño Detallado de Software,10,diseno detallado de software
IIC2115,Programación Como Herramienta para la Ingeniería,10,programacion como herramienta para la ingenieria
IIC2121,Tópicos de Redes de Datos,10,topicos de redes de datos
IIC2122,Arquitectura de Software Aplicada,10,arquitectura de software aplicada
IIC2132,Estructura y Representación de Datos,10,estructura y representacion de datos
IIC2133,Estructuras de Datos y Algoritmos,10,estructuras de datos y algoritmos
IIC2143,Ingeniería de Software,10,ingenieria de software
IIC2144,Desarrollo Disciplinado de Software,10,desarrollo disciplinado de software
IIC2152,Taller Ingeniería de Software,10,taller ingenieria de software
IIC2153,Taller: Proyecto de Especialidad,10,taller: proyecto de especialidad
IIC2154,Proyecto de Especialidad,10,proyecto de especialidad
IIC2162,Estrategias de Desarrollo de Software,10,estrategias de desarrollo de software
IIC2164,Proyecto de Innovación y Computación,10,proyecto de innovacion y computacion
IIC2173,Arquitectura de Sistemas de Software,10,arquitectura de sistemas de software
IIC2182,Interfaces y Experiencia de Usuarios,10,interfaces y experiencia de usuarios
IIC2212,Lógica para Ciencias de la Computación,10,logica para ciencias de la computacion
IIC2213,Lógica para Ciencias de la Computación (IIC2213),10,logica para ciencias de la computacion (iic2213)
IIC2214,Teoría de la Computación,10,teoria de la computacion
IIC2222,Teoría de Automatas y Lenguajes Formales,10,teoria de automatas y lenguajes formales
IIC2223,Teoría de Automatas y Lenguajes Formales (IIC2223),10,teoria de automatas y lenguajes formales (iic2223)
IIC2224,Automatas y Compiladores,10,automatas y compiladores
IIC2233,Programación Avanzada,10,programacion avanzada
IIC2253,Introducción a la Computación Cuántica,10,introduccion a la computacion cuantica
IIC2283,Diseño y Análisis de Algoritmos,10,diseno y analisis de algoritmos
IIC2293,Algoritmos Avanzados,10,algoritmos avanzados
IIC2322,Construcción de Compiladores,10,construccion de compiladores
IIC2323,Construcción de Compiladores (IIC2323),10,construccion de compiladores (iic2323)
IIC2332,Sistemas Operativos,10,sistemas operativos
IIC2333,Sistemas Operativos y Redes,10,sistemas operativos y redes
IIC2343,Arquitectura de Computadores,10,arquitectura de computadores
IIC2344,Laboratorio de Arquitectura de Computadores,10,laboratorio de arquitectura de computadores
IIC2345,Laboratorio de Arquitectura de Computadores (IIC2345),10,laboratorio de arquitectura de computadores (iic2345)
IIC2413,Bases de Datos,10,bases de datos
IIC2422,Tecnología de Bases de Datos I,10,tecnologia de bases de datos 1
IIC2432,Minería de Datos,10,mineria de datos
IIC2440,Procesamiento de Datos Masivos,10,procesamiento de datos masivos
IIC2512,Redes de Computadores,10,redes de computadores
IIC2513,Tecnologías y Aplicaciones Web,10,tecnologias y aplicaciones web
IIC2515,Taller de Desarrollo de Aplicaciones Web,10,taller de desarrollo de aplicaciones web
IIC2521,Fundamentos de Seguridad Informática,10,fundamentos de seguridad informatica
IIC2522,Taller de Seguridad Informática,10,taller de seguridad informatica
IIC2523,Sistemas Distribuidos,10,sistemas distribuidos
IIC2531,Seguridad Computacional,10,seguridad computacional
IIC2533,Métodos Analiticos Avanzados,10,metodos analiticos avanzados
IIC2552,Taller de Programación Avanzada,5,taller de programacion avanzada
IIC2553,Taller de Programación Competitiva II,5,taller de programacion competitiva 2
IIC2560,Fundamentos de Lenguajes de Programación,10,fundamentos de lenguajes de programacion
IIC2562,Taller de Programación II,5,taller de programacion 2
IIC2572,Desarrollo de Aplicaciones para Telefonos Moviles en J2me,10,desarrollo de aplicaciones para telefonos moviles en j2me
IIC2613,Inteligencia Artificial,10,inteligencia artificial
IIC2622,Taller de Inteligencia Artificial,10,taller de inteligencia artificial
IIC2632,Computación Evolutiva,10,computacion evolutiva
IIC2642,Computación Emergente,10,computacion emergente
IIC2685,Robótica Movil,10,robotica movil
IIC2713,Sistemas de Información,10,sistemas de informacion
IIC2714,Fundamentos de Procesamiento de Imagenes (IIC2714),10,fundamentos de procesamiento de imagenes (iic2714)
IIC2722,Taller Tecnología de la Información,10,taller tecnologia de la informacion
IIC2732,Modelos de Procesos y Datos,10,modelos de procesos y datos
IIC2733,Modelos de Procesos,10,modelos de procesos
IIC2734,Taller de Automatización de Procesos de Negocio,10,taller de automatizacion de procesos de negocio
IIC2742,Arquitectura de Sistemas de Información,10,arquitectura de sistemas de informacion
IIC2752,Estrategia y Tecnologías de Información,10,estrategia y tecnologias de informacion
IIC2763,Adopción de Tecnologías de Información,10,adopcion de tecnologias de informacion
IIC2764,"Conocimiento, Cultura y Tecnología",10,"conocimiento, cultura y tecnologia"
IIC2772,Análisis de Información en Educación,10,analisis de informacion en educacion
IIC2810,Aspectos Psicológicos para la Gestión de Proyectos,10,aspectos psicologicos para la gestion de proyectos
IIC2815,Taller de Emprendimientos Con Software,10,taller de emprendimientos con software
IIC2912,Gráfica Computacional,10,grafica computacional
IIC2914,Animación por Computadora,10,animacion por computadora
IIC2972,Trabajo Personal Dirigido (IIC2972),5,trabajo personal dirigido (iic2972)
IIC2981,Trabajo Personal Dirigido (IIC2981),5,trabajo personal dirigido (iic2981)
IIC2985,Investigación o Proyecto (IIC2985),10,investigacion o proyecto (iic2985)
IIC2986,Investigación o Proyecto (IIC2986),10,investigacion o proyecto (iic2986)
IIC2987,Investigación o Proyecto (IIC2987),10,investigacion o proyecto (iic2987)
IIC2988,Investigación o Proyecto (Optativo de Titulación) (IIC2988),10,investigacion o proyecto (optativo de titulacion) (iic2988)
IIC2993,Investigación o Proyecto (IIC2993),10,investigacion o proyecto (iic2993)
IIE2011,Metodologías de Investigación en Ingeniería,10,metodologias de investigacion en ingenieria
IIE2012,Diseño de Propuestas de Investigación,10,diseno de propuestas de investigacion
IIQ0020,Investigación o Proyecto (IIQ0020),20,investigacion o proyecto (iiq0020)
IIQ1001,Introducción a la Ingeniería Química,10,introduccion a la ingenieria quimica
IIQ1012,Fisico Química,10,fisico quimica
IIQ102E,Thermodynamics,10,thermodynamics
IIQ103H,Termodinámica Honors,10,termodinamica honors
IIQ1112,Procesos Químicos I,10,procesos quimicos 1
IIQ1210,Introducción Operaciones Unitarias I,8,introduccion operaciones unitarias 1
IIQ1220,Introducción Operaciones Unitarias II,8,introduccion operaciones unitarias 2
IIQ1270,Laboratorio Introducción Operaciones Unitarias,8,laboratorio introduccion operaciones unitarias
IIQ1603,Introducción a la Ciencia de los Alimentos,10,introduccion a la ciencia de los alimentos
IIQ2003,Fenómenos de Transporte,10,fenomenos de transporte
IIQ2013,Operaciones Unitarias I,10,operaciones unitarias 1
IIQ2023,Operaciones Unitarias II,10,operaciones unitarias 2
IIQ2032,Operaciones Unitarias III,10,operaciones unitarias 3
IIQ2043,Fisicoquímica,10,fisicoquimica
IIQ2102,Mecánica de Fluidos y Transferencia de Masa,10,mecanica de fluidos y transferencia de masa
IIQ2113,Diseño de Reactores,10,diseno de reactores
IIQ2122,Diseño Mecánico de Equipos,10,diseno mecanico de equipos
IIQ2133,Procesos Químicos,10,procesos quimicos
IIQ2142,Principios de la Producción Limpia e Ingeniería Ambiental,10,principios de la produccion limpia e ingenieria ambiental
IIQ2143,Implementación de Practicas de Ingeniería para el Desarrollo Sostenible,10,implementacion de practicas de ingenieria para el desarrollo sostenible
IIQ2243,Diseño de Procesos Químicos (Capstone),10,diseno de procesos quimicos (capstone)
IIQ2272,Laboratorio de Ingeniería Química,10,laboratorio de ingenieria quimica
IIQ2302,Matemática Aplicadas a la Ingeniería de Procesos,10,matematica aplicadas a la ingenieria de procesos
IIQ2303,Matemática Aplicada a la Ingeniería de Procesos,10,matematica aplicada a la ingenieria de procesos
IIQ2313,Dinámica y Control de Procesos,10,dinamica y control de procesos
IIQ2322,Control e Instrumentación de Procesos Industriales,10,control e instrumentacion de procesos industriales
IIQ2343,Contaminación Atmosférica,10,contaminacion atmosferica
IIQ2363,Residuos Sólidos y Peligrosos,10,residuos solidos y peligrosos
IIQ2372,Diseño de Sistemas de Biorremediación de Suelos,10,diseno de sistemas de biorremediacion de suelos
IIQ2422,Energía I,10,energia 1
IIQ2423,Energía I (IIQ2423),10,energia 1 (iiq2423)
IIQ2503,Bioenergia Aplicada,10,bioenergia aplicada
IIQ2603,Ciencia de los Alimentos,10,ciencia de los alimentos
IIQ2612,Tecnología de Alimentos (IIQ2612),10,tecnologia de alimentos (iiq2612)
IIQ2622,Control de Calidad de Alimentos (IIQ2622),10,control de calidad de alimentos (iiq2622)
IIQ2623,Microbiología e Higiene de Alimentos,10,microbiologia e higiene de alimentos
IIQ2632,Bioquímica de Alimentos,10,bioquimica de alimentos
IIQ2633,Química y Análisis de Alimentos,10,quimica y analisis de alimentos
IIQ2642,Procesamiento de Alimentos,10,procesamiento de alimentos
IIQ2652,Microbiología de Alimentos (IIQ2652),10,microbiologia de alimentos (iiq2652)
IIQ2663,Fundamentos de Biotecnología,10,fundamentos de biotecnologia
IIQ2673,Bioseparaciones,10,bioseparaciones
IIQ2683,Biotecnología Microbiana,10,biotecnologia microbiana
IIQ2693,Biotecnología Molecular,10,biotecnologia molecular
IIQ2703,Procesos Hidrometalurgicos,10,procesos hidrometalurgicos
IIQ2723,Ingeniería de Alimentos,10,ingenieria de alimentos
IIQ2772,Laboratorio de Ingeniería Química (IIQ2772),10,laboratorio de ingenieria quimica (iiq2772)
IIQ2903,Taller de Creatividad e Innovación,10,taller de creatividad e innovacion
IIQ2913,Taller de Emprendimiento,10,taller de emprendimiento
IIQ2914,Creativity and Innovation,10,creativity and innovation
IIQ2930,Introducción a la Ingeniería Gastronomica,10,introduccion a la ingenieria gastronomica
IIQ2972,Trabajo Personal Dirigido (IIQ2972),5,trabajo personal dirigido (iiq2972)
IIQ2981,Trabajo Personal Dirigido (IIQ2981),5,trabajo personal dirigido (iiq2981)
IIQ2985,Investigación o Proyecto (IIQ2985),10,investigacion o proyecto (iiq2985)
IIQ2986,Investigación o Proyecto (IIQ2986),10,investigacion o proyecto (iiq2986)
IIQ2987,Investigación o Proyecto (IIQ2987),10,investigacion o proyecto (iiq2987)
IIQ2988,Investigación o Proyecto (Optativo de Titulación) (IIQ2988),10,investigacion o proyecto (optativo de titulacion) (iiq2988)
ILB1002,Lengua Española II,8,lengua espanola 2
ILB1203,Lingüística del Discurso,8,linguistica del discurso
ILB1204,Lengua Latina,8,lengua latina
ILB1211,Gramática Española II,8,gramatica espanola 2
ILB1212,Lingüística General I,8,linguistica general 1
ILB1213,Gramática Española III,8,gramatica espanola 3
ILB1214,Lingüística General II,8,linguistica general 2
ILB1215,Lingüística del Discurso (ILB1215),8,linguistica del discurso (ilb1215)
ILB1301,Introducción a la Literatura,8,introduccion a la literatura
ILB1305,Literatura General Moderna y Contemporánea,8,literatura general moderna y contemporanea
ILB1310,Introducción a la Literatura (ILB1310),8,introduccion a la literatura (ilb1310)
ILB1314,Teoría Literaria II,8,teoria literaria 2
ILB1315,Literatura General Moderna y Contemporánea (ILB1315),8,literatura general moderna y contemporanea (ilb1315)
ILB1316,Textos Literarios Hispanoamericanos,8,textos literarios hispanoamericanos
ILB1702,Lengua Inglesa II,10,lengua inglesa 2
ILB1703,Lengua Inglesa III,10,lengua inglesa 3
ILB1704,Lengua Inglesa IV,10,lengua inglesa 4
ILD2004,Semantica Española,8,semantica espanola
ILD2020,Lengua Latina (ILD2020),8,lengua latina (ild2020)
ILD2021,Textos Latinos I,8,textos latinos 1
ILD2022,Textos Latinos II,8,textos latinos 2
ILD2041,Literatura Española I,8,literatura espanola 1
ILD2042,Literatura Española II,8,literatura espanola 2
ILD2043,Literatura Española III,8,literatura espanola 3
ILD2044,Literatura Española II (ILD2044),10,literatura espanola 2 (ild2044)
ILD2050,Gramática para Textos,8,gramatica para textos
ILD2051,Fonética y Fonología Española,8,fonetica y fonologia espanola
ILD2052,Historia de la Lengua Española,8,historia de la lengua espanola
ILD2061,Narrativa Chilena e Hispanoamericana,8,narrativa chilena e hispanoamericana
ILD2062,Teatro Chileno e Hispanoamericano,8,teatro chileno e hispanoamericano
ILD2063,Poesia Chilena e Hispanoamericana,8,poesia chilena e hispanoamericana
ILD2064,Ensayo Chileno e Hispanoamericano,8,ensayo chileno e hispanoamericano
ILD2065,Teatro Chileno e Hispanoamericano (ILD2065),10,teatro chileno e hispanoamericano (ild2065)
ILD2066,Ensayo Chileno e Hispanoamericano (ILD2066),10,ensayo chileno e hispanoamericano (ild2066)
ILD2090,Seminario (ILD2090),25,seminario (ild2090)
ILD2701,Lengua y Civilización Inglesa I,10,lengua y civilizacion inglesa 1
ILD2702,Lengua y Civilización Inglesa II,10,lengua y civilizacion inglesa 2
ILD2703,Lengua y Civilización Inglesa III,10,lengua y civilizacion inglesa 3
ILD2704,Lengua y Civilización Inglesa IV,10,lengua y civilizacion inglesa 4
ILD2711,Textos Ingleses I,8,textos ingleses 1
ILD2712,Textos Ingleses II,8,textos ingleses 2
ILD2721,Fonética y Fonología Inglesa I,8,fonetica y fonologia inglesa 1
ILD2722,Fonética y Fonología Inglesa II,8,fonetica y fonologia inglesa 2
ILD2723,Gramática Sincrónica Inglesa I,8,gramatica sincronica inglesa 1
ILD2724,Gramática Sincrónica Inglesa II,8,gramatica sincronica inglesa 2
ILD2731,Teatro (Drama),8,teatro (drama)
ILD2732,Narrativa (Narrative),8,narrativa (narrative)
ILD2733,Renacimiento (Renaissance),8,renacimiento (renaissance)
ILD2734,Lirica (Poetry),8,lirica (poetry)
ILD2735,Literatura Inglesa I (Narrativa Moderna y Contemporánea),8,literatura inglesa 1 (narrativa moderna y contemporanea)
ILD2736,Literatura Inglesa II (Ensayo Moderno y Contemporáneo),8,literatura inglesa 2 (ensayo moderno y contemporaneo)
ILD2790,Seminario (ILD2790),25,seminario (ild2790)
ILE1210,Gramática Española,12,gramatica espanola
ILE1215,Lingüística del Discurso (ILE1215),10,linguistica del discurso (ile1215)
ILE1317,Análisis e Interpretación Literaria,12,analisis e interpretacion literaria
ILF1001,Literatura Chilena,8,literatura chilena
ILF1002,Español Literatura,10,espanol literatura
ILG1001,Fgh Literatura Fantastica,5,fgh literatura fantastica
ILG1003,Fgh Camus y Su Visión de Hombre,5,fgh camus y su vision de hombre
ILG1111,Fgh Lengua y Cultura Japonesa I,5,fgh lengua y cultura japonesa 1
ILG1117,Fgh el Cuento Hispanoamericano Comteporaneo,5,fgh el cuento hispanoamericano comteporaneo
ILG1118,Fgh Nietzsche en la Cultura Alemana,5,fgh nietzsche en la cultura alemana
ILG1120,Fgh la Mujer S XX en Japon-Lat,5,fgh la mujer s xx en japon-lat
ILG1121,Fgh 4 Novelistas Fundamentales,5,fgh 4 novelistas fundamentales
ILG1122,Fgh Literatura y Cultura Francesa,5,fgh literatura y cultura francesa
ILG1123,Fgh el Hombre Medida de la Realidad Luces Sombras del Renacimeinto Italiano,5,fgh el hombre medida de la realidad luces sombras del renacimeinto italiano
ILG1125,Fgh Borges: el Eterno Infinito,5,fgh borges: el eterno infinito
ILG1126,Fgh Narrativa del Boom Hispanoamericano,5,fgh narrativa del boom hispanoamericano
ILG1127,Fgh Novela Chilena: J Donoso,5,fgh novela chilena: j donoso
ILG1128,Fgh Dante y la Divina Comedia,5,fgh dante y la divina comedia
ILG1129,Fgh Narrativa Detectivesca y Verdad,5,fgh narrativa detectivesca y verdad
ILG1131,Fgh Pavese y Pasolini:Entre Absoluto y Negación,5,fgh pavese y pasolini:entre absoluto y negacion
ILG1181,Fgm Taller Comunic Intercultural,8,fgm taller comunic intercultural
ILG1260,Iniciación Literaria,4,iniciacion literaria
ILG1281,Fgh Taller de Comunicación Intercultural,8,fgh taller de comunicacion intercultural
ILG2531,Latín-Teología I,8,latin-teologia 1
ILG2532,Latín-Teología II,4,latin-teologia 2
ILH1110,Introducción a la Lingüística,10,introduccion a la linguistica
ILH1111,Gramática Española I,10,gramatica espanola 1
ILH1113,Gramática Española III (ILH1113),10,gramatica espanola 3 (ilh1113)
ILH1115,Fonética y Fonología Española (ILH1115),10,fonetica y fonologia espanola (ilh1115)
ILH1116,Lengua Latina (ILH1116),8,lengua latina (ilh1116)
ILH1117,Textos Latinos I (ILH1117),8,textos latinos 1 (ilh1117)
ILH1118,Textos Latinos II (ILH1118),8,textos latinos 2 (ilh1118)
ILH1119,Historia de la Lengua Española (ILH1119),8,historia de la lengua espanola (ilh1119)
ILH1120,Lingüística del Texto,8,linguistica del texto
ILH1121,Pragmática,8,pragmatica
ILH1122,Análisis del Discurso,10,analisis del discurso
ILH1123,Español de Chile,10,espanol de chile
ILH1210,Introducción a la Literatura (ILH1210),10,introduccion a la literatura (ilh1210)
ILH1211,Literatura General Antigua,10,literatura general antigua
ILH1212,Teoría Literaria I,10,teoria literaria 1
ILH1213,Teoría Literaria II (ILH1213),10,teoria literaria 2 (ilh1213)
ILH1214,Literatura General Medieval y Clásica,10,literatura general medieval y clasica
ILH1215,Literatura General Moderna y Contemporánea (ILH1215),10,literatura general moderna y contemporanea (ilh1215)
ILH1216,Análisis de Textos Literarios Hispanoamericanos,8,analisis de textos literarios hispanoamericanos
ILH1217,Narrativa Chilena e Hispanoamericana (ILH1217),10,narrativa chilena e hispanoamericana (ilh1217)
ILH1218,Teatro Chileno e Hispanoamericano (ILH1218),10,teatro chileno e hispanoamericano (ilh1218)
ILH1219,Poesia Chilena e Hispanoamericana (ILH1219),10,poesia chilena e hispanoamericana (ilh1219)
ILH1220,Ensayo Chileno e Hispanoamericano (ILH1220),8,ensayo chileno e hispanoamericano (ilh1220)
ILH1221,Literatura Española I (ILH1221),10,literatura espanola 1 (ilh1221)
ILH1222,Literatura Española II (ILH1222),10,literatura espanola 2 (ilh1222)
ILH1223,Literatura Española III (ILH1223),10,literatura espanola 3 (ilh1223)
ILH1315,Seminario (ILH1315),10,seminario (ilh1315)
ILI1710,Developing Linguistic Skills,10,developing linguistic skills
ILI1711,English Language I,10,english language 1
ILI1712,English Language II,10,english language 2
ILI1713,English Language III,10,english language 3
ILI1714,English Language IV,10,english language 4
ILI1715,Culture and Civilization,10,culture and civilization
ILI1720,General Linguistics,10,general linguistics
ILI1721,Applied Grammar I,10,applied grammar 1
ILI1722,Applied Grammar II,10,applied grammar 2
ILI1723,Applied Linguistics,8,applied linguistics
ILI1724,Synchronic Grammar I,8,synchronic grammar 1
ILI1725,Current Trends in Applied Linguistics,8,current trends in applied linguistics
ILI1726,Synchronic Grammar II,8,synchronic grammar 2
ILI1727,English Phonetics and Phonology I,10,english phonetics and phonology 1
ILI1728,English Phonetics and Phonology II,10,english phonetics and phonology 2
ILI1729,Discourse Analysis,8,discourse analysis
ILI1730,Textual Analysis and Production,8,textual analysis and production
ILI1731,Contrastive Analysis,8,contrastive analysis
ILI1741,Contemporary Literature Theory,10,contemporary literature theory
ILI1742,Approaches to Literature,8,approaches to literature
ILI1743,Literary Research Methods,8,literary research methods
ILI1744,Classical and Medieval Literature,10,classical and medieval literature
ILI1745,Drama,10,drama
ILI1746,The English Novel,8,the english novel
ILI1747,Short Story,8,short story
ILI1748,Contemporary Narrative,8,contemporary narrative
ILI1749,Shakespeare,8,shakespeare
ILI1750,Modern Contemporary Poetry,8,modern contemporary poetry
ILI1751,Essay,8,essay
ILL0001,Gtw Literatura Latinoamericana,10,gtw literatura latinoamericana
ILL001,Convenio Puc-Wisconsin,1,convenio puc-wisconsin
ILL002,Convenio Puc-Ites Monterrey,1,convenio puc-ites monterrey
ILL1117,Cb Lengua Alemana III,10,cb lengua alemana 3
ILL1119,Cb Lengua Alemana V,8,cb lengua alemana 5
ILL1164,Cb Composición Alemana IV,8,cb composicion alemana 4
ILL2055,Grandes Figuras Literatura Universal,8,grandes figuras literatura universal
ILL2056,Grandes Figuras de la Literatura Hispanoamericana,8,grandes figuras de la literatura hispanoamericana
ILL2057,Literatura Hispanoamericana Siglo XX,8,literatura hispanoamericana siglo xx
ILL2222,Cb Gramática Sincrónica Española II,8,cb gramatica sincronica espanola 2
ILL2223,Cb Gramática Sincrónica Española III,8,cb gramatica sincronica espanola 3
ILL2230,Cb Análisis Lingüístico,8,cb analisis linguistico
ILL2240,Cb Gramática Diacrónica Española,8,cb gramatica diacronica espanola
ILL2252,Cb Latín II,8,cb latin 2
ILL2253,Cb Latín III,8,cb latin 3
ILL2261,Cb Narrativa Chilena e Hispanoamericana I,8,cb narrativa chilena e hispanoamericana 1
ILL2262,Narrativa Chilena e Hispanoamericana II,8,narrativa chilena e hispanoamericana 2
ILL2353,Cb Literatura Española Clásica I,8,cb literatura espanola clasica 1
ILL2354,Cb Literatura Española Clásica II,8,cb literatura espanola clasica 2
ILL2356,Cb Literatura Española Moderna y Contemporánea II,8,cb literatura espanola moderna y contemporanea 2
ILL2470,Cb Análisis Lingüístico Contrastivo Fraces-Español,8,cb analisis linguistico contrastivo fraces-espanol
ILL2479,Cb Lit V: Le Xxeme Siecle,8,cb lit v: le xxeme siecle
ILO1004,Latín IV,8,latin 4
ILO1012,"Vargas Llosa, Novelista",8,"vargas llosa, novelista"
ILO1013,Teoría de América en Tres Novelistas,8,teoria de america en tres novelistas
ILO1014,América: Crónica y Novela,8,america: cronica y novela
ILO1015,Taller de Narrativa,8,taller de narrativa
ILO1016,Teatro: Teoría y Práctica,8,teatro: teoria y practica
ILO1017,From Fairy Tales to Real M...,8,from fairy tales to real m...
ILO1018,Ensayo Chileno e Hispano,8,ensayo chileno e hispano
ILO1020,"Cumbres Españolas: V Inclan, Cela, Ortega",8,"cumbres espanolas: 5 inclan, cela, ortega"
ILO1022,Taller de Poesia,8,taller de poesia
ILO1040,Terminología Relación Internacional,8,terminologia relacion internacional
ILO1041,Tipología de Textos Comerciales,8,tipologia de textos comerciales
ILO1043,Terminología y Traducción,8,terminologia y traduccion
ILO1044,Problemática Actual de Traducción,8,problematica actual de traduccion
ILO1101,Thomas Mann,8,thomas mann
ILO1105,Lengua Alemana V,8,lengua alemana 5
ILO1106,Lengua Alemana VI,8,lengua alemana 6
ILO1107,Lengua Alemana VII,8,lengua alemana 7
ILO1108,Lengua Alemana VIII,8,lengua alemana 8
ILO1231,Amor y Literatura,8,amor y literatura
ILO1233,Borges,8,borges
ILO1234,Descubrimiento y Conquista en la Novela,8,descubrimiento y conquista en la novela
ILO1235,Literatura Femenina,8,literatura femenina
ILO1405,Lengua Francesa V,8,lengua francesa 5
ILO1406,Lengua Francesa VI,8,lengua francesa 6
ILO1407,Lengua Francesa VII,8,lengua francesa 7
ILO1408,Lengua Francesa VIII,8,lengua francesa 8
ILO1432,Relations Humaines Dans Le Roman,8,relations humaines dans le roman
ILO1701,The Art of the Short Story,8,the art of the short story
ILO1702,Amer Literature and Painting,8,amer literature and painting
ILO1703,Lenguaje Perspectiva Pragmática,8,lenguaje perspectiva pragmatica
ILO1705,Lengua Inglesa V,8,lengua inglesa 5
ILO1706,Lengua Inglesa VI,8,lengua inglesa 6
ILO1707,Lengua Inglesa VII,8,lengua inglesa 7
ILO1708,Lengua Inglesa VIII,8,lengua inglesa 8
ILO1720,Análisis del Discurso (ILO1720),8,analisis del discurso (ilo1720)
ILO1733,Ts Eliot en Castelano,8,ts eliot en castelano
ILO1734,Bilinguismo y Lenguas en Contacto,8,bilinguismo y lenguas en contacto
ILO1735,Análisis Lingüístico de Texto,8,analisis linguistico de texto
ILO1736,Textos: Procesos Cognitivos,8,textos: procesos cognitivos
ILO1810,Lengua Italiana,8,lengua italiana
ILO1811,Lengua Italiana II,8,lengua italiana 2
ILO1812,Lengua y Cultura Italiana I,8,lengua y cultura italiana 1
ILO1813,Lengua y Cultura Italiana II,8,lengua y cultura italiana 2
ILO1814,Lexical Production,8,lexical production
ILO1815,Lengua y Cultura Italiana III,8,lengua y cultura italiana 3
ILO1816,Issues in Anglo Saxon Cultures,8,issues in anglo saxon cultures
ILO1817,Lengua y Cultura Alemana I,8,lengua y cultura alemana 1
ILO1818,Lengua y Cultura Alemana II,8,lengua y cultura alemana 2
ILO1819,Lengua y Cultura Francesa I,8,lengua y cultura francesa 1
ILO1820,Lengua y Cultura Francesa II,8,lengua y cultura francesa 2
ILO1825,Applied Psycholinguistics,8,applied psycholinguistics
ILO1826,Writers on Writing (Escritores y Escritura),8,writers on writing (escritores y escritura)
ILO1827,Crítica: la Novela Chilena del S Xxi,8,critica: la novela chilena del s xxi
ILO2001,Taller de Metrica Funcional,8,taller de metrica funcional
ILO2004,Griego I,8,griego 1
ILO2005,Griego II,8,griego 2
ILO2006,Griego III,8,griego 3
ILO2007,Griego IV,8,griego 4
ILO2012,Kafka,8,kafka
ILO2031,Nature in Lit and Painting,8,nature in lit and painting
ILO2208,Itinerario de Jose Donoso,8,itinerario de jose donoso
ILO2212,Análisis Sociolinguístico de la Variación,8,analisis sociolinguistico de la variacion
ILO2400,Estructura Texto Frances,8,estructura texto frances
ILO2457,Itineraire D A.Camus,8,itineraire d a.camus
ILO2458,Les Prix Nobel Franais,8,les prix nobel franais
ILO2701,Análisis Pragmatico Contractivo Español-Inglés,8,analisis pragmatico contractivo espanol-ingles
ILO2706,Cuento Corto Norteamericano,8,cuento corto norteamericano
ILO2708,C.S.Lewis (En Inglés),8,c.s.lewis (en ingles)
ILO2709,Narrativa Norteamericana Contemporánea (Castellano),8,narrativa norteamericana contemporanea (castellano)
ILO2711,Edgard Allan Poe (Inglés),8,edgard allan poe (ingles)
ILO2712,Cuento Corto Norteamericano (ILO2712),8,cuento corto norteamericano (ilo2712)
ILO2752,Análisis Ling de Textos Ingleses,8,analisis ling de textos ingleses
ILO2753,Poe:Reason and Imagination,8,poe:reason and imagination
ILO2757,Variaciones Fon. del Habla Inglesa,8,variaciones fon. del habla inglesa
ILO2758,Análisis Discursivo,8,analisis discursivo
ILO2800,Rilke y Eliot (Castellano),8,rilke y eliot (castellano)
ILO2801,Goethe y Schiller (Castellano),8,goethe y schiller (castellano)
ILO2802,Four Southern Woman Writers,8,four southern woman writers
ILO3001,Introd a la Psicoling,8,introd a la psicoling
ILO3002,Griego Etimologico,8,griego etimologico
ILO3003,Introducción a la Semiotica,8,introduccion a la semiotica
ILO3004,Introducción a la Sociolinguística,8,introduccion a la sociolinguistica
ILO3005,Español de Chile y América,8,espanol de chile y america
ILO3006,Griego Clásico,8,griego clasico
ILO3007,Latín para Textos,8,latin para textos
ILO3008,Lenguaje y Publicidad,8,lenguaje y publicidad
ILO3009,Análisis y Producción de Textos,8,analisis y produccion de textos
ILO3010,Latín para Textos II,8,latin para textos 2
ILO3011,Creatividad y Lenguaje,8,creatividad y lenguaje
ILO3012,Conectores Discursivos,8,conectores discursivos
ILO3013,Compr. Estrat. del Texto Escrit,8,compr. estrat. del texto escrit
ILO3014,Discurso Descriptivo,8,discurso descriptivo
ILO3017,Organizadores del Discurso,8,organizadores del discurso
ILO3018,Introducción a la Pragmática,8,introduccion a la pragmatica
ILO3019,Semantica del Enunciado,8,semantica del enunciado
ILO3020,Análisis del Discurso Político,8,analisis del discurso politico
ILO3021,"Estrategia, Discurso y Argumentación",8,"estrategia, discurso y argumentacion"
ILO3022,Semiotica,8,semiotica
ILO3023,Pragmática y Textualidades,8,pragmatica y textualidades
ILO3024,"Argumentación, Comunicación y Falacias",8,"argumentacion, comunicacion y falacias"
ILO3025,Literolinguística,8,literolinguistica
ILO3027,Dialogues in English and Spanish,8,dialogues in english and spanish
ILO3028,Español Como Segunda Lengua,8,espanol como segunda lengua
ILO3029,Lengua y Cultura Inglesa: Asia-Pacifico,8,lengua y cultura inglesa: asia-pacifico
ILO3030,Poetas Latinos,8,poetas latinos
ILO3031,Taller Textos Dramáticos,8,taller textos dramaticos
ILO3032,"Letters,Diaries and Biographies",8,"letters,diaries and biographies"
ILO3033,"Thomas Mann, Kafka, Hesse",8,"thomas mann, kafka, hesse"
ILO3034,Virginia Woolf:Narrativa y Ensayo,8,virginia woolf:narrativa y ensayo
ILO3035,Romantics and Victorians,8,romantics and victorians
ILO3036,Narradoras Chilenas e Hispanoamericanas,8,narradoras chilenas e hispanoamericanas
ILO3037,Novela Chilena y Ciudad,8,novela chilena y ciudad
ILO3038,Fantasy and the Fantastic,8,fantasy and the fantastic
ILO3039,Re-Reading Absurd,8,re-reading absurd
ILO3040,Vanguardias Hispanoamerican,8,vanguardias hispanoamerican
ILO3041,Narradores en la Literatura Universal,8,narradores en la literatura universal
ILO3042,Ensayo Hispanoamericano,8,ensayo hispanoamericano
ILO3043,Teatro del Absurdo,8,teatro del absurdo
ILO3044,Pirandello,8,pirandello
ILO3045,Taller de Cuento,8,taller de cuento
ILO3046,Teatro Siglo XVI y XVII,8,teatro siglo xvi y xvii
ILO3047,Ensayo en la Cultura Iberoamericana,8,ensayo en la cultura iberoamericana
ILO3048,"Dante,Bocaccio, Petrarca",8,"dante,bocaccio, petrarca"
ILO3049,"Literatura Japonesa: Hayku, Noh",8,"literatura japonesa: hayku, noh"
ILO3050,Realism and Theather,8,realism and theather
ILO3051,Crítica y Ensayo en Gabriela Mistral,8,critica y ensayo en gabriela mistral
ILO3052,Nietzsche y la Literatura del Siglo XX,8,nietzsche y la literatura del siglo xx
ILO3053,Romanticismo Italiano,8,romanticismo italiano
ILO3054,Narrativa Japonesa Contemporánea,8,narrativa japonesa contemporanea
ILO3055,Hemingway y Scott Fitzgerald,8,hemingway y scott fitzgerald
ILO3056,Estética de Gabriela Mistral,8,estetica de gabriela mistral
ILO3057,Análisis de Textos Literarios,8,analisis de textos literarios
ILO3058,Narrativa Detectivesca,8,narrativa detectivesca
ILO3059,Poesia y Narrativa Italiana Contemporánea,8,poesia y narrativa italiana contemporanea
ILO3060,Literatira Japonesa Tradicional,8,literatira japonesa tradicional
ILO3061,Terminología Tecnico-Industrial Inglés-Español,8,terminologia tecnico-industrial ingles-espanol
ILO3062,Interpret. Consecutiva,8,interpret. consecutiva
ILO3063,Cuento Ale. de Postguerra,8,cuento ale. de postguerra
ILO3064,Discurso Escrito Aleman,8,discurso escrito aleman
ILO3065,Discurso Escrito Frances,8,discurso escrito frances
ILO3066,Discurso Escrito Inglés,8,discurso escrito ingles
ILO3067,Civilización Inglesa y Norteamericana,8,civilizacion inglesa y norteamericana
ILO3068,Civilización Alemana,8,civilizacion alemana
ILO3070,Fonética Francesa,8,fonetica francesa
ILO3071,"Onu, Medio Ambiente y Desarrollo",8,"onu, medio ambiente y desarrollo"
ILO3072,Traducción Textos Dramáticos,8,traduccion textos dramaticos
ILO3073,Traducción de Ensayo y Crítica,8,traduccion de ensayo y critica
ILO3074,Terminología Control de Plagas,8,terminologia control de plagas
ILO3075,Terminología Tecnico Industrial,8,terminologia tecnico industrial
ILO3076,Terminología Médica Alemana,8,terminologia medica alemana
ILO3077,Seminario: Traducción Relaciones Intenacionales,8,seminario: traduccion relaciones intenacionales
ILO3078,Traducción Textos Financieros,8,traduccion textos financieros
ILO3079,Taller Análisis Textos Frances,8,taller analisis textos frances
ILO3080,Taller Análisis Textos Inglés,8,taller analisis textos ingles
ILO3081,Traducción y Cultura,8,traduccion y cultura
ILO3082,Terminología Minera en Inglés,8,terminologia minera en ingles
ILO3083,Traducción de Licitaciones,8,traduccion de licitaciones
ILO3084,Psicolinguística y Traducción,8,psicolinguistica y traduccion
ILO3085,Civilización Francesa,8,civilizacion francesa
ILO3086,Taller de Traducción Teatral,8,taller de traduccion teatral
ILO3087,Precis-Writing:Inglés-Español,8,precis-writing:ingles-espanol
ILO3088,Traducción a la Vista:Frances,8,traduccion a la vista:frances
ILO3089,Tipología Textual y Traducción,8,tipologia textual y traduccion
ILO3090,Fonética Inglesa,8,fonetica inglesa
ILO3091,Terminología Tecnico-Industrial en Aleman,8,terminologia tecnico-industrial en aleman
ILO3092,Hitos de la Cultura Anglosajona,8,hitos de la cultura anglosajona
ILO3093,Traducción de Textos Literatura Contemporánea,8,traduccion de textos literatura contemporanea
ILO3094,Terminología Tecnico- Cientifica Frances,8,terminologia tecnico- cientifica frances
ILO3095,Traducción a Primera Vista Inglés-Español,8,traduccion a primera vista ingles-espanol
ILO3096,Terminología Comercio Internacional Inglés,8,terminologia comercio internacional ingles
ILO3097,Terminología Médica Inglés,8,terminologia medica ingles
ILO3098,Iniciación a la Traducción,8,iniciacion a la traduccion
ILO3131,Géneros Literarios Comparados,8,generos literarios comparados
ILO3132,Viaje Mitico: Simbolismo y Literatura,8,viaje mitico: simbolismo y literatura
ILO3133,Grandes Dramaturgos,8,grandes dramaturgos
ILO3134,African-American Literature,8,african-american literature
ILO3135,Narrative and Cinema,8,narrative and cinema
ILO3136,Octavio Paz: Literatura y Cultura Latinoamericana,8,octavio paz: literatura y cultura latinoamericana
ILO3137,(Con)Textos de la Vanguardia,8,(con)textos de la vanguardia
ILO3138,Dante: Vida y Obra,8,dante: vida y obra
ILO3139,Intertextual.J.L.Borgues-U.Eco,8,intertextual.j.l.borgues-u.eco
ILO3141,Movimiento Literario,8,movimiento literario
ILO3142,Arte y Vanguardia,8,arte y vanguardia
ILO3143,De Petrarca a Maquiavello,8,de petrarca a maquiavello
ILO3144,Literatura y Cine Italiano Contemporáneo,8,literatura y cine italiano contemporaneo
ILO3145,Oscar Wilde,8,oscar wilde
ILO3146,"Borges,Cortazar, Emar",8,"borges,cortazar, emar"
ILO3147,Análisis Poetico,8,analisis poetico
ILO3148,La Novela Naturalista Hispanoamericana,8,la novela naturalista hispanoamericana
ILO3149,Teatro Chileno de Fin de Siglo,8,teatro chileno de fin de siglo
ILO3150,Est de Genero y Narrativa Chilena,8,est de genero y narrativa chilena
ILO3151,Renacimiento Italiano:Literatura y Artes,8,renacimiento italiano:literatura y artes
ILO3152,Hemingway-Woolf-Faulkner e Hisp,8,hemingway-woolf-faulkner e hisp
ILO3153,Grandes Escritoras Hispanoamericanas,8,grandes escritoras hispanoamericanas
ILO3154,Tradición y Ruptura en Siglo XX,8,tradicion y ruptura en siglo xx
ILO3155,"Autobiografias, Biografias, Diarios",8,"autobiografias, biografias, diarios"
ILO3156,El Mito de Don Juan,8,el mito de don juan
ILO3157,El 900 en la Cultura Italiana: Literatura,8,el 900 en la cultura italiana: literatura
ILO3158,Poesia Irlandesa e Inglesa Siglo XX,8,poesia irlandesa e inglesa siglo xx
ILO3159,La Astucia en Literatura,8,la astucia en literatura
ILO3160,Pensamiento Poetico del Siglo XX,8,pensamiento poetico del siglo xx
ILO3161,Erotismo y Amor en la Literatura,8,erotismo y amor en la literatura
ILO3162,La Construcción del Otro en Literatura,8,la construccion del otro en literatura
ILO3163,XXth Century Great Dramatists,8,xxth century great dramatists
ILO3164,El Deseo de Absoluto en el Arte,8,el deseo de absoluto en el arte
ILO3165,Los Grandes del Renacimiento,8,los grandes del renacimiento
ILO3166,Poesia Femenina,8,poesia femenina
ILO3167,Literatura Chilena: Voces (In) Migrantes,8,literatura chilena: voces (in) migrantes
ILO3168,Taller: Guiones Dramáticos para Tv,8,taller: guiones dramaticos para tv
ILO3169,Relato Chileno: Nomadismos,8,relato chileno: nomadismos
ILO3170,Literatura Italiana I,10,literatura italiana 1
ILO3172,Literatura Italiana II,10,literatura italiana 2
ILO3175,Pablo Neruda 1936-1956,8,pablo neruda 1936-1956
ILO3176,Taller de Dramaturgia I,8,taller de dramaturgia 1
ILO3177,Escrituras Contemporaneas en la Dramaturgia,8,escrituras contemporaneas en la dramaturgia
ILO3178,Virginia Woolf,8,virginia woolf
ILO3179,Leonardo Versus Miguel Angel,8,leonardo versus miguel angel
ILO3180,Literatura Comparada: Principios y Práctica,8,literatura comparada: principios y practica
ILO3200,Diálogos Intercultura en Español,8,dialogos intercultura en espanol
ILO3201,Edición de Textos,8,edicion de textos
ILO3202,"Discussing Women, Men Politenes",8,"discussing women, men politenes"
ILO3203,Lenguaje Figurativo:La Ironia,8,lenguaje figurativo:la ironia
ILO3204,Argumentación y Retorica,8,argumentacion y retorica
ILO3205,Lexical Semantics,8,lexical semantics
ILO3206,Comunicación y Nuevos Formatos,8,comunicacion y nuevos formatos
ILO3207,Lengua y Cultura Quechua I,8,lengua y cultura quechua 1
ILO3208,Lengua y Cultura Quechua I (ILO3208),8,lengua y cultura quechua 1 (ilo3208)
ILO3209,Lengua y Cultura Quechua II,8,lengua y cultura quechua 2
ILO3210,Introducción a la Lexicografía Contemporánea,8,introduccion a la lexicografia contemporanea
ILO3211,Lingüística Generativa Tranformacional,8,linguistica generativa tranformacional
ILO3212,Lingüística y Poética Popular,8,linguistica y poetica popular
ILO3213,"Discourse, Metaphor and Internet",8,"discourse, metaphor and internet"
ILO3214,Concepción del Lenguaje en Textos Poeticos,8,concepcion del lenguaje en textos poeticos
ILO3300,Poética y Lingüística: Un Diálogo,8,poetica y linguistica: un dialogo
ILO3302,Effective Writing,8,effective writing
ILO3303,English At Primary School,8,english at primary school
ILO3304,Mentiras - Ironias - Parodias Latinoamericanas,8,mentiras - ironias - parodias latinoamericanas
ILO3305,Cortesia en el Español de Chile,8,cortesia en el espanol de chile
ILO3306,Semiotica: Cine y Literatura,8,semiotica: cine y literatura
ILO3307,Discurso: Estructura de la Información,8,discurso: estructura de la informacion
ILP2000,Estrategias de Lectura,10,estrategias de lectura
ILS1110,Aleman Instrumental (Filosofía),10,aleman instrumental (filosofia)
ILS1200,Castellano Escrito,8,castellano escrito
ILS1201,Castellano Instrumental,8,castellano instrumental
ILS1220,Gramática Española (ILS1220),8,gramatica espanola (ils1220)
ILS1260,Iniciación Literaria (ILS1260),8,iniciacion literaria (ils1260)
ILS1301,Latín-Filosofía I,8,latin-filosofia 1
ILS1302,Latín-Filosofía II,8,latin-filosofia 2
ILS1303,Latín-Filosofía III,8,latin-filosofia 3
ILS1304,Latín Filosofía IV,8,latin filosofia 4
ILS1305,Griego-Filosofía I,8,griego-filosofia 1
ILS1306,Griego-Filosofía II,8,griego-filosofia 2
ILS1307,Griego-Filosofía III,8,griego-filosofia 3
ILS1308,Griego-Filosofía IV,8,griego-filosofia 4
ILS1321,Latín-Filosofía I (ILS1321),10,latin-filosofia 1 (ils1321)
ILS1322,Latín-Filosofía II (ILS1322),10,latin-filosofia 2 (ils1322)
ILS1323,Latín-Filosofía III (ILS1323),10,latin-filosofia 3 (ils1323)
ILS1324,Latín-Filosofía IV,10,latin-filosofia 4
ILS1325,Griego Filosofía I,10,griego filosofia 1
ILS1326,Griego-Filosofía II (ILS1326),10,griego-filosofia 2 (ils1326)
ILS1327,Griego-Filosofía III (ILS1327),10,griego-filosofia 3 (ils1327)
ILS1328,Griego-Filosofía IV (ILS1328),10,griego-filosofia 4 (ils1328)
ILS150P,Lengua Española,8,lengua espanola
ILS151P,Lengua Española (ILS151P),10,lengua espanola (ils151p)
ILS2000,Literatura y Fe,8,literatura y fe
ILT3010,El Discurso Informativo,8,el discurso informativo
ILT3011,Teoría de la Traducción,8,teoria de la traduccion
ILT3012,Comprensión Lectora de Textos,4,comprension lectora de textos
ILT3013,Taller Traducción de Textos de Ciencias Físicas y Matemáticas I y Sus Aplicaciones,10,taller traduccion de textos de ciencias fisicas y matematicas 1 y sus aplicaciones
ILT3014,Taller Traducción de Textos de Ciencias Biologicas y Naturales I y Sus Aplicaciones,10,taller traduccion de textos de ciencias biologicas y naturales 1 y sus aplicaciones
ILT3015,Taller Traducción de Textos de Ciencias Sociales I y Sus Aplicaciones,10,taller traduccion de textos de ciencias sociales 1 y sus aplicaciones
ILT3016,Revisión y Edición de Textos,8,revision y edicion de textos
ILT3017,Terminología,8,terminologia
ILT3018,Estilística Comparada Inglés-Español,8,estilistica comparada ingles-espanol
ILT3019,Taller Traducción de Textos de Ciencias Físicas y Matemáticas II y Sus Aplicaciones,10,taller traduccion de textos de ciencias fisicas y matematicas 2 y sus aplicaciones
ILT3020,Taller Traducción de Textos de Ciencias Biologicas y Naturales II y Sus Aplicaciones,10,taller traduccion de textos de ciencias biologicas y naturales 2 y sus aplicaciones
ILT3021,Taller Traducción de Textos de Ciencias Sociales II y Sus Aplicaciones,10,taller traduccion de textos de ciencias sociales 2 y sus aplicaciones
ILU1710,Inglés Agronomía,0,ingles agronomia
ILU1750,Inglés Historia Geografía Derecho,0,ingles historia geografia derecho
ILU1761,Inglés-Arte,0,ingles-arte
ILU1762,Inglés-Humanidades,0,ingles-humanidades
ILU1770,Inglés Ingeniería y Construcción Civil,0,ingles ingenieria y construccion civil
ILU1780,Inglés Medicina y Ciencias Biologicas,0,ingles medicina y ciencias biologicas
IMA2504,Taller Computacional de Ecuaciones Diferenciales Parciales,0,taller computacional de ecuaciones diferenciales parciales
IMM0020,Investigación o Proyecto (IMM0020),20,investigacion o proyecto (imm0020)
IMM1000,Introducción a la Minería,10,introduccion a la mineria
IMM1003,Introducción a la Minería (IMM1003),10,introduccion a la mineria (imm1003)
IMM2000,Geología Minera,10,geologia minera
IMM2003,Geología Minera (IMM2003),10,geologia minera (imm2003)
IMM2013,Minería a Cielo Abierto,10,mineria a cielo abierto
IMM2023,Procesos Mineralúrgicos,10,procesos mineralurgicos
IMM2033,Geoestadística,10,geoestadistica
IMM2043,Minería Subterránea,10,mineria subterranea
IMM2053,Procesos Metalúrgicos,10,procesos metalurgicos
IMM2063,Procesos Mineralúrgicos y Metalúrgicos,10,procesos mineralurgicos y metalurgicos
IMM2073,Minería Sustentable,10,mineria sustentable
IMM2075,Excelencia Operacional Aplicada a la Minería,5,excelencia operacional aplicada a la mineria
IMM2083,Mecánica de Rocas para Minería,10,mecanica de rocas para mineria
IMM2103,Gestión Ambiental,10,gestion ambiental
IMM2200,Competencias para la Vida y el Trabajo en Minería,10,competencias para la vida y el trabajo en mineria
IMM2213,Fundamentos de la Economía de Minerales,10,fundamentos de la economia de minerales
IMM2370,Ventilación de Minas,10,ventilacion de minas
IMM2403,Proyecto Minero (Capstone),10,proyecto minero (capstone)
IMM2500,Perforación y Tronadura,10,perforacion y tronadura
IMM2503,Perforación y Tronadura (IMM2503),10,perforacion y tronadura (imm2503)
IMM2521,Tecnologías Mineras,10,tecnologias mineras
IMM2583,Taller de Planificación Minera (Capstone),10,taller de planificacion minera (capstone)
IMM2600,Aplicaciones Computacionales en Minería,10,aplicaciones computacionales en mineria
IMM2650,Métodos Matemáticos Aplicados a la Ingeniería,10,metodos matematicos aplicados a la ingenieria
IMM2660,Métodos Matemáticos Aplicados a Ingeniería II,10,metodos matematicos aplicados a ingenieria 2
IMM2700,Gestión de Activos Fisicos,10,gestion de activos fisicos
IMM2803,Seguridad Minera e Higiene Industrial,10,seguridad minera e higiene industrial
IMM2895,Minería Block Caving y sus Variantes,5,mineria block caving y sus variantes
IMM2972,Trabajo Personal Dirigido (IMM2972),5,trabajo personal dirigido (imm2972)
IMM2973,Trabajo Personal Dirigido (IMM2973),5,trabajo personal dirigido (imm2973)
IMM2985,Investigación o Proyecto (IMM2985),10,investigacion o proyecto (imm2985)
IMM2986,Investigación o Proyecto (IMM2986),10,investigacion o proyecto (imm2986)
IMM2987,Investigación o Proyecto (IMM2987),10,investigacion o proyecto (imm2987)
IMM2988,Investigación o Proyecto (Optativo de Titulación) (IMM2988),10,investigacion o proyecto (optativo de titulacion) (imm2988)
IMT0020,Investigación o Proyecto (IMT0020),20,investigacion o proyecto (imt0020)
IMT1001,Introducción a la Ingeniería Matemática,10,introduccion a la ingenieria matematica
IMT2000,"Ciencia de Datos: Qué, Como y Por Qué",10,"ciencia de datos: que, como y por que"
IMT2100,Aplicaciones de Análisis Funcional y Ecuaciones Diferenciales Parciales en Ingeniería,10,aplicaciones de analisis funcional y ecuaciones diferenciales parciales en ingenieria
IMT2111,Álgebra Lineal Numérica,10,algebra lineal numerica
IMT2112,Algoritmos Paralelos en Computación Cientifica,10,algoritmos paralelos en computacion cientifica
IMT2113,Análisis de Fourier Aplicado,10,analisis de fourier aplicado
IMT2115,Control de Sistemas Lineales,10,control de sistemas lineales
IMT2116,Taller de Matemáticas Aplicadas (Capstone),10,taller de matematicas aplicadas (capstone)
IMT2117,Probabilidades y Algoritmos,10,probabilidades y algoritmos
IMT2118,Ciencia de Datos Geoespaciales,10,ciencia de datos geoespaciales
IMT2119,Fundamentos de la Ingeniería Matemática y Computacional,10,fundamentos de la ingenieria matematica y computacional
IMT2120,Data Warehousing Transaccional y la Nube,10,data warehousing transaccional y la nube
IMT2200,Introducción a la Ciencia de Datos,10,introduccion a la ciencia de datos
IMT2210,Álgebra Lineal para Ciencia de Datos,10,algebra lineal para ciencia de datos
IMT2220,Cálculo para Ciencia de Datos,10,calculo para ciencia de datos
IMT2230,Álgebra Lineal Avanzada y Modelamiento,10,algebra lineal avanzada y modelamiento
IMT2240,Ciencia de Datos Responsable,10,ciencia de datos responsable
IMT2250,Optimización para Ciencia de Datos,10,optimizacion para ciencia de datos
IMT2260,Teoría de Aprendizaje Automático,10,teoria de aprendizaje automatico
IMT2270,Proyecto Final de Grado,10,proyecto final de grado
IMT2271,Práctica Profesional en Ciencia de Datos,10,practica profesional en ciencia de datos
IMT2310,Álgebra Abstracta y Aplicaciones,10,algebra abstracta y aplicaciones
IMT2565,Optimización Combinatorial,10,optimizacion combinatorial
IMT2972,Trabajo Personal Dirigido (IMT2972),5,trabajo personal dirigido (imt2972)
IMT2981,Trabajo Personal Dirigido (IMT2981),5,trabajo personal dirigido (imt2981)
IMT2985,Investigación o Proyecto (IMT2985),10,investigacion o proyecto (imt2985)
IMT2986,Investigación o Proyecto (IMT2986),10,investigacion o proyecto (imt2986)
IMT2987,Investigación o Proyecto (IMT2987),10,investigacion o proyecto (imt2987)
IMT2988,Investigación o Proyecto (Optativo de Titulación) (IMT2988),10,investigacion o proyecto (optativo de titulacion) (imt2988)
IND048,Mención Química Industrial,0,mencion quimica industrial
ING0001,Curso Optativo de Ciencias,10,curso optativo de ciencias
ING0002,Curso de Matemáticas Aplicada,10,curso de matematicas aplicada
ING001M,Evaluación de Entrada de Precálculo y Álgebra,0,evaluacion de entrada de precalculo y algebra
ING0600,Trabajo Personal Dirigido (ING0600),5,trabajo personal dirigido (ing0600)
ING0601,Trabajo Personal Dirigido (ING0601),5,trabajo personal dirigido (ing0601)
ING0700,Investigación o Proyecto (ING0700),10,investigacion o proyecto (ing0700)
ING0701,Investigación o Proyecto (ING0701),10,investigacion o proyecto (ing0701)
ING0800,Investigación o Proyecto (ING0800),20,investigacion o proyecto (ing0800)
ING0900,Pasantia de Investigación,10,pasantia de investigacion
ING0901,Pasantia de Investigación Nacional,10,pasantia de investigacion nacional
ING0902,Pasantia de Investigación en el Extranjero,10,pasantia de investigacion en el extranjero
ING0903,Pasantia de Investigación en Empresa,10,pasantia de investigacion en empresa
ING0904,Iniciativas de Investigación Estudiantiles,10,iniciativas de investigacion estudiantiles
ING0905,Cmd Iniciativas de Investigación en Pregrado,10,cmd iniciativas de investigacion en pregrado
ING0906,Cmd Investigación o Proyecto Interdisciplinario,10,cmd investigacion o proyecto interdisciplinario
ING0907,Investigación en Pregrado UC Propone Ingeniería,10,investigacion en pregrado uc propone ingenieria
ING0908,UC Propone: Investigación Aplicada en Ciencias y Tecnología (ING0908),10,uc propone: investigacion aplicada en ciencias y tecnologia (ing0908)
ING0911,Pasantia de Investigación Nacional (ING0911),10,pasantia de investigacion nacional (ing0911)
ING0912,Pasantia de Investigación en el Extranjero (ING0912),10,pasantia de investigacion en el extranjero (ing0912)
ING0913,Pasantia de Investigación en Empresa (ING0913),10,pasantia de investigacion en empresa (ing0913)
ING0914,Iniciativas de Investigación Estudiantiles (ING0914),10,iniciativas de investigacion estudiantiles (ing0914)
ING0915,Cmd Iniciativas de Investigación en Pregrado (ING0915),10,cmd iniciativas de investigacion en pregrado (ing0915)
ING0916,Cmd Investigación o Proyecto Interdisciplinario (ING0916),10,cmd investigacion o proyecto interdisciplinario (ing0916)
ING1001,Práctica I,0,practica 1
ING1004,Desafíos de la Ingeniería,10,desafios de la ingenieria
ING1011,Orientaciones Generales para la Práctica I,0,orientaciones generales para la practica 1
ING101G,UC-Lab: Soluciones Creativas Para Desafíos de la Humanidad,10,uc-lab: soluciones creativas para desafios de la humanidad
ING1024,Propiedades y Resistencia de Materiales,10,propiedades y resistencia de materiales
ING102G,Maravillas Tecnologicas de la Vida Cotidiana,10,maravillas tecnologicas de la vida cotidiana
ING1100,Taller de Habitos y Estrategias de Estudio (ING1100),5,taller de habitos y estrategias de estudio (ing1100)
ING1110,Taller de Habitos y Estrategias de Estudio (ING1110),0,taller de habitos y estrategias de estudio (ing1110)
ING1111,Introducción al Aprendizaje Universitario,0,introduccion al aprendizaje universitario
ING1500,Examen de Título,0,examen de titulo
ING2001,Práctica II (ING2001),0,practica 2 (ing2001)
ING2004,Dilab - Laboratorio Diseño en Ingeniería y Sistemas,10,dilab - laboratorio diseno en ingenieria y sistemas
ING2005,Taller de Empleabilidad,0,taller de empleabilidad
ING2010,Gestión del Deporte,10,gestion del deporte
ING2013,Comunicación Profesional,10,comunicacion profesional
ING2015,Antro-Diseño (ING2015),10,antro-diseno (ing2015)
ING2020,Tecnología y Sociedad,10,tecnologia y sociedad
ING2021,Necesidades y Oportunidades,10,necesidades y oportunidades
ING2022,Taller de Innovación (Capstone),10,taller de innovacion (capstone)
ING2025,"Tecnología, Emprendimiento y Diseño (ING2025)",10,"tecnologia, emprendimiento y diseno (ing2025)"
ING2030,"Investigación, Innovación y Emprendimiento",10,"investigacion, innovacion y emprendimiento"
ING2031,Vigilancia Tecnologica e Inteligencia Competitiva,5,vigilancia tecnologica e inteligencia competitiva
ING2040,CMD Emprendimiento Social y Empresas B,10,cmd emprendimiento social y empresas b
ING2045,Introducción a la Sustentabilidad,10,introduccion a la sustentabilidad
ING2050,Desarrollo y Aplicaciones de Sistemas Aereos No Tripulados,10,desarrollo y aplicaciones de sistemas aereos no tripulados
ING2055,Análisis y Aplicación de Observaciones Geoespaciales,10,analisis y aplicacion de observaciones geoespaciales
ING2062,Convenio Duoc UC-Ingeniería,10,convenio duoc uc-ingenieria
ING2983,"Diseño Colaborativo en AIC (Arquitectura, Ingeniería y Construcción) (Capstone)",10,"diseno colaborativo en aic (arquitectura, ingenieria y construccion) (capstone)"
ING2985,Curso de Reposición Ingeniería,10,curso de reposicion ingenieria
ING2986,Curso de Reposición Ingeniería (ING2986),20,curso de reposicion ingenieria (ing2986)
ING2994,Investigación o Proyecto (ING2994),10,investigacion o proyecto (ing2994)
INS1100,Perfeccionamiento de Redacción Nivel Superior,5,perfeccionamiento de redaccion nivel superior
INS1101,Español Interconvenio Nivel Superior,8,espanol interconvenio nivel superior
INS1102,Perfeccionamiento en Español Escrito,5,perfeccionamiento en espanol escrito
IPP1000,Práctica Preprofesional I,0,practica preprofesional 1
IPP2000,Práctica Preprofesional II,0,practica preprofesional 2
IRB0600,Trabajo Personal Dirigido (IRB0600),5,trabajo personal dirigido (irb0600)
IRB0601,Trabajo Personal Dirigido (IRB0601),5,trabajo personal dirigido (irb0601)
IRB0700,Investigación o Proyecto (IRB0700),10,investigacion o proyecto (irb0700)
IRB0701,Investigación o Proyecto (IRB0701),10,investigacion o proyecto (irb0701)
IRB1001,Introducción a la Robótica,10,introduccion a la robotica
IRB1010,Introducción Exploratoria a la Robótica,10,introduccion exploratoria a la robotica
IRB2001,Fundamentos de Robótica,10,fundamentos de robotica
IRB2002,Diseño de Sistemas Roboticos (Capstone),10,diseno de sistemas roboticos (capstone)
IXP0308,"Rr. II. en el Sudeste de Asia: Actores, Relaciones y Temas Relevantes",10,"rr. ii. en el sudeste de asia: actores, relaciones y temas relevantes"
KIN101,Introducción a la Kinesiología,5,introduccion a la kinesiologia
KIN102,Morfología de Sistemas,10,morfologia de sistemas
KIN103,Prevención de Lesiones Asociadas a la Actividad Física y el Deporte,10,prevencion de lesiones asociadas a la actividad fisica y el deporte
KIN104,Fundamentos Fisiológicos de la Actividad Física,10,fundamentos fisiologicos de la actividad fisica
KIN105,Ejercicio para una Vida Saludable y Plena,10,ejercicio para una vida saludable y plena
KIN106,Prevención de Lesiones Asociadas a la Actividad Física y Deporte,10,prevencion de lesiones asociadas a la actividad fisica y deporte
KIN107,De Computadores y Seres Humanos,10,de computadores y seres humanos
KIN202,Ciclo Vital,10,ciclo vital
KIN203,Fisiología Clínica del Ejercicio,5,fisiologia clinica del ejercicio
KIN204,Análisis del Movimiento,10,analisis del movimiento
KIN206,Fundamentos para el Estudio de la Motricidad Humana,10,fundamentos para el estudio de la motricidad humana
KIN207,Bases de la Comunicación y Entrevista Clínica,5,bases de la comunicacion y entrevista clinica
KIN208,Neurociencias del Movimiento Humano,5,neurociencias del movimiento humano
KIN210,Patología,15,patologia
KIN301,Patología Músculo Esquelética Cardiorespiratorio y Neurologica,15,patologia musculo esqueletica cardiorespiratorio y neurologica
KIN302,Bases de la Evaluación Clínica,10,bases de la evaluacion clinica
KIN303,Bases de Movimiento Terapeutico,10,bases de movimiento terapeutico
KIN304,Técnicas de Evaluación Cardiorespiratoria,10,tecnicas de evaluacion cardiorespiratoria
KIN304A,Evaluación en Kinesiología Cardiorrespiratoria,10,evaluacion en kinesiologia cardiorrespiratoria
KIN305,Técnicas de Evaluación Neurologica,10,tecnicas de evaluacion neurologica
KIN305A,Evaluación en Kinesiología Neurologica,10,evaluacion en kinesiologia neurologica
KIN305B,Evaluación en Neurokinesiología,10,evaluacion en neurokinesiologia
KIN306,Técnicas de la Evaluación Motora,10,tecnicas de la evaluacion motora
KIN306A,Evaluación en Kinesiología Motora,10,evaluacion en kinesiologia motora
KIN306B,Evaluación en Kinesiología Musculoesquelética,10,evaluacion en kinesiologia musculoesqueletica
KIN307,Neuromecánica Aplicada al Movimiento Humano,10,neuromecanica aplicada al movimiento humano
KIN308,Prevención de Lesiones en la Actividad Física Escolar,5,prevencion de lesiones en la actividad fisica escolar
KIN311,Kinesiología Basada en la Evidencia,5,kinesiologia basada en la evidencia
KIN312,Atención Primaria en Salud,5,atencion primaria en salud
KIN313,Razonamiento Clínico y Fundamentos de la Evaluación,10,razonamiento clinico y fundamentos de la evaluacion
KIN320,Kinesiología en Dolor Músculo-Esquelético Persistente,5,kinesiologia en dolor musculo-esqueletico persistente
KIN321,Planificación del Ejercicio y Entrenamiento Fisico en Salud y Deporte,5,planificacion del ejercicio y entrenamiento fisico en salud y deporte
KIN322,Psicomotricidad y Desarrollo Psicomotor,5,psicomotricidad y desarrollo psicomotor
KIN323,Kinesiología en Geriatria,5,kinesiologia en geriatria
KIN324A,Planificación del Ejercicio y Entrenamiento Fisico en Salud,5,planificacion del ejercicio y entrenamiento fisico en salud
KIN401,Kinesiterapia Cardiorespiratorio I,10,kinesiterapia cardiorespiratorio 1
KIN401A,Kinesiología Cardiorrespiratoria I,10,kinesiologia cardiorrespiratoria 1
KIN402,Kinesiterapia Neurologica I,10,kinesiterapia neurologica 1
KIN402A,Intervención en Neurokinesiología I,10,intervencion en neurokinesiologia 1
KIN403,Kinesiterapia Motora I,10,kinesiterapia motora 1
KIN403A,Kinesiología Musculoesquelética I,10,kinesiologia musculoesqueletica 1
KIN404,Kinesiterapia Cardiorespiratorio II,10,kinesiterapia cardiorespiratorio 2
KIN404A,Kinesiología Cardiorrespiratoria II,10,kinesiologia cardiorrespiratoria 2
KIN405,Kinesiterapia Neurologica II,10,kinesiterapia neurologica 2
KIN405A,Intervención en Neurokinesiología II,10,intervencion en neurokinesiologia 2
KIN407,Kinesiterapia Motora II,10,kinesiterapia motora 2
KIN407A,Kinesiología Musculoesquelética II,10,kinesiologia musculoesqueletica 2
KIN408,Kinesiología en Especialidades,10,kinesiologia en especialidades
KIN409,Unidad de Investigación en Kinesiología,10,unidad de investigacion en kinesiologia
KIN409A,Investigación en Kinesiología II,5,investigacion en kinesiologia 2
KIN410A,Evaluación de la Investigación Aplicada,5,evaluacion de la investigacion aplicada
KIN410B,Investigación en Kinesiología I,5,investigacion en kinesiologia 1
KIN411,Rehabilitación Basada en la Comunidad,5,rehabilitacion basada en la comunidad
KIN420,Kinesiología en Personas con Diagnóstico de Cancer,5,kinesiologia en personas con diagnostico de cancer
KIN421,Kinesiología Deportiva,5,kinesiologia deportiva
KIN422,Kinesiología Cardiorespiratoria para Poblaciones Pediatricas Especificas,5,kinesiologia cardiorespiratoria para poblaciones pediatricas especificas
KIN501A,Internado Kinesiología Motora I,15,internado kinesiologia motora 1
KIN501B,Internado en Kinesiología Musculoesquelética,15,internado en kinesiologia musculoesqueletica
KIN502A,Internado Cardiorespiratorio Adulto,15,internado cardiorespiratorio adulto
KIN502B,Internado Kinesiología Cardiorrespiratoria Adulto,15,internado kinesiologia cardiorrespiratoria adulto
KIN503A,Internado Kinesiología Motora II,15,internado kinesiologia motora 2
KIN503B,Internado en Kinesiología Musculoesquelética Aplicada,15,internado en kinesiologia musculoesqueletica aplicada
KIN504A,Internado Cardiorespiratorio Infantil,15,internado cardiorespiratorio infantil
KIN504B,Internado Kinesiología Cardiorrespiratoria Infantil,20,internado kinesiologia cardiorrespiratoria infantil
KIN505A,Internado Neurología Adulto,15,internado neurologia adulto
KIN505B,Internado en Neurokinesiología del Adulto,15,internado en neurokinesiologia del adulto
KIN506,Internado Neurología Infantil,15,internado neurologia infantil
KIN506A,Internado en Neurokinesiología Infantil,20,internado en neurokinesiologia infantil
KIN507,Internado Optativo,10,internado optativo
LCS540,Ética y Estética Audiovisual,10,etica y estetica audiovisual
LCS630,Seminario II Restrospectiva Audiovisual,8,seminario 2 restrospectiva audiovisual
LCS670,Taller Programa T.V,12,taller programa t.v
LCS770,Taller Documental,12,taller documental
LCS830,Seminario II Nuevas Tendencias Audiovisuales,8,seminario 2 nuevas tendencias audiovisuales
LCS850,Taller de Relatos Audiovisuales,8,taller de relatos audiovisuales
LCS860,Creación y Desarrollo de Proyectos Audiovisuales,8,creacion y desarrollo de proyectos audiovisuales
LET0003,Desarrollo de Habilidades Comunicativas para Ingenieros,10,desarrollo de habilidades comunicativas para ingenieros
LET0004,Desarrollo de las Habilidades Comunicativas para Biologos,10,desarrollo de las habilidades comunicativas para biologos
LET0005,Desarrollo de Habilidades Comunicativas para Estudiantes College,10,desarrollo de habilidades comunicativas para estudiantes college
LET0006,Desarrollo de Habilidades Comunicativas para Estudiantes de Filosofía,10,desarrollo de habilidades comunicativas para estudiantes de filosofia
LET0007,Desarrollo de Habilidades Comunicativas para Abogados,10,desarrollo de habilidades comunicativas para abogados
LET0008,Habilidades Comunicativas: Ciencias Naturales y Matemáticas (College UC),10,habilidades comunicativas: ciencias naturales y matematicas (college uc)
LET0009,Habilidades Comunicativas: Ciencias Sociales (College UC),10,habilidades comunicativas: ciencias sociales (college uc)
LET0010,Habilidades Comunicativas para Estadísticos,10,habilidades comunicativas para estadisticos
LET0011,Introducción a las Habilidades Comunicativas en Teología,5,introduccion a las habilidades comunicativas en teologia
LET0012,Habilidades Comunicativas en Teología,5,habilidades comunicativas en teologia
LET001A,Aleman I,10,aleman 1
LET001B,Fundamentos Linguisticos,10,fundamentos linguisticos
LET001E,Lengua y Cultura Quechua I (LET001E),10,lengua y cultura quechua 1 (let001e)
LET001I,English At Primary School (LET001I),8,english at primary school (let001i)
LET001S,Desarrollo de Habilidades Comunicativas Escritas,10,desarrollo de habilidades comunicativas escritas
LET002B,Oralidad y Desarrollo Semiótico Infantil,10,oralidad y desarrollo semiotico infantil
LET002E,Lengua y Cultura Quechua II (LET002E),10,lengua y cultura quechua 2 (let002e)
LET002F,Morfosintaxis del Español,10,morfosintaxis del espanol
LET002I,Socioeconomic Changes (Four Decades),8,socioeconomic changes (four decades)
LET003B,Elementos de Gramática Española,10,elementos de gramatica espanola
LET003E,Lengua y Cultura Vasca I,10,lengua y cultura vasca 1
LET003F,"Fonética, Fonología y Fonoaudiología",10,"fonetica, fonologia y fonoaudiologia"
LET003G,Preguntas Fundamentales Acerca del Lenguaje Humano,10,preguntas fundamentales acerca del lenguaje humano
LET003I,Literature for Children,8,literature for children
LET004B,Gramática para la Competencia Comunicativa,10,gramatica para la competencia comunicativa
LET004E,Lengua y Cultura Vasca II,10,lengua y cultura vasca 2
LET004G,La Cultura Quechua,10,la cultura quechua
LET004I,Dickens: 19th Century Phenomenon,8,dickens: 19th century phenomenon
LET005E,Ironia y Literatura,10,ironia y literatura
LET005F,Semantica y Pragmática,5,semantica y pragmatica
LET005I,The Once and Future King,10,the once and future king
LET006E,Lengua y Cultura Italiana I (LET006E),10,lengua y cultura italiana 1 (let006e)
LET006I,Leaders Whose Words Lead Us,10,leaders whose words lead us
LET007E,Lengua y Cultura Italiana II (LET007E),10,lengua y cultura italiana 2 (let007e)
LET007I,English for Small Children,10,english for small children
LET008E,Discurso y Pobreza,10,discurso y pobreza
LET008I,New Trends in Historical Fiction,10,new trends in historical fiction
LET009E,Aleman Instrumental II (Filosofía),10,aleman instrumental 2 (filosofia)
LET009I,Children's Literature,10,children's literature
LET010E,Español de América,10,espanol de america
LET010I,Conflicts and Society,10,conflicts and society
LET011E,Introducción a la Semiotica (LET011E),10,introduccion a la semiotica (let011e)
LET011F,Fundamentos Linguisticos para Fonoaudiología,5,fundamentos linguisticos para fonoaudiologia
LET011I,Changes of the Xxth C,10,changes of the xxth c
LET012E,Introducción a la Gramática Generativa Transformacional,10,introduccion a la gramatica generativa transformacional
LET012I,Chicano Narrative (Narrativa Chicana),10,chicano narrative (narrativa chicana)
LET013E,Lenguaje y Desarrollo Cognitivo,10,lenguaje y desarrollo cognitivo
LET013F,Fonética y Fonología,10,fonetica y fonologia
LET013I,Introduction to Action Research,10,introduction to action research
LET014E,Representaciones Discursivas y Sociedad,10,representaciones discursivas y sociedad
LET015E,Argumentación y Comunicación,10,argumentacion y comunicacion
LET015I,Introduction to North American Folklore,10,introduction to north american folklore
LET016E,Traducción y Terminología de las Ciencias Sociales,10,traduccion y terminologia de las ciencias sociales
LET016I,Creative Writing,10,creative writing
LET016P,"Español Area Salud, Nivel Intermedio, U. Harvard",8,"espanol area salud, nivel intermedio, u. harvard"
LET017E,Traducción Literaria,10,traduccion literaria
LET017I,Escritura Efectiva,10,escritura efectiva
LET017P,Ifsa-Butler University,10,ifsa-butler university
LET018E,Iniciación a la Traducción (LET018E),10,iniciacion a la traduccion (let018e)
LET018I,Strange Tales in Narrative and Film,10,strange tales in narrative and film
LET018P,"Español Avanzado: Gramática, Composición y Conversación. Ifsa - Butler University",10,"espanol avanzado: gramatica, composicion y conversacion. ifsa - butler university"
LET019E,Poetas Latinos (LET019E),10,poetas latinos (let019e)
LET019I,Grammar Usage for Correctness,10,grammar usage for correctness
LET019P,"Composición y Conversación: Español Avanzado, Marquette University",8,"composicion y conversacion: espanol avanzado, marquette university"
LET020,Introducción a la Lectura y la Escritura Académica ll,10,introduccion a la lectura y la escritura academica ll
LET020E,Latín Avanzado I,10,latin avanzado 1
LET020I,Language and the Brain: Discourse Comprehensión and Production,10,language and the brain: discourse comprehension and production
LET020P,"Español Avanzado: Gramática, Composición y Conversación",10,"espanol avanzado: gramatica, composicion y conversacion"
LET021E,Discurso y Pobreza (LET021E),10,discurso y pobreza (let021e)
LET021I,Political Discourse,10,political discourse
LET021P,Washington St. Louis University Intensivo,6,washington st. louis university intensivo
LET022E,Latín Avanzado II,10,latin avanzado 2
LET022I,Geoffrey Chaucer's World,10,geoffrey chaucer's world
LET022P,Washington Saint Louis University Fines Especificos,6,washington saint louis university fines especificos
LET023E,Nuestro Griego Cotidiano,10,nuestro griego cotidiano
LET023I,Joyce: Modernism and Mass Culture,10,joyce: modernism and mass culture
LET023P,Español Nivel Intermedio Avanzado,8,espanol nivel intermedio avanzado
LET024E,Cortesia en el Español de Chile (LET024E),10,cortesia en el espanol de chile (let024e)
LET024I,Medicine in Literature,10,medicine in literature
LET024P,Español Intermedio - Area de Salud (U. Harvard),6,espanol intermedio - area de salud (u. harvard)
LET025E,Introducción a la Neurolinguística,10,introduccion a la neurolinguistica
LET025I,Certificate of Proficiency in English,10,certificate of proficiency in english
LET025P,"Español Nivel Intermedio y Avanzado, U. Tufts",10,"espanol nivel intermedio y avanzado, u. tufts"
LET026E,Gramática de Oralidad,10,gramatica de oralidad
LET026I,Evaluation in Texts,10,evaluation in texts
LET026P,Furman University - Curso de Español Nivel Intermedio,10,furman university - curso de espanol nivel intermedio
LET027E,Lengua y Cultura Italiana II (LET027E),10,lengua y cultura italiana 2 (let027e)
LET027I,English: a Journey Through the Empire and Back,10,english: a journey through the empire and back
LET027P,Furman University - Curso de Español Nivel Avanzado,10,furman university - curso de espanol nivel avanzado
LET028E,Diálogo y Reflexion,10,dialogo y reflexion
LET028I,Intercultural Communication Between Asia and Latín América,10,intercultural communication between asia and latin america
LET028P,Calstate University,8,calstate university
LET029E,"Cultura Escrita, Sociedad y Memoria",10,"cultura escrita, sociedad y memoria"
LET029I,Lexical Semantics (LET029I),10,lexical semantics (let029i)
LET030I,Research Methods in Linguistics,10,research methods in linguistics
LET030P,California University Nivel Intermedio Basico,10,california university nivel intermedio basico
LET031E,Comunicación Oral y No Verbal,10,comunicacion oral y no verbal
LET031I,An Overview of Contemporary Paradigms in Linguistics,10,an overview of contemporary paradigms in linguistics
LET031P,California University Nivel Intermedio,10,california university nivel intermedio
LET032E,Estrategias Comprensión Textos en Inglés,10,estrategias comprension textos en ingles
LET032I,British Language and Tradition,10,british language and tradition
LET032P,California University Nivel Avanzado,10,california university nivel avanzado
LET033E,Introducción a la Psicolinguística,10,introduccion a la psicolinguistica
LET033I,Fantasy and the Fantastic (LET033I),10,fantasy and the fantastic (let033i)
LET034E,Interpretación Consecutiva,10,interpretacion consecutiva
LET034I,The Man Booker Prize,10,the man booker prize
LET035E,Lengua y Cultura Coreana,10,lengua y cultura coreana
LET035I,The Graphic Novel,10,the graphic novel
LET036E,Informática para Análisis Textual,10,informatica para analisis textual
LET036I,Life Writing (Autobiography),10,life writing (autobiography)
LET037E,Introducción a la Lexicografía Contemporánea (LET037E),10,introduccion a la lexicografia contemporanea (let037e)
LET037I,Between the Lines,10,between the lines
LET038E,Poetas Latinos II,10,poetas latinos 2
LET038I,"Memory, Trauma and Literary Representation",10,"memory, trauma and literary representation"
LET039E,Latín para Textos (LET039E),10,latin para textos (let039e)
LET039I,The Language of the Media,10,the language of the media
LET040E,Diálogo y Pensamiento Crítico,10,dialogo y pensamiento critico
LET040P,Council Ciee,6,council ciee
LET041E,Lingüística Aplicada a la Educación,10,linguistica aplicada a la educacion
LET041I,Essay (LET041I),10,essay (let041i)
LET041P,Curso Español (Council) Semestral,10,curso espanol (council) semestral
LET042E,El Discurso en los Medios,10,el discurso en los medios
LET042I,Medieval Woman,10,medieval woman
LET042P,Curso de Español Semestral Nivel Avanzado,10,curso de espanol semestral nivel avanzado
LET043E,Fonética Experimental: Segmentos,10,fonetica experimental: segmentos
LET043I,El Inglés y el Español Como L2: Análisis Fonofonologico Contrastivo,10,el ingles y el espanol como l2: analisis fonofonologico contrastivo
LET044I,Introduction to Second Language Acquisition,10,introduction to second language acquisition
LET045E,Fonética Experimental: Prosodia,10,fonetica experimental: prosodia
LET045I,Postcolonial Literature,10,postcolonial literature
LET046E,Creación de Textos Escolares,10,creacion de textos escolares
LET046I,John Dos Passos and the Lost Generation,10,john dos passos and the lost generation
LET047E,Lenguaje en la Ninez Temprana,10,lenguaje en la ninez temprana
LET047I,American History of Ideas,10,american history of ideas
LET048E,Visión del Lenguaje en Textos Poeticos,10,vision del lenguaje en textos poeticos
LET048I,Literature for Children (A Cultural Approach),10,literature for children (a cultural approach)
LET049E,Cultura y Lengua Coreana II,10,cultura y lengua coreana 2
LET049I,Intercultural Communication,10,intercultural communication
LET050E,Mujeres en la Historia de Corea,10,mujeres en la historia de corea
LET050I,Writers on Spiritual Quest,10,writers on spiritual quest
LET050P,Michigan - Wisconsin University,8,michigan - wisconsin university
LET051E,Lengua Portuguesa y Cultura Brasileña,10,lengua portuguesa y cultura brasilena
LET051I,English At Primary School (LET051I),10,english at primary school (let051i)
LET052E,Lengua y Cultura China,10,lengua y cultura china
LET052I,Research the Victorians,10,research the victorians
LET053E,Introducción a la Investigación en Lingüística,10,introduccion a la investigacion en linguistica
LET053I,C. S. Lewis,10,c. s. lewis
LET054E,Los Medios de Comunicación en la Educación Media,10,los medios de comunicacion en la educacion media
LET054I,Effective Writing (LET054I),10,effective writing (let054i)
LET055I,African American Literature,10,african american literature
LET056E,Introducción a la Lengua y Cultura Catalana,10,introduccion a la lengua y cultura catalana
LET056I,Themes From the History of English,10,themes from the history of english
LET057E,Introducción a la Literatura Brasileña,10,introduccion a la literatura brasilena
LET057I,Saying and Meaning,10,saying and meaning
LET058E,Creación de Textos Escolares: Jovenes y Adultos en Alfabetización,10,creacion de textos escolares: jovenes y adultos en alfabetizacion
LET059E,Lenguaje y Poética,10,lenguaje y poetica
LET059I,Music in Twentieth-Century North American Novels,10,music in twentieth-century north american novels
LET060E,Leer a Saussure en el Siglo Xxi,10,leer a saussure en el siglo xxi
LET060I,Language and Social Change: a Socio-Semiotic Perspective Towards the Study of Language,10,language and social change: a socio-semiotic perspective towards the study of language
LET060P,Notre Dame University,10,notre dame university
LET061E,Comunicación Oral y No Verbal II,10,comunicacion oral y no verbal 2
LET061I,Indigenous Writings in the Américas,10,indigenous writings in the americas
LET061P,Curso de Español Semestral Nivel Intermedio Avanzado,10,curso de espanol semestral nivel intermedio avanzado
LET062E,Diccionario e Ideología,10,diccionario e ideologia
LET062I,Common Myths of Language Usage,10,common myths of language usage
LET063E,Adquisición del Español Como Lengua Materna,10,adquisicion del espanol como lengua materna
LET063I,Make It New! An Introduction to Modernism,10,make it new! an introduction to modernism
LET064E,"Cultura, Internet y Sociedad",10,"cultura, internet y sociedad"
LET064I,Exploraciones en Postmodernismo,10,exploraciones en postmodernismo
LET065E,Lenguaje y Liderazgo,10,lenguaje y liderazgo
LET065I,"ñCritica Ambiental, Ecocritica o Estudios Culturales Verdesñ",10,"ncritica ambiental, ecocritica o estudios culturales verdesn"
LET066E,Lengua y Cultura Catalana II,10,lengua y cultura catalana 2
LET066I,Virginia Woolf y T. S. Eliot,10,virginia woolf y t. s. eliot
LET067E,Lingüística Forense,10,linguistica forense
LET067I,Afro Caribbean Literature in English,10,afro caribbean literature in english
LET068E,Edición y Evaluación de Textos Escolares,10,edicion y evaluacion de textos escolares
LET068I,The Victorian Novel and Film,10,the victorian novel and film
LET069E,"Lectura, Escritura y Sociedad",10,"lectura, escritura y sociedad"
LET069I,"The Animal (In) Print: The Animal in Contemporary Literature, Theory and Film",10,"the animal (in) print: the animal in contemporary literature, theory and film"
LET070E,Sociolinguística del Español,10,sociolinguistica del espanol
LET070I,How to Decode a Play: Theatre Semiotics,10,how to decode a play: theatre semiotics
LET071E,Lexicología y Lexicografía,10,lexicologia y lexicografia
LET071I,"Museums, Heritage, and Indigenous Peoples",10,"museums, heritage, and indigenous peoples"
LET071P,Syracuse University Nivel Intermedio,8,syracuse university nivel intermedio
LET072E,Hitos Dificiles en Español Como Lengua Extranjera (E/Le),10,hitos dificiles en espanol como lengua extranjera (e/le)
LET072I,The English Novel (LET072I),10,the english novel (let072i)
LET072P,Syracuse University Nivel Avanzado,8,syracuse university nivel avanzado
LET073E,Taller de Análisis Crítico de Textos,10,taller de analisis critico de textos
LET073I,"The Thing About things: New Materialism in Contemporary Theory, Literature and Film",10,"the thing about things: new materialism in contemporary theory, literature and film"
LET073P,Curso de Español Semestral Nivel Intermedio - Avanzado,8,curso de espanol semestral nivel intermedio - avanzado
LET074E,Norma y Uso en Lengua Española,10,norma y uso en lengua espanola
LET074I,LITERARY LINGUISTICS,10,literary linguistics
LET074P,Curso de Español Semestral Nivel Avanzado (LET074P),8,curso de espanol semestral nivel avanzado (let074p)
LET075E,Lengua y Cultura Mapuche,10,lengua y cultura mapuche
LET075I,Jane Austen Then and Now,10,jane austen then and now
LET076E,Lenguaje y Valoración,10,lenguaje y valoracion
LET076I,"9/11 in Literature, Photography, and Film",10,"9/11 in literature, photography, and film"
LET077E,Perspectivas para el Estudios de la Literacidad y Su Desarrollo,10,perspectivas para el estudios de la literacidad y su desarrollo
LET078E,Introducción a las Tecnologías del Lenguaje,10,introduccion a las tecnologias del lenguaje
LET079E,Lengua y Cultura Italiana III (LET079E),10,lengua y cultura italiana 3 (let079e)
LET080E,Lengua y Cultura Mapuche II,10,lengua y cultura mapuche 2
LET080I,English Dialects,10,english dialects
LET081E,Lengua Portuguesa y Cultura Brasileña II,10,lengua portuguesa y cultura brasilena 2
LET081P,Vra Reforzamiento,6,vra reforzamiento
LET082E,Introducción a la Lingüística Computacional,10,introduccion a la linguistica computacional
LET082P,Vra Avanzado,6,vra avanzado
LET083E,Taller de Escritura de Ensayo Académico,10,taller de escritura de ensayo academico
LET083I,Academic Writing in the Efl Context,10,academic writing in the efl context
LET083P,Vra Superior,6,vra superior
LET084E,Lengua y Cultura China II,10,lengua y cultura china 2
LET084P,Vra Perfeccionamiento de Redacción,6,vra perfeccionamiento de redaccion
LET085E,Introducción a la Alfabetización Académica,10,introduccion a la alfabetizacion academica
LET085P,Curso de Español Semestral Nivel Intermedio,6,curso de espanol semestral nivel intermedio
LET086E,Géneros Discursivos: Modelos y Patrones Textuales,10,generos discursivos: modelos y patrones textuales
LET086P,Curso de Español Semestral Nivel Avanzado (LET086P),6,curso de espanol semestral nivel avanzado (let086p)
LET087E,Introducción al Español Como Lengua Extranjera (E/Le),10,introduccion al espanol como lengua extranjera (e/le)
LET087P,Curso de Español Semestral Nivel Superior,6,curso de espanol semestral nivel superior
LET088E,Conceptos para Un Análisis Semiótico,10,conceptos para un analisis semiotico
LET088P,Vra Intensivo,10,vra intensivo
LET089E,Lenguaje y Comunicación,10,lenguaje y comunicacion
LET089I,The Linguistics of Metaphors,10,the linguistics of metaphors
LET089P,Curso de Español Semestral Nivel Perfeccionamiento en Redacción,6,curso de espanol semestral nivel perfeccionamiento en redaccion
LET090E,Iniciación a la Traducción de Textos Literarios,10,iniciacion a la traduccion de textos literarios
LET090I,Culture and Power: Mechanisms of Social and Cultural Control,10,culture and power: mechanisms of social and cultural control
LET090P,Curso de Español Intensivo Nivel Intermedio Basico,10,curso de espanol intensivo nivel intermedio basico
LET091E,Iniciación a la Traducción de Textos Tecnico-Cientificos,10,iniciacion a la traduccion de textos tecnico-cientificos
LET091I,Teaching Early Written Genres in Eal,10,teaching early written genres in eal
LET091P,Curso de Español Intensivo Nivel Avanzado,6,curso de espanol intensivo nivel avanzado
LET092E,Iniciación a la Traducción de Textos de Ciencias Sociales,10,iniciacion a la traduccion de textos de ciencias sociales
LET092I,Translanguaging in Professional Contexts,10,translanguaging in professional contexts
LET092P,Curso de Comunicación Española,8,curso de comunicacion espanola
LET093E,"Texto, Discurso y Traducción",10,"texto, discurso y traduccion"
LET093I,"Stories of Loss, Identity, and Belonging in Children's and Young Adult Literature",10,"stories of loss, identity, and belonging in children's and young adult literature"
LET093P,Curso Intensivo de Español Avanzado,6,curso intensivo de espanol avanzado
LET094E,Lenguaje y Construcción del Conocimiento,10,lenguaje y construccion del conocimiento
LET094P,Curso de Español Intensivo Nivel Intermedio,10,curso de espanol intensivo nivel intermedio
LET095E,Representaciones Discursivas y Padecimiento Psiquico,10,representaciones discursivas y padecimiento psiquico
LET095P,Curso de Español Intensivo Nivel Avanzado (LET095P),10,curso de espanol intensivo nivel avanzado (let095p)
LET096E,Lingüística de Corpus e Investigación Lingüística,10,linguistica de corpus e investigacion linguistica
LET096I,Mind and Metaphors,10,mind and metaphors
LET096P,Survival Spanish for Beginners - A1 Intensive,10,survival spanish for beginners - a1 intensive
LET097E,Introducción al Sanscrito,10,introduccion al sanscrito
LET097I,Language and Cognition: Theory and Applications,10,language and cognition: theory and applications
LET098E,Carmina Burana: Un Enfoque Multidisciplinario,10,carmina burana: un enfoque multidisciplinario
LET098I,Introduction to Quantitative Analysis of Linguistic Data with R,10,introduction to quantitative analysis of linguistic data with r
LET099E,Lingüística Aplicada al Area de Salud,10,linguistica aplicada al area de salud
LET1001,Introducción a los Estudios Literarios,10,introduccion a los estudios literarios
LET1003,Teoría Literaria II (LET1003),10,teoria literaria 2 (let1003)
LET1004,Letras Coloniales,10,letras coloniales
LET1005,Narrativa Chilena e Hispanoamericana (LET1005),10,narrativa chilena e hispanoamericana (let1005)
LET1006,Poesia Chilena e Hispanoamericana (LET1006),10,poesia chilena e hispanoamericana (let1006)
LET1007,Teatro Chileno e Hispanoamericano (LET1007),10,teatro chileno e hispanoamericano (let1007)
LET100B,Grandes Figuras Literatura Universal (LET100B),10,grandes figuras literatura universal (let100b)
LET100E,Introducción a la Industria Editorial,10,introduccion a la industria editorial
LET100P,Español Intermedio Area Salud,4,espanol intermedio area salud
LET101,Introducción a la Literatura (LET101),10,introduccion a la literatura (let101)
LET1011,Literatura Universal I,10,literatura universal 1
LET1012,Literatura Universal II,10,literatura universal 2
LET1013,Literatura Española I (LET1013),10,literatura espanola 1 (let1013)
LET1014,Literatura Española II (LET1014),10,literatura espanola 2 (let1014)
LET1016,Literatura Española III (LET1016),10,literatura espanola 3 (let1016)
LET101B,Don Juan Tenorio,10,don juan tenorio
LET101E,Lenguas Indigenas Sudamericanas desde la Tipología Real: Contactos y Contrastes,10,lenguas indigenas sudamericanas desde la tipologia real: contactos y contrastes
LET101H,Introducción a la Literatura (LET101H),10,introduccion a la literatura (let101h)
LET101P,Español Basico con fines Especificos en Estudios Medioambientales e Interculturalidad,10,espanol basico con fines especificos en estudios medioambientales e interculturalidad
LET1021,Introducción a la Lingüística (LET1021),10,introduccion a la linguistica (let1021)
LET1025,Pragmática (LET1025),10,pragmatica (let1025)
LET1026,Análisis del Discurso (LET1026),10,analisis del discurso (let1026)
LET1027,Historia de la Lengua Española (LET1027),10,historia de la lengua espanola (let1027)
LET102E,Multimodalidad y Discurso,10,multimodalidad y discurso
LET1034,Fonética y Fonología Españolas,10,fonetica y fonologia espanolas
LET1035,Lengua Latina I,10,lengua latina 1
LET1036,Lengua Latina II,10,lengua latina 2
LET1037,Investigación en Letras,10,investigacion en letras
LET1038,Fundamentos de la Psicolinguística,10,fundamentos de la psicolinguistica
LET103E,Introducción a la Lengua y Literatura Sanscritas,10,introduccion a la lengua y literatura sanscritas
LET103H,Teoría Literaria II (LET103H),10,teoria literaria 2 (let103h)
LET103P,Español Académico,15,espanol academico
LET104,Análisis de Textos Literarios Hispanoamericanos (LET104),10,analisis de textos literarios hispanoamericanos (let104)
LET1041,Métodos de Investigación en Letras,10,metodos de investigacion en letras
LET104E,Iniciación a la Traducción de Textos Cientificos,10,iniciacion a la traduccion de textos cientificos
LET104H,Análisis de Textos Literarios Hispanoamericanos (LET104H),10,analisis de textos literarios hispanoamericanos (let104h)
LET105E,Iniciación a la Traducción de Textos de Ciencias Económicas,10,iniciacion a la traduccion de textos de ciencias economicas
LET105H,Narrativa Chilena e Hispanoamericana (LET105H),10,narrativa chilena e hispanoamericana (let105h)
LET106E,Iniciación a la Traducción de Textos de Ciencias Jurídicas,10,iniciacion a la traduccion de textos de ciencias juridicas
LET106H,Poesia Chilena e Hispanoamérica,10,poesia chilena e hispanoamerica
LET107E,Iniciación a la Traducción de Textos de Ciencias Sociales (LET107E),10,iniciacion a la traduccion de textos de ciencias sociales (let107e)
LET107H,Teatro Chileno e Hispanoamericano (LET107H),10,teatro chileno e hispanoamericano (let107h)
LET111H,Literatura Universal I (LET111H),10,literatura universal 1 (let111h)
LET112H,Literatura Universal II (LET112H),10,literatura universal 2 (let112h)
LET113H,Literatura Española I (LET113H),10,literatura espanola 1 (let113h)
LET114E,Los Discursos entorno a la Salud Mental,10,los discursos entorno a la salud mental
LET114H,Literatura Española II (LET114H),10,literatura espanola 2 (let114h)
LET115E,El Estudio del Significado Lingüístico: Teoría y Aplicaciones,10,el estudio del significado linguistico: teoria y aplicaciones
LET116E,Herramientas Informaticas para Análisis Linguisticos,10,herramientas informaticas para analisis linguisticos
LET116H,Literatura Española III (LET116H),10,literatura espanola 3 (let116h)
LET118E,ñComo se Organiza la Información Lingüística en Oracionesñ,10,ncomo se organiza la informacion linguistica en oracionesn
LET121H,Introducción a la Lingüística (LET121H),10,introduccion a la linguistica (let121h)
LET122H,Fonética y Fonología Española (LET122H),10,fonetica y fonologia espanola (let122h)
LET123P,Español Lengua Extranjera: Intermedio Avanzado - B2,10,espanol lengua extranjera: intermedio avanzado - b2
LET124H,Lengua Latina II (LET124H),10,lengua latina 2 (let124h)
LET124P,Español Lengua Extranjera: Avanzado - C1,10,espanol lengua extranjera: avanzado - c1
LET126H,Historia de la Lengua Española (LET126H),10,historia de la lengua espanola (let126h)
LET127E,Lingüística y Educación,10,linguistica y educacion
LET128H,Español de Chile (LET128H),10,espanol de chile (let128h)
LET129E,Discurso Académico: Escritura y Oralidad,10,discurso academico: escritura y oralidad
LET130P,Español Lengua Extranjera y Cultura: Elemental - A1,15,espanol lengua extranjera y cultura: elemental - a1
LET1315,World Literatures,10,world literatures
LET1318,English and Spanish Contrasts,10,english and spanish contrasts
LET131E,Introducción a la Programación para Letras,10,introduccion a la programacion para letras
LET131P,Español Lengua Extranjera y Cultura: Basico - A2,15,espanol lengua extranjera y cultura: basico - a2
LET1321,General Linguistics (LET1321),10,general linguistics (let1321)
LET1323,Applied Linguistics and Communication,10,applied linguistics and communication
LET1325,English Phonetics and Phonology I (LET1325),10,english phonetics and phonology 1 (let1325)
LET1326,English Phonetics and Phonology II (LET1326),10,english phonetics and phonology 2 (let1326)
LET132E,Lenguaje en el Currículo Escolar Chileno,10,lenguaje en el curriculo escolar chileno
LET132P,Español Lengua Extranjera y Cultura: Intermedio - B1,15,espanol lengua extranjera y cultura: intermedio - b1
LET1333,Synchronic Grammar,10,synchronic grammar
LET1334,Grammar and Text,10,grammar and text
LET1335,Discourse and Pragmatics,10,discourse and pragmatics
LET133P,Español Lengua Extranjera y Cultura: Intermedio Avanzado - B2,15,espanol lengua extranjera y cultura: intermedio avanzado - b2
LET1341,Introduction to Literary Studies,10,introduction to literary studies
LET1343,Literary Theory I,10,literary theory 1
LET1344,Literary Theory II,10,literary theory 2
LET1346,Drama (LET1346),10,drama (let1346)
LET1348,Poetry,10,poetry
LET134C,Español Avanzado y Cultural Chilena,10,espanol avanzado y cultural chilena
LET134E,Creación de Lenguas Ficticios (ConLangs),10,creacion de lenguas ficticios (conlangs)
LET134P,Español Lengua Extranjera y Cultura: Avanzado - C1,15,espanol lengua extranjera y cultura: avanzado - c1
LET1351,Literary and Linguistic Research Methods,10,literary and linguistic research methods
LET1354,Classical and Medieval Literature (LET1354),10,classical and medieval literature (let1354)
LET1356,Narrative I,10,narrative 1
LET1357,Narrative II,10,narrative 2
LET135E,La Expresión del Humor y la Risa en la Roma Antigua,10,la expresion del humor y la risa en la roma antigua
LET1367,Research in Literature/Linguistics,10,research in literature/linguistics
LET136E,Introducción a la Gramática Sistemico-Funcional,10,introduccion a la gramatica sistemico-funcional
LET136H,Pragmática (LET136H),10,pragmatica (let136h)
LET137E,Introducción a la Enseñanza de Español para Inmigrantes,10,introduccion a la ensenanza de espanol para inmigrantes
LET137H,Análisis del Discurso (LET137H),10,analisis del discurso (let137h)
LET138E,Introducción a la Enseñanza de Español como Lengua Adicional (E/LA),10,introduccion a la ensenanza de espanol como lengua adicional (e/la)
LET139E,Enseñanza Responsiva para Aulas Interculturales y Multilingues,10,ensenanza responsiva para aulas interculturales y multilingues
LET141E,Etimología y Cambio Semantico,10,etimologia y cambio semantico
LET142E,"Evidencia, Sorpresa y Credibilidad en Español",10,"evidencia, sorpresa y credibilidad en espanol"
LET143E,"Lenguas Indigenas Sudamericanas: Estructuras, Contactos y Diversidad",10,"lenguas indigenas sudamericanas: estructuras, contactos y diversidad"
LET144E,Sin Miedo a los Números: Métodos Cuantitativos para Letras y Humanidades,10,sin miedo a los numeros: metodos cuantitativos para letras y humanidades
LET145E,Introducción a la Investigación en Lingüística Aplicada,10,introduccion a la investigacion en linguistica aplicada
LET148H,Seminario (LET148H),10,seminario (let148h)
LET160E,Programa de Habilidades Comunicativas Escritas,10,programa de habilidades comunicativas escritas
LET160P,Curso de Español como Segunda Lengua y Cultura Chilena Nivel Elemental - A1,15,curso de espanol como segunda lengua y cultura chilena nivel elemental - a1
LET161E,"Programa de Habilidades Comunicativas Escritas para Ciencias Sociales, Artes y Humanidades",10,"programa de habilidades comunicativas escritas para ciencias sociales, artes y humanidades"
LET161P,Curso de Español como Segunda Lengua y Cultura Chilena Nivel Basico - A2,15,curso de espanol como segunda lengua y cultura chilena nivel basico - a2
LET162E,Programa de Habilidades Comunicativas Escritas para Ciencias Naturales y Matemáticas,10,programa de habilidades comunicativas escritas para ciencias naturales y matematicas
LET163E,Programa de Habilidades Comunicativas Escritas para Ciencias de la Salud,10,programa de habilidades comunicativas escritas para ciencias de la salud
LET170E,Habilidades Comunicativas Escritas en Español,5,habilidades comunicativas escritas en espanol
LET1715,Culture and Civilization (LET1715),10,culture and civilization (let1715)
LET1716,Applied Discourse Analysis,10,applied discourse analysis
LET1718,Contrastive Analysis (LET1718),10,contrastive analysis (let1718)
LET171E,"Programa de Habilidades Comunicativas Escritas para Ciencias Sociales, Artes y Humanidades (LET171E)",10,"programa de habilidades comunicativas escritas para ciencias sociales, artes y humanidades (let171e)"
LET1721,General Linguistics (LET1721),10,general linguistics (let1721)
LET1723,Applied Linguistics and Communication (LET1723),10,applied linguistics and communication (let1723)
LET1725,English Phonetics and Phonology I (LET1725),10,english phonetics and phonology 1 (let1725)
LET1726,English Phonetics and Phonology II (LET1726),10,english phonetics and phonology 2 (let1726)
LET172E,Programa de Habilidades Comunicativas Escritas para Ciencias Naturales y Matemáticas (LET172E),10,programa de habilidades comunicativas escritas para ciencias naturales y matematicas (let172e)
LET1733,Synchronic Grammar I (LET1733),10,synchronic grammar 1 (let1733)
LET1734,Synchronic Grammar II (LET1734),10,synchronic grammar 2 (let1734)
LET1738,Contemporary Narrative (LET1738),10,contemporary narrative (let1738)
LET173E,Programa de Habilidades Comunicativas Escritas para Ciencias de la Salud (LET173E),10,programa de habilidades comunicativas escritas para ciencias de la salud (let173e)
LET1741,Approaches to Literature (LET1741),10,approaches to literature (let1741)
LET1742,Literary Research Methods (LET1742),10,literary research methods (let1742)
LET1743,Literary Theory,10,literary theory
LET1744,Contemporary Literary Theory,10,contemporary literary theory
LET1745,Drama (LET1745),10,drama (let1745)
LET1747,The XIXth Century Novel,10,the xixth century novel
LET1748,Poetry (LET1748),10,poetry (let1748)
LET174E,Introducción a la Lectura y Escritura Académica,5,introduccion a la lectura y escritura academica
LET1754,Classical and Medieval Literature (LET1754),10,classical and medieval literature (let1754)
LET180E,Lectura y escritura en el contexto universitario: una introducción,0,lectura y escritura en el contexto universitario: una introduccion
LET181E,Lectura y escritura en el contexto universitario: una introducción (LET181E),5,lectura y escritura en el contexto universitario: una introduccion (let181e)
LET182E,"Introducción a la Lectura y la Escritura en Artes, Humanidades y Ciencias Sociales",10,"introduccion a la lectura y la escritura en artes, humanidades y ciencias sociales"
LET183E,"Introducción a la Lectura y la Escritura en Ciencias Naturales, Matemáticas y de la Salud",10,"introduccion a la lectura y la escritura en ciencias naturales, matematicas y de la salud"
LET201E,Ensayo Chileno e Hispanoamericano (LET201E),10,ensayo chileno e hispanoamericano (let201e)
LET201G,Teoría Literaria,10,teoria literaria
LET202E,Hitos del Renacimiento Italiano,10,hitos del renacimiento italiano
LET203E,Dante y Su Tiempo,10,dante y su tiempo
LET204E,Novela Picaresca Española,10,novela picaresca espanola
LET204I,Literature And Cinema of The Wild West,10,literature and cinema of the wild west
LET205E,Itinerario de Jose Donoso (LET205E),10,itinerario de jose donoso (let205e)
LET205I,Virginia Woolf (LET205I),10,virginia woolf (let205i)
LET206E,Grandes Dramaturgos Siglo XX,10,grandes dramaturgos siglo xx
LET206I,Oral Skills Through Theatre,10,oral skills through theatre
LET207E,Etiestética de Gabriela Mistral,10,etiestetica de gabriela mistral
LET207I,Heterotopias in the Magellan Territory,10,heterotopias in the magellan territory
LET208E,Taller de Poesia (LET208E),10,taller de poesia (let208e)
LET209E,"Vargas Llosa, Novelista (LET209E)",10,"vargas llosa, novelista (let209e)"
LET209I,Contemporary Crime Fiction,10,contemporary crime fiction
LET210E,Nietzsche y la Literatura del Siglo XX (LET210E),10,nietzsche y la literatura del siglo xx (let210e)
LET211E,Análisis Poetico (LET211E),10,analisis poetico (let211e)
LET212E,La Astucia en Literatura (LET212E),10,la astucia en literatura (let212e)
LET212I,Outraged and Witty: Genres and Modes of English Satire,10,outraged and witty: genres and modes of english satire
LET213E,Taller de Reescritura Poética,10,taller de reescritura poetica
LET213I,Imagining the Future: Contemporary Indegenous Speculative Fiction,10,imagining the future: contemporary indegenous speculative fiction
LET214E,Deseo de Absoluto: Literatura y Arte,10,deseo de absoluto: literatura y arte
LET214I,"Bodies, Machines, and Futures in Science Fiction",10,"bodies, machines, and futures in science fiction"
LET215E,Romanticismo Italiano (LET215E),10,romanticismo italiano (let215e)
LET215I,"Imagined Machines: Artificial Intelligence, Digital Humanities, Cinema and Literature",10,"imagined machines: artificial intelligence, digital humanities, cinema and literature"
LET216E,Don Quijote de la Mancha,10,don quijote de la mancha
LET216I,Music and Poetry in the Postcolonial Anglophone World,10,music and poetry in the postcolonial anglophone world
LET217E,Poesia Chilena Contemporánea,10,poesia chilena contemporanea
LET218E,Literatura Japonesa,10,literatura japonesa
LET219E,Narrativa Chilena: Voces del Siglo XX,10,narrativa chilena: voces del siglo xx
LET220E,Taller de Cuento (LET220E),10,taller de cuento (let220e)
LET221E,(Con) Textos de la Vanguardia,10,(con) textos de la vanguardia
LET222E,Teatro Japones,10,teatro japones
LET223E,Discurso y Fracaso: Epica Receptiva,10,discurso y fracaso: epica receptiva
LET224E,Análisis de Textos Narrativos,10,analisis de textos narrativos
LET225E,Ciudad y Novela Latinoamericana,10,ciudad y novela latinoamericana
LET226E,Erotismo y Amor en la Literatura (LET226E),10,erotismo y amor en la literatura (let226e)
LET227E,El '900 en la Cultura Italiana: Literatura y Cine,10,el '900 en la cultura italiana: literatura y cine
LET228E,La Prosa de Borges,10,la prosa de borges
LET229E,Literatura y Cultura,10,literatura y cultura
LET230E,La Religiosidad de Gabriela Mistral,10,la religiosidad de gabriela mistral
LET231E,Monografico Quijote,10,monografico quijote
LET232E,Taller de Ensayo,10,taller de ensayo
LET233E,Narrativa Detectivesca (LET233E),10,narrativa detectivesca (let233e)
LET234E,Literatura Chilena: Voces (In) Migrantes (LET234E),10,literatura chilena: voces (in) migrantes (let234e)
LET235E,Taller: Poesia y Memoria Narrativa,10,taller: poesia y memoria narrativa
LET236E,Crítica: la Novela Chilena del S Xxi (LET236E),10,critica: la novela chilena del s xxi (let236e)
LET237E,La Imagen de Dios en la Literatura Contemporánea,10,la imagen de dios en la literatura contemporanea
LET238E,Representación de la Crisis en Textos Medievales y Barrocos Españoles,10,representacion de la crisis en textos medievales y barrocos espanoles
LET239E,Las Caras del Amor en la Literatura Española Medieval,10,las caras del amor en la literatura espanola medieval
LET240E,Poesia Española Siglo XX,10,poesia espanola siglo xx
LET241E,Literatura Italiana I (LET241E),10,literatura italiana 1 (let241e)
LET242E,Literatura Italiana II (LET242E),10,literatura italiana 2 (let242e)
LET243E,El Cine Desde la Literatura,10,el cine desde la literatura
LET244E,Viaje Mitico: Simbolismo y Literatura (LET244E),10,viaje mitico: simbolismo y literatura (let244e)
LET245E,Mujer Medieval,10,mujer medieval
LET246E,Leyendo a Don Juan Tenorio,10,leyendo a don juan tenorio
LET247E,Panorama de la Novela Chilena,10,panorama de la novela chilena
LET248E,Poesia Chilena Primera Mitad del Siglo XX,10,poesia chilena primera mitad del siglo xx
LET249E,Paisajes y Ciudades,10,paisajes y ciudades
LET250E,Relatos Autobiograficos: Nuevas Señas de Identidad en Chile,10,relatos autobiograficos: nuevas senas de identidad en chile
LET251E,Surrealismo y Sus Alrededores,10,surrealismo y sus alrededores
LET252E,Literatura Comparada: Hispanoamericana y Coreana,10,literatura comparada: hispanoamericana y coreana
LET253E,Tragedia Griega en el Teatro Latinoamericano,10,tragedia griega en el teatro latinoamericano
LET254E,Grandes Autores de la Literatura,10,grandes autores de la literatura
LET256E,Cultura y Literatura Catalanas,10,cultura y literatura catalanas
LET257E,El Sueño Azul de la Palabra Poética,10,el sueno azul de la palabra poetica
LET258E,Introducción a la Poesia Peruana del Siglo XX,10,introduccion a la poesia peruana del siglo xx
LET259E,"Los Paseantes, Walser, Benjamin y Sebald. Caminos, Miradas y Escrituras",10,"los paseantes, walser, benjamin y sebald. caminos, miradas y escrituras"
LET260E,Teatro Chileno (Ultima Decada:2000-2010),10,teatro chileno (ultima decada:2000-2010)
LET261E,Literatura Infantil y Juvenil (LET261E),10,literatura infantil y juvenil (let261e)
LET262E,Nuevas Manifestaciones del Teatro Hispanoamericano,10,nuevas manifestaciones del teatro hispanoamericano
LET263E,La Ciudad - Archipielago,10,la ciudad - archipielago
LET264E,Cesar Vallejo y Cesar Moro: Fundaciones de la Poesia Peruana Contemporánea,10,cesar vallejo y cesar moro: fundaciones de la poesia peruana contemporanea
LET265E,Gabriela Mistral y Violeta Parra: Poeticas Cruzadas,10,gabriela mistral y violeta parra: poeticas cruzadas
LET266E,Estirpes (Y Orfandades) Latinoamericanas,10,estirpes (y orfandades) latinoamericanas
LET267E,"1900: Artes, Discursos y Figuras de la Modernidad en Europa y Latinoamérica",10,"1900: artes, discursos y figuras de la modernidad en europa y latinoamerica"
LET268E,De Ramon Gomez de la Serna a Enrique Jardiel Poncela: la Vanguardia del Humor Nuevo,10,de ramon gomez de la serna a enrique jardiel poncela: la vanguardia del humor nuevo
LET269E,La Identidad en la Poesia Cubana y Caribeña (1950-2000),10,la identidad en la poesia cubana y caribena (1950-2000)
LET270E,Literatura y Cultura Chilena,10,literatura y cultura chilena
LET271E,"Narrativa Española Contemporánea, Una Nueva Mirada",10,"narrativa espanola contemporanea, una nueva mirada"
LET272E,Literatura y Fútbol,10,literatura y futbol
LET273E,La Poesia de Pablo Neruda,10,la poesia de pablo neruda
LET274E,Taller de Crónica (LET274E),10,taller de cronica (let274e)
LET275E,Poesia y Neovanguardias Latinoamericanas,10,poesia y neovanguardias latinoamericanas
LET276E,Medicina y Literatura,10,medicina y literatura
LET277E,Literatura y Sociedad,10,literatura y sociedad
LET278E,Imagenes de Chile en el Siglo Xxi. Poesia y Cine,10,imagenes de chile en el siglo xxi. poesia y cine
LET279E,Taller de Construcción de Guiones,10,taller de construccion de guiones
LET280E,"Crítica en la Zona Posindustrial: Teoría, Tecnica y Narrativa",10,"critica en la zona posindustrial: teoria, tecnica y narrativa"
LET281E,Poesia del Siglo Xx: de los Sentidos al Sentido,10,poesia del siglo xx: de los sentidos al sentido
LET282E,Taller de Narrativa Policial,10,taller de narrativa policial
LET283E,Masculinidades en la Música Popular y Narrativa Latinoamericana Reciente,10,masculinidades en la musica popular y narrativa latinoamericana reciente
LET284E,Del Canto a la Escritura: Poeticas Indigenas Latinoamericanas,10,del canto a la escritura: poeticas indigenas latinoamericanas
LET285E,Cartografía e Imaginarios de la Narrativa Chilena y Latinoamericana Reciente,10,cartografia e imaginarios de la narrativa chilena y latinoamericana reciente
LET286E,La Narrativa en las Organizaciones,10,la narrativa en las organizaciones
LET287E,Taller de Literatura: Artes y Ejercicios para la Ficcción,10,taller de literatura: artes y ejercicios para la ficccion
LET288E,Derecho y Literatura (LET288E),10,derecho y literatura (let288e)
LET289E,Narrativa Chilena Reciente y Posmodernidad,10,narrativa chilena reciente y posmodernidad
LET290E,"La Lira Popular Chilena: Fenomeno Editorial, Cultura Popular y Materialidad Hibrida",10,"la lira popular chilena: fenomeno editorial, cultura popular y materialidad hibrida"
LET291E,"Teatro Contemporáneo: Cuerpo, Palabra, Documento",10,"teatro contemporaneo: cuerpo, palabra, documento"
LET292E,Manifiestos del Cine y la Poesia Chilena,10,manifiestos del cine y la poesia chilena
LET293E,Poesia Contemporánea y Paisaje,10,poesia contemporanea y paisaje
LET294E,"Teoría Ecocritica, Geo-Poeticas Y Estudios Ambientales.",10,"teoria ecocritica, geo-poeticas y estudios ambientales."
LET295E,"Plantas Medicinales en Cantos, Canciones y Poemas de Chile",10,"plantas medicinales en cantos, canciones y poemas de chile"
LET296E,Introducción a la Escritura Creativa,10,introduccion a la escritura creativa
LET297E,Literatura Andina,10,literatura andina
LET298E,Dante y la 'Comedia',10,dante y la 'comedia'
LET301E,"Literatura y Cine en la Era Digital: Experimentaciones, Expansiones, Resistencias",10,"literatura y cine en la era digital: experimentaciones, expansiones, resistencias"
LET302E,Literatura Chilena reciente y Derechos Humanos: Voces y Comunidades,10,literatura chilena reciente y derechos humanos: voces y comunidades
LET303E,"Latinoamericanismo: Cultura, Política, Sociedad",10,"latinoamericanismo: cultura, politica, sociedad"
LET304E,Poesia y Sociedad en América Colonial,10,poesia y sociedad en america colonial
LET305E,Teatro Chileno: Elencos y Procesos Creativos,10,teatro chileno: elencos y procesos creativos
LET306E,Mitos y Cantos Prehispanicos,10,mitos y cantos prehispanicos
LET307E,Teatro y Cine en América Latina,10,teatro y cine en america latina
LET308E,Poesia de Mujeres Chilenas: Desde sus Albores hasta la Actualidad,10,poesia de mujeres chilenas: desde sus albores hasta la actualidad
LET309E,Crisis Ambiental: El Rol de las Humanidades,10,crisis ambiental: el rol de las humanidades
LET310E,"Narrativa Coreana, Siglos XX y XXI: Novela, Cuento y Cine",10,"narrativa coreana, siglos xx y xxi: novela, cuento y cine"
LET311E,Representaciones de lo Femenino desde la Edad Media al Siglo XXI,10,representaciones de lo femenino desde la edad media al siglo xxi
LET315E,Escritura de Guión de Largometraje,10,escritura de guion de largometraje
LET316E,Esteticas y Poeticas Barrocas,10,esteticas y poeticas barrocas
LET317E,La poesia de Jorge Luis Borges: El problema de lo Sagrado,10,la poesia de jorge luis borges: el problema de lo sagrado
LET318E,"La Narrativa de Roberto Bolaño: Historia, Estética y Política",10,"la narrativa de roberto bolano: historia, estetica y politica"
LET321E,Imaginación Poética y Sentidos de Lugar,10,imaginacion poetica y sentidos de lugar
LET326E,Antropología y Literatura: Diálogos Ininterrumpidos,10,antropologia y literatura: dialogos ininterrumpidos
LET327E,Escena Editorial Chilena: Teoría y Práctica,10,escena editorial chilena: teoria y practica
LET328E,Maria Luisa Bombal y sus Precursores,10,maria luisa bombal y sus precursores
LET330E,En Busca de Proust,10,en busca de proust
LET331E,Crítica: Novela Chilena del Siglo XXI,10,critica: novela chilena del siglo xxi
LET332E,El Proyecto de Manuel Rojas: Esteticas y Políticas de la Representación,10,el proyecto de manuel rojas: esteticas y politicas de la representacion
LET334E,Literatura y Vanguardia en Brasil: de la Modernidad a la Contemporaneidad,10,literatura y vanguardia en brasil: de la modernidad a la contemporaneidad
LET335E,Narrativa Española Contemporánea: de la Posguerra al Siglo XXI,10,narrativa espanola contemporanea: de la posguerra al siglo xxi
LET336E,Archivos y Literatura: Una Introducción Teórico-Práctica,10,archivos y literatura: una introduccion teorico-practica
LET337E,Imagenes de la Roma de Augusto,10,imagenes de la roma de augusto
LET338E,Literatura en Clave Transatlantica: Encuentros y Desencuentros entre España y Chile,10,literatura en clave transatlantica: encuentros y desencuentros entre espana y chile
LET339E,Migraciones en Chile y Latinoamérica: Representaciones Esteticas y Culturales,10,migraciones en chile y latinoamerica: representaciones esteticas y culturales
LET701I,Lengua Inglesa I,10,lengua inglesa 1
LET702I,Lengua Inglesa II (LET702I),10,lengua inglesa 2 (let702i)
LET703I,Desarrollo de Habilidades Linguisticas en el Aula,10,desarrollo de habilidades linguisticas en el aula
LET704I,Literatura Infantil en Lengua Inglesa,10,literatura infantil en lengua inglesa
LIS550,Narración Escrita,8,narracion escrita
LIS560,Narración Radial,8,narracion radial
LIS640,Derecho de la Información,10,derecho de la informacion
LIS650,Narración Gráfica,8,narracion grafica
LIS670,Taller de Información I,12,taller de informacion 1
LIS730,Objetivos y Métodos de Investigación Social,10,objetivos y metodos de investigacion social
LIS750,Narración Audiovisual,8,narracion audiovisual
LIS770,Taller de Información II,12,taller de informacion 2
LIS810,Información de la Actualidad (LIS810),10,informacion de la actualidad (lis810)
LIS870,Taller de Información III,12,taller de informacion 3
LPB1001,Don Juan Tenorio (LPB1001),8,don juan tenorio (lpb1001)
MAP010,Requisito Matemáticas Aplicadas,10,requisito matematicas aplicadas
MAT0000,Evaluación de Entrada de Precálculo y Álgebra (MAT0000),0,evaluacion de entrada de precalculo y algebra (mat0000)
MAT0001,Mención Matemática (Res 132/00),0,mencion matematica (res 132/00)
MAT0004,Taller de Matemáticas,14,taller de matematicas
MAT0007,Taller de Matemáticas para Estadística,15,taller de matematicas para estadistica
MAT0010,Matemática Inicial I,15,matematica inicial 1
MAT0020,Matemática Inicial II,10,matematica inicial 2
MAT0100,Razonamiento Cuantitativo,10,razonamiento cuantitativo
MAT011A,Fgc Grandes Teoremas,5,fgc grandes teoremas
MAT0123,"Matemáticas y Sociedad: Historia, Aplicaciones y Desafíos",10,"matematicas y sociedad: historia, aplicaciones y desafios"
MAT013A,Fgc el Azar y Sus Modelos,5,fgc el azar y sus modelos
MAT0300,Construcciones Geometricas con Regla y Compás,10,construcciones geometricas con regla y compas
MAT0314,Matemática y Olimpiadas,10,matematica y olimpiadas
MAT1000,Precálculo,10,precalculo
MAT1004,Matemáticas Finitas,10,matematicas finitas
MAT1005,Matemática Discreta,10,matematica discreta
MAT1007,Geometría,8,geometria
MAT1008,Matemática,8,matematica
MAT100N,Matemática Básica,0,matematica basica
MAT1012,Álgebra,10,algebra
MAT1024,Discurso Matematico,10,discurso matematico
MAT102N,Matemática Básica (MAT102N),10,matematica basica (mat102n)
MAT1033,Razonamiento Matematico,10,razonamiento matematico
MAT1034,Problemas Matemáticos,10,problemas matematicos
MAT1103,Álgebra y Geometría,10,algebra y geometria
MAT1104,Introducción al Cálculo,12,introduccion al calculo
MAT110E,Álgebra (MAT110E),10,algebra (mat110e)
MAT1128,Geometría II,8,geometria 2
MAT1145,Cálculo Avanzado,10,calculo avanzado
MAT1203,Álgebra Lineal,10,algebra lineal
MAT1204,Introducción al Álgebra,12,introduccion al algebra
MAT1207,Introducción al Álgebra y Geometría,10,introduccion al algebra y geometria
MAT120B,Matemática Básica (MAT120B),15,matematica basica (mat120b)
MAT1279,Introducción al Álgebra Lineal,10,introduccion al algebra lineal
MAT1289,Álgebra (MAT1289),10,algebra (mat1289)
MAT1304,Introducción a la Geometría,12,introduccion a la geometria
MAT1305,Geometría I,15,geometria 1
MAT130B,Sistemas Numéricos,12,sistemas numericos
MAT1314,Introducción a la Combinatoria,10,introduccion a la combinatoria
MAT1315,Geometría II (MAT1315),15,geometria 2 (mat1315)
MAT1316,Geometría II (MAT1316),10,geometria 2 (mat1316)
MAT1399,Geometría II (MAT1399),10,geometria 2 (mat1399)
MAT1409,Álgebra (MAT1409),10,algebra (mat1409)
MAT140B,Geometría Euclideana,12,geometria euclideana
MAT1492,Álgebra e Introducción al Cálculo,10,algebra e introduccion al calculo
MAT1498,Álgebra (MAT1498),10,algebra (mat1498)
MAT150B,Informativo y Construcción de Conocimiento Matematico,8,informativo y construccion de conocimiento matematico
MAT151L,Laboratorio Cálculo II,5,laboratorio calculo 2
MAT1610,Cálculo I,10,calculo 1
MAT1620,Cálculo II,10,calculo 2
MAT1630,Cálculo III,10,calculo 3
MAT1640,Ecuaciones Diferenciales,10,ecuaciones diferenciales
MAT1900,"Números, Geometría, Datos y Azar para Educación Parvularia",10,"numeros, geometria, datos y azar para educacion parvularia"
MAT1920,Números,10,numeros
MAT2005,Taller de Matemática a,10,taller de matematica a
MAT2006,Historia de la Matemática,10,historia de la matematica
MAT2012,Cb Álgebra y Geometría,15,cb algebra y geometria
MAT2015,Taller de Matemática B,10,taller de matematica b
MAT2016,Métodos Matemáticos para Estadística,10,metodos matematicos para estadistica
MAT2025,Taller de Matemática C,10,taller de matematica c
MAT2075,Teoría de Grafos,10,teoria de grafos
MAT2086,Taller de Matemática (Cpc),10,taller de matematica (cpc)
MAT2095,Taller de Iniciación Cientifica (MAT2095),10,taller de iniciacion cientifica (mat2095)
MAT2096,Taller de Investigación a,15,taller de investigacion a
MAT2097,Taller de Investigación B,15,taller de investigacion b
MAT2098,Taller de Proyectos para la Matemática Escolar,10,taller de proyectos para la matematica escolar
MAT2105,Cálculo de Variedades,10,calculo de variedades
MAT2205,Álgebra Abstracta I,15,algebra abstracta 1
MAT2206,Álgebra Abstracta II,15,algebra abstracta 2
MAT2225,Teoría de Números,10,teoria de numeros
MAT2226,Álgebra I (Cpc),10,algebra 1 (cpc)
MAT2236,Álgebra II (Cpc),10,algebra 2 (cpc)
MAT2305,Geometría Diferencial,15,geometria diferencial
MAT2320,Introducción a Métodos Matemáticos para Aprendizaje Profundo,10,introduccion a metodos matematicos para aprendizaje profundo
MAT2326,Geometría Euclidiana (Cpc),10,geometria euclidiana (cpc)
MAT2335,Introducción a la Geometría Algebraica,10,introduccion a la geometria algebraica
MAT2405,Fundamentos de la Matemática,10,fundamentos de la matematica
MAT2425,Teoría de Conjuntos,10,teoria de conjuntos
MAT2500,Ecuaciones Diferenciales Ordinarias,10,ecuaciones diferenciales ordinarias
MAT2505,Ecuaciones Diferenciales Parciales,15,ecuaciones diferenciales parciales
MAT2506,Introducción al Análisis (Cpc),10,introduccion al analisis (cpc)
MAT2507,Introducción al Análisis,10,introduccion al analisis
MAT250I,Ecuaciones Diferenciales Parciales (MAT250I),10,ecuaciones diferenciales parciales (mat250i)
MAT251I,Análisis Real,10,analisis real
MAT253I,Teoría de Integración,10,teoria de integracion
MAT2544,Topología,15,topologia
MAT2555,Análisis Funcional,15,analisis funcional
MAT255I,Análisis Funcional (MAT255I),10,analisis funcional (mat255i)
MAT2565,Sistemas Dinamicos,15,sistemas dinamicos
MAT2605,Cálculo Científico I,10,calculo cientifico 1
MAT260I,Cálculo Cientico I,10,calculo cientico 1
MAT2615,Cálculo Científico II,10,calculo cientifico 2
MAT2704,Variable Compleja,10,variable compleja
MAT2705,Variable Compleja I,15,variable compleja 1
MAT270I,Variable Compleja I (MAT270I),10,variable compleja 1 (mat270i)
MAT2715,Variable Compleja II,10,variable compleja 2
MAT2804,Teoría de Probabilidades,10,teoria de probabilidades
MAT2805,Teoría de Probabilidades (MAT2805),15,teoria de probabilidades (mat2805)
MAT280I,Métodos Numéricos (MAT280I),10,metodos numericos (mat280i)
MAT2814,Teoría de Números (MAT2814),10,teoria de numeros (mat2814)
MAT2815,Cálculo Estocastico,10,calculo estocastico
MAT281T,Tópicos en Matemática 1,5,topicos en matematica 1
MAT2820,Métodos de la Física Matemática: Teoría Espectral,10,metodos de la fisica matematica: teoria espectral
MAT2824,Introducción a la Geometría Algebraica (MAT2824),10,introduccion a la geometria algebraica (mat2824)
MAT2825,Grandes Desvios y Teoría de Colas,10,grandes desvios y teoria de colas
MAT282T,Tópicos en Matemática 2,5,topicos en matematica 2
MAT2834,Ecuaciones Diferenciales Parciales (MAT2834),10,ecuaciones diferenciales parciales (mat2834)
MAT283T,Tópicos en Matemática 3,5,topicos en matematica 3
MAT2844,Cálculo de Variaciones,10,calculo de variaciones
MAT284T,Tópicos en Matemática 4,5,topicos en matematica 4
MAT2850,Topología Algebraica,10,topologia algebraica
MAT2854,Análisis Funcional (MAT2854),10,analisis funcional (mat2854)
MAT2860,Geometría Diferencial (MAT2860),10,geometria diferencial (mat2860)
MAT2864,Sistemas Dinamicos (MAT2864),10,sistemas dinamicos (mat2864)
MAT2874,Teoría de Elementos Finitos,10,teoria de elementos finitos
MAT2875,Elementos de Geometría Discreta y Computacional,10,elementos de geometria discreta y computacional
MAT2880,"Perfiles Profesionales en Matemáticas: Innovación Docente, Investigación y Transferencia Tecnologica",10,"perfiles profesionales en matematicas: innovacion docente, investigacion y transferencia tecnologica"
MAT2885,Combinatoria Algebraica,10,combinatoria algebraica
MAT2894,Álgebra Conmutativa,10,algebra conmutativa
MAT2920,Álgebra y Sistemas Numéricos I,10,algebra y sistemas numericos 1
MAT2925,Álgebra y Sistemas Numéricos II,10,algebra y sistemas numericos 2
MAT2930,Geometría II (MAT2930),20,geometria 2 (mat2930)
MAT2940,Geometría II (MAT2940),10,geometria 2 (mat2940)
MAT3094,Taller de Trabajo Matematico,20,taller de trabajo matematico
MAT350I,Ecuaciones Diferenciales Parciales para Ingeniería,10,ecuaciones diferenciales parciales para ingenieria
MAT353I,Análisis Funcional Aplicado,10,analisis funcional aplicado
MAT380I,Teoría de Probabilidades (MAT380I),10,teoria de probabilidades (mat380i)
MBE4002,Análisis de Casos Etico-Clinicos I,6,analisis de casos etico-clinicos 1
MEB102M,Introducción a los Estudios Medicos,5,introduccion a los estudios medicos
MEB103E,Anatomía General y del Desarrollo,12,anatomia general y del desarrollo
MEB110F,Aplicaciones Biomédicas de la Física,5,aplicaciones biomedicas de la fisica
MEB123I,Anatomía y Embriología I,15,anatomia y embriologia 1
MEB123J,Anatomía y Embriología II,10,anatomia y embriologia 2
MEB126A,Neuroanatomía,5,neuroanatomia
MEB135B,Patología General,10,patologia general
MEB136,Anatomía Patologica,14,anatomia patologica
MEB137H,Historia de la Medicina,3,historia de la medicina
MEB137L,Terminología Médica Latina y Griega,3,terminologia medica latina y griega
MEB158,Fgc Paternidad Responsable,5,fgc paternidad responsable
MEB162,Fgc Uso y Abuso Aparato Locomotor,5,fgc uso y abuso aparato locomotor
MEB165M,Fundamentos Filosóficos de la Medicina,4,fundamentos filosoficos de la medicina
MEB166,Fgm Salud y Comunidad,5,fgm salud y comunidad
MEB172F,Introducción al Laboratorio Clínico,8,introduccion al laboratorio clinico
MEB173,"Fgm Sexualidad, Fertilidad y Procreación",5,"fgm sexualidad, fertilidad y procreacion"
MEB174,Fgm Solidaridad y Primeros Auxilios,5,fgm solidaridad y primeros auxilios
MEB175Q,Laboratorio Clínico (Química y Farmacia),10,laboratorio clinico (quimica y farmacia)
MEB176B,Laboratorio Clínico (Bioquímica),10,laboratorio clinico (bioquimica)
MEB203C,Fisiopatología General y de Sistemas,20,fisiopatologia general y de sistemas
MEB206A,Parasitología (MEB206A),6,parasitologia (meb206a)
MEB206B,Parasitología (MEB206B),6,parasitologia (meb206b)
MEB207B,Parasitología (MEB207B),5,parasitologia (meb207b)
MEB230Q,Salud Pública para Química y Farmacia,8,salud publica para quimica y farmacia
MEB280,Radiología del Abdomen,5,radiologia del abdomen
MEB281,Adiestramiento Banco de Sangre,5,adiestramiento banco de sangre
MEB282,"Dolor, Sufrimiento y Muerte",5,"dolor, sufrimiento y muerte"
MEB283,Salud y Derecho,5,salud y derecho
MEB284,Latín Basico para Medicina,5,latin basico para medicina
MEB300A,"Medicina,Ciencia y Comunicación I",10,"medicina,ciencia y comunicacion 1"
MEB300B,"Medicina,Ciencia y Comunicación II",10,"medicina,ciencia y comunicacion 2"
MEB303A,Patología Morfologica y Funcional,10,patologia morfologica y funcional
MEB310F,Fisiopatología General:Bases Celulares y Moleculares de las Enfermedades,12,fisiopatologia general:bases celulares y moleculares de las enfermedades
MEB385,La Bioética y el Magisterio de la Iglesia,3,la bioetica y el magisterio de la iglesia
MEC231A,Clinicas Medico-Quirurgica I (Integrado),32,clinicas medico-quirurgica 1 (integrado)
MEC255A,Psiquiatría Clínica,20,psiquiatria clinica
MEC260,Genética Médica,8,genetica medica
MEC2630,Internado de Obstetricia y Ginecología,30,internado de obstetricia y ginecologia
MEC268,Medicina Legal (MEC268),4,medicina legal (mec268)
MEC271,Medicina de Urgencia,8,medicina de urgencia
MEC271A,Internado de Urgencias,10,internado de urgencias
MEC2790,Internado de Medicina,30,internado de medicina
MEC280,Radiología del Abdomen (MEC280),5,radiologia del abdomen (mec280)
MEC281,Adiestramiento Banco de Sangre (MEC281),5,adiestramiento banco de sangre (mec281)
MEC284,Electrocardiografía Práctica,5,electrocardiografia practica
MEC710A,Internado Optativo (MEC710A),40,internado optativo (mec710a)
MEC710B,Internado Optativo (MEC710B),40,internado optativo (mec710b)
MEC710C,Internado Optativo I,35,internado optativo 1
MEC710D,Internado Optativo II,35,internado optativo 2
MEC710M,Internado Medicina Ambulatoria,30,internado medicina ambulatoria
MEC711,Equilibrio Hidrosalino y Acido Basico,4,equilibrio hidrosalino y acido basico
MED101A,Anatomía y Embriología Humana I,15,anatomia y embriologia humana 1
MED101O,Anatomía Topográfica y Embriología I,10,anatomia topografica y embriologia 1
MED102A,Anatomía y Embriología Humana II,10,anatomia y embriologia humana 2
MED102O,Anatomía Topográfica y Embriología II,10,anatomia topografica y embriologia 2
MED103A,Introducción a los Estudios Medicos (MED103A),5,introduccion a los estudios medicos (med103a)
MED105A,Fundamentos Filosóficos de la Medicina (MED105A),4,fundamentos filosoficos de la medicina (med105a)
MED105B,Fundamentos Filosóficos de la Medicina y Odontología,5,fundamentos filosoficos de la medicina y odontologia
MED106A,Aplicaciones Biomédicas de la Física (MED106A),5,aplicaciones biomedicas de la fisica (med106a)
MED107A,Bases y Fundamentos de la Medicina I,10,bases y fundamentos de la medicina 1
MED108A,Bases y Fundamentos de la Medicina II,10,bases y fundamentos de la medicina 2
MED109A,Psicología Médica,5,psicologia medica
MED110A,Integrado Ciencias Médicas I,5,integrado ciencias medicas 1
MED111A,Morfología I,5,morfologia 1
MED201A,Neuroanatomía (MED201A),5,neuroanatomia (med201a)
MED201O,Neuroanatomía Estomatologica,5,neuroanatomia estomatologica
MED203A,Histología Humana,15,histologia humana
MED203O,Histología para Odontología (MED203O),7,histologia para odontologia (med203o)
MED204O,Neurofisiología para Odontología,5,neurofisiologia para odontologia
MED205A,Morfología II,15,morfologia 2
MED207A,Antropología y Ética,10,antropologia y etica
MED208A,Inmunología y Genética,5,inmunologia y genetica
MED209A,Integrado Ciencias Médicas II,5,integrado ciencias medicas 2
MED2100,Introducción a la Neurociencia Cognitiva,10,introduccion a la neurociencia cognitiva
MED2101,Neurociencia de Circuitos y Sistemas,10,neurociencia de circuitos y sistemas
MED2102,Unidad de Investigación,10,unidad de investigacion
MED2103,Neuroanatomía del Sistema Nervioso,10,neuroanatomia del sistema nervioso
MED210A,Integrado Ciencias Médicas III,5,integrado ciencias medicas 3
MED211A,Fisiopatología General,10,fisiopatologia general
MED213A,Morfología III,15,morfologia 3
MED214A,Bases y Mecanismos de la Enfermedad I,30,bases y mecanismos de la enfermedad 1
MED301A,Integrado de Clínica I,8,integrado de clinica 1
MED301O,Microbiología para Odontología,7,microbiologia para odontologia
MED302A,Integrado de Clínica II,32,integrado de clinica 2
MED302O,Fisiopatología y Semiología de Sistemas,15,fisiopatologia y semiologia de sistemas
MED303A,Patología Morfologica y Funcional (MED303A),15,patologia morfologica y funcional (med303a)
MED303O,Farmacología para Odontología,8,farmacologia para odontologia
MED305A,Historia de la Medicina (MED305A),3,historia de la medicina (med305a)
MED306A,Microbiología Médica,10,microbiologia medica
MED307A,Farmacología Médica,8,farmacologia medica
MED308A,Clínica I,15,clinica 1
MED309A,Clinicas II,40,clinicas 2
MED310A,Fisiopatología de Sistemas,15,fisiopatologia de sistemas
MED310B,Bases y Mecanismos de la Enfermedad II,15,bases y mecanismos de la enfermedad 2
MED311A,Integrado Ciencias Médicas IV,5,integrado ciencias medicas 4
MED312A,Integrado Ciencias Médicas V,5,integrado ciencias medicas 5
MED401A,Integrado de Clínica III,40,integrado de clinica 3
MED402A,Integrado de Clínica IV,40,integrado de clinica 4
MED403A,Ética Médica,10,etica medica
MED404A,Clinicas III,40,clinicas 3
MED405A,Integrado Ciencias Médicas VI,5,integrado ciencias medicas 6
MED406A,Integrado Ciencias Médicas VII,5,integrado ciencias medicas 7
MED407A,Integrado Quirúrgico,15,integrado quirurgico
MED408A,Neurociencias,15,neurociencias
MED409A,Medicina Adulto,15,medicina adulto
MED501A,Integrado de Clinicas Médicas,20,integrado de clinicas medicas
MED502A,Integrado de Clinicas Quirurgicas,20,integrado de clinicas quirurgicas
MED503A,Psiquiatría Clínica (MED503A),20,psiquiatria clinica (med503a)
MED504A,Pediatría y Cirugía Infantil y Ortopedia I,20,pediatria y cirugia infantil y ortopedia 1
MED504B,Pediatría y Cirugía Infantil,15,pediatria y cirugia infantil
MED505A,Obstetricia y Ginecología,20,obstetricia y ginecologia
MED506A,"Especialidades: Dermatología, Oftalmología y Otorrinolaringología",6,"especialidades: dermatologia, oftalmologia y otorrinolaringologia"
MED507A,Introducción al Internado,4,introduccion al internado
MED508A,Bases de la Práctica Profesional,10,bases de la practica profesional
MED509A,Integrado Ciencias Médicas VIII,5,integrado ciencias medicas 8
MED601A,Internado de Cirugía,34,internado de cirugia
MED601B,Internado de Cirugía (MED601B),25,internado de cirugia (med601b)
MED602A,Internado de Medicina Interna,34,internado de medicina interna
MED602B,Internado de Medicina Interna (MED602B),25,internado de medicina interna (med602b)
MED603A,Internado de Obstetricia y Ginecología (MED603A),30,internado de obstetricia y ginecologia (med603a)
MED603B,Internado de Obstetricia y Ginecología (MED603B),25,internado de obstetricia y ginecologia (med603b)
MED604A,Internado de Pediatría,30,internado de pediatria
MED604B,Internado de Pediatría (MED604B),25,internado de pediatria (med604b)
MED605A,Internado Medicina Familiar,20,internado medicina familiar
MED606A,Internado de Urgencias (MED606A),15,internado de urgencias (med606a)
MED607A,Internado de Otorrinolaringología,5,internado de otorrinolaringologia
MED608A,Internado de Neuropsiquiatría Clínica,20,internado de neuropsiquiatria clinica
MED609A,Internado de Oftalmología,5,internado de oftalmologia
MED611A,Internado de Dermatología,5,internado de dermatologia
MED612A,Internado de Profundización,5,internado de profundizacion
MED701A,Internado de Medicina Ambulatoria,30,internado de medicina ambulatoria
MED701B,Internado de Medicina Familiar,30,internado de medicina familiar
MED701C,Internado de Medicina Familiar (MED701C),27,internado de medicina familiar (med701c)
MED701D,Internado de Medicina Familiar (MED701D),17,internado de medicina familiar (med701d)
MED702A,Internado Optativo I (MED702A),35,internado optativo 1 (med702a)
MED702B,Internado Optativo I (MED702B),30,internado optativo 1 (med702b)
MED703A,Internado Optativo II (MED703A),35,internado optativo 2 (med703a)
MED703B,Internado Optativo II (MED703B),20,internado optativo 2 (med703b)
MED704A,Internado de Urgencias (MED704A),10,internado de urgencias (med704a)
MED704B,Internado de Urgencias (MED704B),15,internado de urgencias (med704b)
MED705A,Administración y Medicina Social,4,administracion y medicina social
MED705B,Administración en Salud,6,administracion en salud
MED706A,Medicina Legal (MED706A),4,medicina legal (med706a)
MED706B,Medicina Legal (MED706B),6,medicina legal (med706b)
MED707A,Internado de Psiquiatría,15,internado de psiquiatria
MED708A,"Internado de Especialidades: Dermatología, Oftalmología y Otorrinolaringología",10,"internado de especialidades: dermatologia, oftalmologia y otorrinolaringologia"
MED801,"Cmd Dolor, Sufrimiento y Muerte",10,"cmd dolor, sufrimiento y muerte"
MED802,Medicina Basada en Evidencia,5,medicina basada en evidencia
MED803,Terminología Médica Latina,3,terminologia medica latina
MED804,Introducción a la Educación Participativa de Adultos en el Ambito de la Salud,3,introduccion a la educacion participativa de adultos en el ambito de la salud
MED805,Cmd Pobreza y Salud,10,cmd pobreza y salud
MED806,"Cmd Salud, Cultura y Persona",10,"cmd salud, cultura y persona"
MED807,"CMD Medicina, Tecnología y Persona Humana",10,"cmd medicina, tecnologia y persona humana"
MED808,Medicina de Lugares Remotos,5,medicina de lugares remotos
MED809,Radiología Osteoarticular,5,radiologia osteoarticular
MED810,Cmd Metodología de la Investigación,10,cmd metodologia de la investigacion
MED811,Cmd Manejo y Ética Animal,10,cmd manejo y etica animal
MED812A,Unidad de Investigación Experimental I,5,unidad de investigacion experimental 1
MED812B,Unidad de Investigación Experimental II,5,unidad de investigacion experimental 2
MED813A,Unidad de Investigación en Humanos I,5,unidad de investigacion en humanos 1
MED813B,Unidad de Investigación en Humanos II,5,unidad de investigacion en humanos 2
MED814A,Unidad de Investigación Aplicada e Innovación I,5,unidad de investigacion aplicada e innovacion 1
MED814B,Unidad de Investigación Aplicada e Innovación II,5,unidad de investigacion aplicada e innovacion 2
MED815A,Unidad de Investigación Experimental Intensiva I (Verano),10,unidad de investigacion experimental intensiva 1 (verano)
MED815B,Unidad de Inestigación Experimental Intensiva II (Verano),10,unidad de inestigacion experimental intensiva 2 (verano)
MED816A,Unidad de Investigación en Humanos Intensiva I (Verano),10,unidad de investigacion en humanos intensiva 1 (verano)
MED816B,Unidad de Investigación en Humanos Intensiva II (Verano),10,unidad de investigacion en humanos intensiva 2 (verano)
MED817A,Unidad de Investigación Intensiva I (Verano),10,unidad de investigacion intensiva 1 (verano)
MED817B,Unidad de Investigación Intensiva II (Verano),10,unidad de investigacion intensiva 2 (verano)
MED818A,Unidad de Taller Bibliografico I,5,unidad de taller bibliografico 1
MED818B,Unidad de Taller Bibliografico II,5,unidad de taller bibliografico 2
MED819,Cmd Ética y Buenas Practicas en Investigación en Seres Humanos,10,cmd etica y buenas practicas en investigacion en seres humanos
MED820,Cmd Introduction to Biomedical Informatics,10,cmd introduction to biomedical informatics
MED822,Taller de Bioestadística Aplicada Usando Minitab,10,taller de bioestadistica aplicada usando minitab
MED823,CMD La Alimentación Saludable y sus Trastornos,10,cmd la alimentacion saludable y sus trastornos
MED824,Equilibrio Hidrosalino y Acido Basico (MED824),5,equilibrio hidrosalino y acido basico (med824)
MED825,Sociedad y Políticas de Salud en Chile,10,sociedad y politicas de salud en chile
MED826,Radiología Toracica,5,radiologia toracica
MED827,Investigación en Pregrado UC Propone Medicina,10,investigacion en pregrado uc propone medicina
MED828,Enfermedades Tropicales Desatendidas del Estudio de Campo al Microscopio,10,enfermedades tropicales desatendidas del estudio de campo al microscopio
MED829,Pandemias:Pasado y Presente,10,pandemias:pasado y presente
MED831,Radiología de Emergencias,5,radiologia de emergencias
MED832,Innovación Social en Salud,10,innovacion social en salud
MED834,Introducción al Desarrollo de Soluciones en Salud,10,introduccion al desarrollo de soluciones en salud
MED835,Salud y Desigualdades Sociales,10,salud y desigualdades sociales
MED836,Fin de Vida y Muerte: Distintas Miradas a un Mismo Fenomeno,10,fin de vida y muerte: distintas miradas a un mismo fenomeno
MED837,Primeros Auxilios Básicos en Lugares Remotos,10,primeros auxilios basicos en lugares remotos
MED838,Diversidad Cognitiva: mi Rol en la Cultura Inclusiva,10,diversidad cognitiva: mi rol en la cultura inclusiva
MED842,Salud Planetaria & Cambio Social: Estrategias para la Acción,10,salud planetaria & cambio social: estrategias para la accion
MED843,ñPodemos ser mas Felicesñ: La Ciencia y la Práctica del Bienestar,5,npodemos ser mas felicesn: la ciencia y la practica del bienestar
MED844,Introducción a la Imagenología Pediátrica,5,introduccion a la imagenologia pediatrica
MED845,"Alimentación, Bienestar y Salud",10,"alimentacion, bienestar y salud"
MED846,Estrategias para el Manejo de la Pandemia de SARS-CoV-2,5,estrategias para el manejo de la pandemia de sars-cov-2
MED847,Medicina y Cambio Social,5,medicina y cambio social
MED848,Investigadores Junior en Medicina de Urgencia,5,investigadores junior en medicina de urgencia
MED850,Medicina Culinaria y Salud.,5,medicina culinaria y salud.
MED851,Ultrasonido Clínico del Paciente con Shock Indiferenciado,5,ultrasonido clinico del paciente con shock indiferenciado
MED852,Abordaje del Dolor Crónico desde una Perspectiva Interdisciplinaria,5,abordaje del dolor cronico desde una perspectiva interdisciplinaria
MED853,ñQue Sabemos de Donación de Organosñ,5,nque sabemos de donacion de organosn
MED854,El Desafio Social y Cultural del Cancer,10,el desafio social y cultural del cancer
MED855,Estrategias Innovadoras en Salud (Innovasalud),10,estrategias innovadoras en salud (innovasalud)
MED856,"Dislipidemias: Etiopatogenia, Diagnóstico y Tratamiento",5,"dislipidemias: etiopatogenia, diagnostico y tratamiento"
MED857,Todos Vamos para Alla: Desafíos Actuales del Envejecimiento con un Enfoque Interdisciplinario,10,todos vamos para alla: desafios actuales del envejecimiento con un enfoque interdisciplinario
MED858,Física Aplicada a la Salud: Una Mirada Interdisciplinaria,10,fisica aplicada a la salud: una mirada interdisciplinaria
MED859,Medicos de Ciencia y Conciencia: Grandes Mentores en la Historia,5,medicos de ciencia y conciencia: grandes mentores en la historia
MED860,Inserción Temprana en Investigación en Salud,5,insercion temprana en investigacion en salud
MED861,Pandemias: Mas qué Microbios,10,pandemias: mas que microbios
MED862,Sociedad y Salud en Chile: Entre la Política y la Ciencia.,10,sociedad y salud en chile: entre la politica y la ciencia.
MED863,UC Propone: Investigación Aplicada en Ciencias Sociales (MED863),10,uc propone: investigacion aplicada en ciencias sociales (med863)
MED864,Atención Interdisciplinaria del Cancer en Personas Adultas,5,atencion interdisciplinaria del cancer en personas adultas
MED865,Razonamiento Clínico: de la Teoría a la Práctica,5,razonamiento clinico: de la teoria a la practica
MED866A,Introducción a la Medicina del Trabajo y Salud Ocupacional,5,introduccion a la medicina del trabajo y salud ocupacional
MED867A,Desarrollo de la Comunicación Efectiva en la Relación de Ayuda para Profesionales de la Salud,5,desarrollo de la comunicacion efectiva en la relacion de ayuda para profesionales de la salud
MEE275A,Administración y Medicina Social (MEE275A),4,administracion y medicina social (mee275a)
MEF101A,Introducción a la Anatomía,5,introduccion a la anatomia
MEF203A,Farmacología para Ciencias de la Salud,5,farmacologia para ciencias de la salud
MEF203B,Farmacología para Fonoaudiología,5,farmacologia para fonoaudiologia
MEF204A,Alteraciones del Sistema Nervioso en Niños y Adolescentes,10,alteraciones del sistema nervioso en ninos y adolescentes
MEF301A,Alteraciones del Sistema Nervioso en Adultos,10,alteraciones del sistema nervioso en adultos
MEF302A,Ética para Ciencias de la Salud,10,etica para ciencias de la salud
MEF302B,Ética para Fonoaudiología,10,etica para fonoaudiologia
MEF401A,Gestión en Organizaciones de Salud,5,gestion en organizaciones de salud
MEK101A,Morfología General,10,morfologia general
MEK102,Fundamentos Psicológicos para Kinesiología,5,fundamentos psicologicos para kinesiologia
MEK204A,Farmacología para Ciencias de la Salud (MEK204A),5,farmacologia para ciencias de la salud (mek204a)
MEK204C,Farmacología para Kinesiología,5,farmacologia para kinesiologia
MEK301A,Semiología y Anamnesis para Ciencias de la Salud,5,semiologia y anamnesis para ciencias de la salud
MEK302A,Ética para Ciencias de la Salud (MEK302A),10,etica para ciencias de la salud (mek302a)
MEK302B,Ética para Kinesiología,10,etica para kinesiologia
MEK405A,Evaluación de la Investigación Aplicada (MEK405A),5,evaluacion de la investigacion aplicada (mek405a)
MEN102A,Morfología Humana,10,morfologia humana
MEN203A,Introducción a la Farmacología,5,introduccion a la farmacologia
MEN204B,Farmacología para Ciencias de la Salud (MEN204B),5,farmacologia para ciencias de la salud (men204b)
MEN204C,Farmacología para Nutrición y Dietética,5,farmacologia para nutricion y dietetica
MEN206A,Farmacología para Nutrición,10,farmacologia para nutricion
MEN302A,Microbiología e Higiene de Alimentos (MEN302A),10,microbiologia e higiene de alimentos (men302a)
MEN302B,Microbiología e Higiene de los Alimentos,10,microbiologia e higiene de los alimentos
MEN304A,Fisiopatología Pediátrica,10,fisiopatologia pediatrica
MEN305A,Ética para Ciencias de la Salud (MEN305A),10,etica para ciencias de la salud (men305a)
MEN305B,Ética para Nutrición y Dietética,10,etica para nutricion y dietetica
MEN401A,Evaluación de la Investigación Aplicada (MEN401A),5,evaluacion de la investigacion aplicada (men401a)
MEP101,Anatomía General,10,anatomia general
MEP201,Anatomía Musculoesquelética,5,anatomia musculoesqueletica
MEP501,Salud Pública para la Vida Activa y Deportiva,10,salud publica para la vida activa y deportiva
MET101A,Integrado de Ciencias Básicas para Farmacología,5,integrado de ciencias basicas para farmacologia
MET102A,Fundamentos Psicológicos para Terapia Ocupacional,10,fundamentos psicologicos para terapia ocupacional
MET201A,Morfología General y de Sistemas,10,morfologia general y de sistemas
MET202A,Ciclo Vital y Desarrollo Humano,10,ciclo vital y desarrollo humano
MET502A,Salud Mental Infanto Juvenil,10,salud mental infanto juvenil
MET601A,Salud Mental Adulto y Persona Mayor,10,salud mental adulto y persona mayor
MLM1000,Matemática Discreta (MLM1000),12,matematica discreta (mlm1000)
MLM1001,Matemática Discreta (MLM1001),15,matematica discreta (mlm1001)
MLM1011,Laboratorio 1,5,laboratorio 1
MLM1221,Álgebra (MLM1221),15,algebra (mlm1221)
MLM122I,Álgebra (MLM122I),10,algebra (mlm122i)
MLM1310,Geometría II (MLM1310),15,geometria 2 (mlm1310)
MLM2000,Taller de Matemática a (MLM2000),12,taller de matematica a (mlm2000)
MLM2001,Taller de Matemática a (MLM2001),10,taller de matematica a (mlm2001)
MLM2011,Taller de Matemática B (MLM2011),10,taller de matematica b (mlm2011)
MLM2020,Taller de Matemática C (MLM2020),12,taller de matematica c (mlm2020)
MLM2021,Taller de Matemática C (MLM2021),10,taller de matematica c (mlm2021)
MLM2030,Taller de Iniciación Cientifica (MLM2030),10,taller de iniciacion cientifica (mlm2030)
MLM2050,Optimización de Redes,12,optimizacion de redes
MLM2051,Organización de Redes,15,organizacion de redes
MLM2070,Teoría de Grafos (MLM2070),12,teoria de grafos (mlm2070)
MLM2071,Teoría de Grafos (MLM2071),15,teoria de grafos (mlm2071)
MLM2100,Cálculo en Variedades,12,calculo en variedades
MLM2101,Cálculo en Variedades (MLM2101),15,calculo en variedades (mlm2101)
MLM2211,Álgebra Abstracta 2,15,algebra abstracta 2
MLM2220,Teoría de Números (MLM2220),12,teoria de numeros (mlm2220)
MLM2221,Teoría de Números (MLM2221),10,teoria de numeros (mlm2221)
MLM2300,Geometría Diferencial (MLM2300),12,geometria diferencial (mlm2300)
MLM2301,Geometría Diferencial (MLM2301),15,geometria diferencial (mlm2301)
MLM2350,Introducción Sistemas Dinamicos,12,introduccion sistemas dinamicos
MLM2400,Fundamentos de la Matemática (MLM2400),12,fundamentos de la matematica (mlm2400)
MLM2401,Fundamentos de la Matemática (MLM2401),15,fundamentos de la matematica (mlm2401)
MLM2420,Teoría de Conjuntos (MLM2420),12,teoria de conjuntos (mlm2420)
MLM2421,Teoría de Conjuntos (MLM2421),15,teoria de conjuntos (mlm2421)
MLM2500,Introducción al Análisis Real,12,introduccion al analisis real
MLM2501,Introducción al Análisis Real (MLM2501),15,introduccion al analisis real (mlm2501)
MLM2531,Teoría de la Integración,12,teoria de la integracion
MLM253I,Teoría de la Integración (MLM253I),12,teoria de la integracion (mlm253i)
MLM2610,Cálculo Científico II (MLM2610),12,calculo cientifico 2 (mlm2610)
MLM2611,Cálculo Científico 2,15,calculo cientifico 2
MLM261I,Cálculo Científico II (MLM261I),10,calculo cientifico 2 (mlm261i)
MLM2700,Variable Compleja I (MLM2700),12,variable compleja 1 (mlm2700)
MLM2701,Variable Compleja I (MLM2701),15,variable compleja 1 (mlm2701)
MLM270I,Variable Compleja I (MLM270I),12,variable compleja 1 (mlm270i)
MLM2801,Probabilidades y Medida,15,probabilidades y medida
MLM280I,Probabilidades y Medida (MLM280I),10,probabilidades y medida (mlm280i)
MLM2910,Matemática y Tecnología 1,12,matematica y tecnologia 1
MLM2911,Matemática y Tecnología 1 (MLM2911),10,matematica y tecnologia 1 (mlm2911)
MLM2920,Matemática y Tecnología II,12,matematica y tecnologia 2
MLM2921,Matemática y Tecnología 2,10,matematica y tecnologia 2
MLM2930,Matemática y Tecnología 3,12,matematica y tecnologia 3
MLM2931,Matemática y Tecnología 3 (MLM2931),10,matematica y tecnologia 3 (mlm2931)
MLM2940,Matemática y Tecnología 4,12,matematica y tecnologia 4
MLM2941,Matemática y Tecnología 4 (MLM2941),10,matematica y tecnologia 4 (mlm2941)
MLM3500,Ecuaciones Diferenciales Parciales (MLM3500),12,ecuaciones diferenciales parciales (mlm3500)
MLM3501,Ecuaciones Diferenciales Parciales (MLM3501),15,ecuaciones diferenciales parciales (mlm3501)
MLM350I,Ecuaciones Diferenciales Parciales (MLM350I),12,ecuaciones diferenciales parciales (mlm350i)
MLM3530,Análisis Funcional (MLM3530),12,analisis funcional (mlm3530)
MLM3531,Análisis Funcional (MLM3531),15,analisis funcional (mlm3531)
MLM353I,Análisis Funcional (MLM353I),10,analisis funcional (mlm353i)
MLM3600,Modelación y Simulación de Sistemas Continuos,12,modelacion y simulacion de sistemas continuos
MLM3601,Modelo y Simulación de Sistemas Continuos,10,modelo y simulacion de sistemas continuos
MLM3700,Variable Compleja II (MLM3700),12,variable compleja 2 (mlm3700)
MLM3701,Variable Compleja II (MLM3701),10,variable compleja 2 (mlm3701)
MLM3800,Teoría de Probabilidades (MLM3800),12,teoria de probabilidades (mlm3800)
MLM3801,Teoría de Probabilidades (MLM3801),15,teoria de probabilidades (mlm3801)
MLM380I,Teoría de Probabilidades (MLM380I),10,teoria de probabilidades (mlm380i)
MLM3810,Cálculo Estocastico (MLM3810),12,calculo estocastico (mlm3810)
MLM3811,Cálculo Estocastico (MLM3811),10,calculo estocastico (mlm3811)
MOB400,Práctica Clínica Obstetricia y Ginecología,18,practica clinica obstetricia y ginecologia
MOB400A,Práctica Clínica Obstetricia y Ginecología (MOB400A),26,practica clinica obstetricia y ginecologia (mob400a)
MOB400B,Práctica Clínica Obstetricia y Ginecología (MOB400B),34,practica clinica obstetricia y ginecologia (mob400b)
MOB400C,Práctica Clínica Obstetricia y Ginecología (MOB400C),42,practica clinica obstetricia y ginecologia (mob400c)
MOB400D,Práctica Clínica Obstetricia y Ginecología (MOB400D),50,practica clinica obstetricia y ginecologia (mob400d)
MOB400E,Práctica Clínica Obstetricia y Ginecología (MOB400E),9,practica clinica obstetricia y ginecologia (mob400e)
MOC403,Práctica Clínica en Cirugía,18,practica clinica en cirugia
MOC403A,Práctica Clínica en Cirugía (MOC403A),26,practica clinica en cirugia (moc403a)
MOC403B,Práctica Clínica en Cirugía (MOC403B),34,practica clinica en cirugia (moc403b)
MOC403C,Práctica Clínica en Cirugía (MOC403C),42,practica clinica en cirugia (moc403c)
MOC403D,Práctica Clínica en Cirugía (MOC403D),50,practica clinica en cirugia (moc403d)
MOC403E,Práctica Clínica en Cirugía (MOC403E),9,practica clinica en cirugia (moc403e)
MOD001,Modalidad de Titulación 1,0,modalidad de titulacion 1
MOD002,Modalidad de Titulación 2,0,modalidad de titulacion 2
MOD1300,Unidad de Investigación I,16,unidad de investigacion 1
MOM400,Práctica Clínica Medicina Interna,6,practica clinica medicina interna
MOM401,Práctica Clínica Medicina Interna (MOM401),18,practica clinica medicina interna (mom401)
MOM401A,Práctica Clínica Medicina Interna (MOM401A),26,practica clinica medicina interna (mom401a)
MOM401B,Práctica Clínica Medicina Interna (MOM401B),34,practica clinica medicina interna (mom401b)
MOM401C,Práctica Clínica Medicina Interna (MOM401C),42,practica clinica medicina interna (mom401c)
MOM401D,Práctica Clínica Medicina Interna (MOM401D),50,practica clinica medicina interna (mom401d)
MOM401E,Práctica Clínica Medicina Interna (MOM401E),9,practica clinica medicina interna (mom401e)
MON404,Práctica Clínica en Neurología,18,practica clinica en neurologia
MON404E,Práctica Clínica en Neurología (MON404E),9,practica clinica en neurologia (mon404e)
MOO404,Práctica Clínica en Otorrinolaringología,18,practica clinica en otorrinolaringologia
MOO404E,Práctica Clínica en Otorrinolaringología (MOO404E),9,practica clinica en otorrinolaringologia (moo404e)
MOP402,Práctica Clínica en Pediatría,18,practica clinica en pediatria
MOP402A,Práctica Clínica en Pediatría (MOP402A),26,practica clinica en pediatria (mop402a)
MOP402B,Práctica Clínica en Pediatría (MOP402B),34,practica clinica en pediatria (mop402b)
MOP402C,Práctica Clínica en Pediatría (MOP402C),42,practica clinica en pediatria (mop402c)
MOP402D,Práctica Clínica en Pediatría (MOP402D),50,practica clinica en pediatria (mop402d)
MOP402E,Práctica Clínica en Pediatría (MOP402E),9,practica clinica en pediatria (mop402e)
MUC1000,Apreciación de Música en Vivo,10,apreciacion de musica en vivo
MUC187,Fgh la Música en Nuestro Tiempo,5,fgh la musica en nuestro tiempo
MUC194,Fgh la Interpretación y los Estilos,5,fgh la interpretacion y los estilos
MUC203,Música de Camara IV,6,musica de camara 4
MUC204,Música de Camara V,6,musica de camara 5
MUC221,Fgh Iniciación al Canto Coral,5,fgh iniciacion al canto coral
MUC222,Fgh Coro Avanzado I,5,fgh coro avanzado 1
MUC225,Taller de Música y Sus Elementos Formales,10,taller de musica y sus elementos formales
MUC226,Taller de Expresión Instrumental Vocal,10,taller de expresion instrumental vocal
MUC401A,Lectura 1a,6,lectura 1a
MUC401B,Lectura 1b,6,lectura 1b
MUC402A,Lectura 2a,6,lectura 2a
MUC402B,Lectura 2b,6,lectura 2b
MUC403A,Conceptos Básicos de Música a,5,conceptos basicos de musica a
MUC403B,Conceptos Básicos de Música B,5,conceptos basicos de musica b
MUC404A,Audición Dirigida 1a,5,audicion dirigida 1a
MUC404B,Audición Dirigida 1b,5,audicion dirigida 1b
MUC405A,Historia de la Música 1a,5,historia de la musica 1a
MUC405B,Historia de la Música 1b,5,historia de la musica 1b
MUC406A,Historia de la Música 2a,5,historia de la musica 2a
MUC406B,Historia de la Música 2b,5,historia de la musica 2b
MUC407A,Armonía 1a,5,armonia 1a
MUC407B,Armonía 1b,5,armonia 1b
MUC408A,Armonía 2a,5,armonia 2a
MUC408B,Armonía 2b,5,armonia 2b
MUC409A,Actividad Principal 1a,10,actividad principal 1a
MUC409B,Actividad Principal 1b,10,actividad principal 1b
MUC410A,Actividad Principal 2a,10,actividad principal 2a
MUC410B,Actividad Principal 2b,10,actividad principal 2b
MUC411A,Fonética 1a,6,fonetica 1a
MUC411B,Fonética 1b,6,fonetica 1b
MUC412A,Fonética 2a,6,fonetica 2a
MUC412B,Fonética 2b,6,fonetica 2b
MUC413A,Fisiología de la Respiración a,5,fisiologia de la respiracion a
MUC413B,Fisiología de la Respiración B,5,fisiologia de la respiracion b
MUC414A,Expresión Corporal a,5,expresion corporal a
MUC414B,Expresión Corporal B,5,expresion corporal b
MUC415A,Piano Complementario 1a,5,piano complementario 1a
MUC415B,Piano Complementario 1b,5,piano complementario 1b
MUC416A,Piano Complementario 2a,5,piano complementario 2a
MUC416B,Piano Complementario 2b,5,piano complementario 2b
MUC417A,Contrapunto 1a,6,contrapunto 1a
MUC417B,Contrapunto 1b,6,contrapunto 1b
MUC418A,Contrapunto 2a,6,contrapunto 2a
MUC418B,Contrapunto 2b,6,contrapunto 2b
MUC419A,Coro 1a,5,coro 1a
MUC419B,Coro 1b,5,coro 1b
MUC420A,Coro 2a,5,coro 2a
MUC420B,Coro 2b,5,coro 2b
MUC421A,Práctica de Conjunto 1a,6,practica de conjunto 1a
MUC421B,Práctica de Conjunto 1b,6,practica de conjunto 1b
MUC422A,Práctica de Conjunto 2a,6,practica de conjunto 2a
MUC422B,Práctica de Conjunto 2b,6,practica de conjunto 2b
MUC423A,Literatura para Teclado 1a,6,literatura para teclado 1a
MUC423B,Literatura para Teclado 1b,6,literatura para teclado 1b
MUC424A,Literatura para Teclado 2a,6,literatura para teclado 2a
MUC424B,Literatura para Teclado 2b,6,literatura para teclado 2b
MUC425A,Acompañamiento 1a,5,acompanamiento 1a
MUC425B,Acompañamiento 1b,5,acompanamiento 1b
MUC426A,Acompañamiento 2a,5,acompanamiento 2a
MUC426B,Acompañamiento 2b,5,acompanamiento 2b
MUC427A,Auditivo 1a,5,auditivo 1a
MUC427B,Auditivo 1b,5,auditivo 1b
MUC428A,Auditivo 2a,5,auditivo 2a
MUC428B,Auditivo 2b,5,auditivo 2b
MUC429A,Audición Dirigida 2a,5,audicion dirigida 2a
MUC429B,Audición Dirigida 2b,5,audicion dirigida 2b
MUC430A,Audición Dirigida 3a,5,audicion dirigida 3a
MUC430B,Audición Dirigida 3b,5,audicion dirigida 3b
MUC431A,Análisis 1a,6,analisis 1a
MUC431B,Análisis 1b,6,analisis 1b
MUC432A,Análisis 2a,6,analisis 2a
MUC432B,Análisis 2b,6,analisis 2b
MUC433A,Expresión Escenica a,5,expresion escenica a
MUC433B,Expresión Escenica B,5,expresion escenica b
MUC434A,Música de Camara 1a,15,musica de camara 1a
MUC434B,Música de Camara 1b,15,musica de camara 1b
MUC435A,Música de Camara 2a,15,musica de camara 2a
MUC435B,Música de Camara 2b,15,musica de camara 2b
MUC436A,Taller de Composición 1a,15,taller de composicion 1a
MUC436B,Taller de Composición 1b,15,taller de composicion 1b
MUC437A,Taller de Composición 2a,15,taller de composicion 2a
MUC437B,Taller de Composición 2b,15,taller de composicion 2b
MUC438A,Contrapunto 3a,10,contrapunto 3a
MUC438B,Contrapunto 3b,10,contrapunto 3b
MUC439A,Contrapunto 4a,10,contrapunto 4a
MUC439B,Contrapunto 4b,10,contrapunto 4b
MUC440A,Organología,10,organologia
MUC441A,Orquestación,10,orquestacion
MUC441B,Orquestación (MUC441B),10,orquestacion (muc441b)
MUC442A,Instrumento-Cuerdas 1a,20,instrumento-cuerdas 1a
MUC442B,Instrumento-Cuerdas 1b,20,instrumento-cuerdas 1b
MUC443A,Instrumento-Cuerdas 2a,20,instrumento-cuerdas 2a
MUC443B,Instrumento-Cuerdas 2b,20,instrumento-cuerdas 2b
MUC444A,Instrumento-Vientos 1a,20,instrumento-vientos 1a
MUC444B,Instrumento-Vientos 1b,20,instrumento-vientos 1b
MUC445A,Instrumento-Vientos 2a,20,instrumento-vientos 2a
MUC445B,Instrumento-Vientos 2b,20,instrumento-vientos 2b
MUC446A,Guitarra 1a,20,guitarra 1a
MUC446B,Guitarra 1b,20,guitarra 1b
MUC447A,Guitarra 2a,20,guitarra 2a
MUC447B,Guitarra 2b,20,guitarra 2b
MUC448A,Piano 1a,20,piano 1a
MUC448B,Piano 1b,20,piano 1b
MUC449A,Piano 2a,20,piano 2a
MUC449B,Piano 2b,20,piano 2b
MUC450A,Percusión 1a,20,percusion 1a
MUC450B,Percusión 1b,20,percusion 1b
MUC451A,Percusión 2a,20,percusion 2a
MUC451B,Percusión 2b,20,percusion 2b
MUC452A,Canto 1a,15,canto 1a
MUC452B,Canto 1b,15,canto 1b
MUC453A,Canto 2a,20,canto 2a
MUC453B,Canto 2b,20,canto 2b
MUC501,Coro,10,coro
MUC502,Percepción del Discurso Musical,10,percepcion del discurso musical
MUC503,Problematicas de la Interpretación,10,problematicas de la interpretacion
MUC504,Música en Chile y América,10,musica en chile y america
MUC505,Historia de la Música I,10,historia de la musica 1
MUC506,Historia de la Música II,10,historia de la musica 2
MUC507,Análisis 1,8,analisis 1
MUC508,Análisis 2,8,analisis 2
MUC509,Análisis 3,8,analisis 3
MUC510,Análisis 4,8,analisis 4
MUC511,Composición Corporal,5,composicion corporal
MUC512,Expresión Corporal 1,5,expresion corporal 1
MUC513,Expresión Corporal 2,5,expresion corporal 2
MUC514,Taller de Lenguaje 1,10,taller de lenguaje 1
MUC515,Taller de Lenguaje 2,10,taller de lenguaje 2
MUC516,Taller de Lenguaje 3,10,taller de lenguaje 3
MUC517,Taller de Lenguaje 4,10,taller de lenguaje 4
MUC518,Taller de Lenguaje 5,10,taller de lenguaje 5
MUC519,Taller de Lenguaje 6,10,taller de lenguaje 6
MUC520,Taller de Lenguaje 7,10,taller de lenguaje 7
MUC521,Taller de Lenguaje 8,10,taller de lenguaje 8
MUC522,Lenguaje Superior 1,10,lenguaje superior 1
MUC523,Lenguaje Superior 2,10,lenguaje superior 2
MUC524,Lenguaje Superior 3,10,lenguaje superior 3
MUC525,Lenguaje Superior 4,10,lenguaje superior 4
MUC526,Lenguaje Superior 5,10,lenguaje superior 5
MUC527,Lenguaje Superior 6,5,lenguaje superior 6
MUC528,Contrapunto 1,5,contrapunto 1
MUC529,Contrapunto 2,5,contrapunto 2
MUC530,Contrapunto 3,5,contrapunto 3
MUC531,Contrapunto 4,5,contrapunto 4
MUC532,Contrapunto 5,5,contrapunto 5
MUC533,Contrapunto 6,5,contrapunto 6
MUC534,Contrapunto 7,5,contrapunto 7
MUC535,Contrapunto 8,5,contrapunto 8
MUC536,Organología 1,5,organologia 1
MUC537,Organología 2,5,organologia 2
MUC538,Orquestación 1,5,orquestacion 1
MUC539,Orquestación 2,5,orquestacion 2
MUC540,Lectura de Partitura 1,5,lectura de partitura 1
MUC541,Lectura de Partitura 2,5,lectura de partitura 2
MUC542,Lectura de Partitura 3,5,lectura de partitura 3
MUC543,Lectura de Partitura 4,5,lectura de partitura 4
MUC544,Lectura de Partitura 5,5,lectura de partitura 5
MUC545,Lectura de Partitura 6,10,lectura de partitura 6
MUC546,Lectura de Partitura 7,10,lectura de partitura 7
MUC547,Introducción Dirección Orquestal,10,introduccion direccion orquestal
MUC548,Acompañamiento 1,4,acompanamiento 1
MUC549,Acompañamiento 2,4,acompanamiento 2
MUC550,Práctica de Conjunto 1,4,practica de conjunto 1
MUC551,Práctica de Conjunto 2,4,practica de conjunto 2
MUC552,Práctica de Cojunto 3,4,practica de cojunto 3
MUC553,Práctica de Conjunto 4,4,practica de conjunto 4
MUC554,Música de Camara 1,10,musica de camara 1
MUC555,Música de Camara 2,10,musica de camara 2
MUC556,Taller de Camara 1,12,taller de camara 1
MUC557,Taller de Camara 2,12,taller de camara 2
MUC558,Notación,8,notacion
MUC559,Organología Chilena,8,organologia chilena
MUC560,Taller Canto 1,5,taller canto 1
MUC561,Taller Canto 2,5,taller canto 2
MUC562,Taller de Opera 1,8,taller de opera 1
MUC563,Taller de Opera 2,8,taller de opera 2
MUC564,Taller de Opera 3,10,taller de opera 3
MUC565,Canto 1,8,canto 1
MUC566,Canto 2,8,canto 2
MUC567,Canto 3,8,canto 3
MUC568,Canto 4,8,canto 4
MUC569,Canto 5,10,canto 5
MUC570,Canto 6,10,canto 6
MUC571,Canto 7,15,canto 7
MUC572,Canto 8,15,canto 8
MUC573,Composición 1,8,composicion 1
MUC574,Composición 2,8,composicion 2
MUC575,Composición 3,8,composicion 3
MUC576,Composición 4,8,composicion 4
MUC577,Composición 5,10,composicion 5
MUC578,Composición 6,10,composicion 6
MUC579,Composición 7,10,composicion 7
MUC580,Composición 8,10,composicion 8
MUC581,Dirección Coral 1,8,direccion coral 1
MUC582,Dirección Coral 2,8,direccion coral 2
MUC583,Dirección Coral 3,8,direccion coral 3
MUC584,Dirección Coral 4,8,direccion coral 4
MUC585,Dirección Coral 5,10,direccion coral 5
MUC586,Dirección Coral 6,15,direccion coral 6
MUC587,Dirección Coral 7,15,direccion coral 7
MUC588,Dirección Coral 8,20,direccion coral 8
MUC589,Historia de la Musicología,8,historia de la musicologia
MUC590,Musicología en América Latina,8,musicologia en america latina
MUC591,Modelos Musicologicos,8,modelos musicologicos
MUC592,Géneros Musicologicos,8,generos musicologicos
MUC593,Metodología Musicologica 1,10,metodologia musicologica 1
MUC594,Metodología Musicologica 2,10,metodologia musicologica 2
MUC595,Metodología Musicologica 3,15,metodologia musicologica 3
MUC596,Metodología Musicologica 4,20,metodologia musicologica 4
MUC597,Piano 1,10,piano 1
MUC598,Piano 2,10,piano 2
MUC599,Piano 3,10,piano 3
MUC600,Piano 4,10,piano 4
MUC601,Piano 5,10,piano 5
MUC602,Piano 6,10,piano 6
MUC603,Piano 7,20,piano 7
MUC604,Piano 8,20,piano 8
MUC605,Percusión 1,8,percusion 1
MUC606,Percusión 2,8,percusion 2
MUC607,Percusión 3,8,percusion 3
MUC608,Percusión 4,8,percusion 4
MUC609,Percusión 5,10,percusion 5
MUC610,Percusión 6,10,percusion 6
MUC611,Percusión 7,20,percusion 7
MUC612,Percusión 8,20,percusion 8
MUC613,Guitarra 1,8,guitarra 1
MUC614,Guitarra 2,8,guitarra 2
MUC615,Guitarra 3,8,guitarra 3
MUC616,Guitarra 4,8,guitarra 4
MUC617,Guitarra 5,10,guitarra 5
MUC618,Guitarra 6,10,guitarra 6
MUC619,Guitarra 7,20,guitarra 7
MUC620,Guitarra 8,20,guitarra 8
MUC621,Instrumentos-Vientos 1,8,instrumentos-vientos 1
MUC622,Instrumento Vientos 2,8,instrumento vientos 2
MUC623,Instrumento Vientos 3,8,instrumento vientos 3
MUC624,Instrumento Vientos 4,8,instrumento vientos 4
MUC625,Instrumento Vientos 5,10,instrumento vientos 5
MUC626,Instrumento Vientos 6,10,instrumento vientos 6
MUC627,Instrumento Vientos 7,20,instrumento vientos 7
MUC628,Instrumento Vientos 8,20,instrumento vientos 8
MUC629,Instrumento Cuerdas 1,8,instrumento cuerdas 1
MUC630,Instrumento Cuerdas 2,8,instrumento cuerdas 2
MUC631,Instrumento Cuerdas 3,8,instrumento cuerdas 3
MUC632,Instrumento Cuerdas 4,8,instrumento cuerdas 4
MUC633,Instrumento Cuerdas 5,10,instrumento cuerdas 5
MUC634,Instrumento Cuerdas 6,10,instrumento cuerdas 6
MUC635,Instrumento Cuerdas 7,20,instrumento cuerdas 7
MUC636,Instrumento Cuerdas 8,20,instrumento cuerdas 8
MUC637,Introducción a la Música Electroacustica,10,introduccion a la musica electroacustica
MUC638,Técnicas de Síntesis Digital,10,tecnicas de sintesis digital
MUC639,Coro Avanzado,10,coro avanzado
MUC690,Armonía Intensivo 1,10,armonia intensivo 1
MUC691,Armonía Intensivo 2,15,armonia intensivo 2
MUC692,Interpretación 1,15,interpretacion 1
MUC692A,Interpretación 1 - Piano,15,interpretacion 1 - piano
MUC692B,Interpretación 1 - Guitarra,15,interpretacion 1 - guitarra
MUC692C,Interpretación 1 - Cuerdas Altas,15,interpretacion 1 - cuerdas altas
MUC692D,Interpretación 1 - Cuerdas Bajas,15,interpretacion 1 - cuerdas bajas
MUC692E,Interpretación 1 - Maderas,15,interpretacion 1 - maderas
MUC692F,Interpretación 1 - Bronces,15,interpretacion 1 - bronces
MUC692G,Interpretación 1 - Percusión,15,interpretacion 1 - percusion
MUC692H,Interpretación 1 - Instrumentos Antiguos,15,interpretacion 1 - instrumentos antiguos
MUC692I,Interpretación 1 - Canto,10,interpretacion 1 - canto
MUC693,Interpretación 2,15,interpretacion 2
MUC693A,Interpretación 2 - Piano,15,interpretacion 2 - piano
MUC693B,Interpretación 2 - Guitarra,15,interpretacion 2 - guitarra
MUC693C,Interpretación 2 - Cuerdas Altas,15,interpretacion 2 - cuerdas altas
MUC693D,Interpretación 2 - Cuerdas Bajas,15,interpretacion 2 - cuerdas bajas
MUC693E,Interpretación 2 - Maderas,15,interpretacion 2 - maderas
MUC693F,Interpretación 2 - Bronces,15,interpretacion 2 - bronces
MUC693G,Interpretación 2 - Percusión,15,interpretacion 2 - percusion
MUC693H,Interpretación 2 - Instrumentos Antiguos,15,interpretacion 2 - instrumentos antiguos
MUC693I,Interpretación 2 - Canto,10,interpretacion 2 - canto
MUC694,Interpretación 3,15,interpretacion 3
MUC694A,Interpretación 3 - Piano,15,interpretacion 3 - piano
MUC694B,Interpretación 3 - Guitarra,15,interpretacion 3 - guitarra
MUC694C,Interpretación 3 - Cuerdas Altas,15,interpretacion 3 - cuerdas altas
MUC694D,Interpretación 3 - Cuerdas Bajas,15,interpretacion 3 - cuerdas bajas
MUC694E,Interpretación 3 - Maderas,15,interpretacion 3 - maderas
MUC694F,Interpretación 3 - Bronces,15,interpretacion 3 - bronces
MUC694G,Interpretación 3 - Percusión,10,interpretacion 3 - percusion
MUC694H,Interpretación 3 - Instrumentos Antiguos,15,interpretacion 3 - instrumentos antiguos
MUC694I,Interpretación 3 - Canto,10,interpretacion 3 - canto
MUC695,Interpretación 4,15,interpretacion 4
MUC695A,Interpretación 4 - Piano,15,interpretacion 4 - piano
MUC695B,Interpretación 4 - Guitarra,15,interpretacion 4 - guitarra
MUC695C,Interpretación 4 - Cuerdas Altas,15,interpretacion 4 - cuerdas altas
MUC695D,Interpretación 4 - Cuerdas Bajas,15,interpretacion 4 - cuerdas bajas
MUC695E,Interpretación 4 - Maderas,15,interpretacion 4 - maderas
MUC695F,Interpretación 4 - Bronces,15,interpretacion 4 - bronces
MUC695G,Interpretación 4 - Percusión,10,interpretacion 4 - percusion
MUC695H,Interpretación 4 - Instrumentos Antiguos,15,interpretacion 4 - instrumentos antiguos
MUC695I,Interpretación 4 - Canto,10,interpretacion 4 - canto
MUC696,Piano Complementario 1,5,piano complementario 1
MUC697,Piano Complementario 2,5,piano complementario 2
MUC701,Coro (MUC701),10,coro (muc701)
MUC701A,Práctica Coral para Músicos,5,practica coral para musicos
MUC702,Coro Avanzado (MUC702),10,coro avanzado (muc702)
MUC703,Percepción del Discurso Musical (MUC703),10,percepcion del discurso musical (muc703)
MUC704,Historia de la Música 1,10,historia de la musica 1
MUC704A,Historia de la Música: Edad Media y Renacimiento,10,historia de la musica: edad media y renacimiento
MUC705,Historia de la Música 2,10,historia de la musica 2
MUC705A,Historia de la Música: Barroco y Clasicismo,10,historia de la musica: barroco y clasicismo
MUC706,Historia de la Música 3,10,historia de la musica 3
MUC706A,Historia de la Música: del Romanticismo a la Música Docta del Siglo XX,10,historia de la musica: del romanticismo a la musica docta del siglo xx
MUC707,Historia del Canto Coral,10,historia del canto coral
MUC709,Lectura y Auditivo 1,5,lectura y auditivo 1
MUC710,Lectura y Auditivo 2,5,lectura y auditivo 2
MUC711,Lectura y Auditivo 3,5,lectura y auditivo 3
MUC712,Lectura y Auditivo 4,5,lectura y auditivo 4
MUC713,Lectura y Auditivo Avanzado 1,5,lectura y auditivo avanzado 1
MUC714,Lectura y Auditivo Avanzado 2,5,lectura y auditivo avanzado 2
MUC715,Lectura y Auditivo Avanzado 3,5,lectura y auditivo avanzado 3
MUC716,Lectura y Auditivo Avanzado 4,5,lectura y auditivo avanzado 4
MUC717,Piano Funcional 1,4,piano funcional 1
MUC717A,Teclado Funcional 1,5,teclado funcional 1
MUC718,Piano Funcional 2,4,piano funcional 2
MUC718A,Teclado Funcional 2,5,teclado funcional 2
MUC719,Armonía 1,5,armonia 1
MUC720,Armonía 2,5,armonia 2
MUC721,Armonía 3,5,armonia 3
MUC722,Armonía 4,5,armonia 4
MUC727,Contrapunto Vocal 1,10,contrapunto vocal 1
MUC728,Contrapunto Vocal 2,10,contrapunto vocal 2
MUC729,Contrapunto Instrumental 1,10,contrapunto instrumental 1
MUC730,Contrapunto Instrumental 2,10,contrapunto instrumental 2
MUC731,Composición 1 (MUC731),8,composicion 1 (muc731)
MUC731A,Composición 1 (MUC731A),10,composicion 1 (muc731a)
MUC732,Composición 2 (MUC732),8,composicion 2 (muc732)
MUC732A,Composición 2 (MUC732A),10,composicion 2 (muc732a)
MUC733,Composición 3 (MUC733),8,composicion 3 (muc733)
MUC733A,Composición 3 (MUC733A),10,composicion 3 (muc733a)
MUC734,Composición 4 (MUC734),8,composicion 4 (muc734)
MUC734A,Composición 4 (MUC734A),10,composicion 4 (muc734a)
MUC735,Composición 5 (MUC735),10,composicion 5 (muc735)
MUC736,Composición 6 (MUC736),10,composicion 6 (muc736)
MUC737,Composición 7 (MUC737),10,composicion 7 (muc737)
MUC738,Composición 8 (MUC738),10,composicion 8 (muc738)
MUC740,Introducción a la Música Electroacustica (MUC740),10,introduccion a la musica electroacustica (muc740)
MUC741,Orquestación e Instrumentación 1,5,orquestacion e instrumentacion 1
MUC742,Orquestación e Instrumentación 2,5,orquestacion e instrumentacion 2
MUC743,Introducción a la Musicología,10,introduccion a la musicologia
MUC744,Musicología en América Latina (MUC744),10,musicologia en america latina (muc744)
MUC745,Modelos Musicologicos 1,10,modelos musicologicos 1
MUC746,Modelos Musicologicos 2,10,modelos musicologicos 2
MUC746A,Modelos de Análisis Musical,10,modelos de analisis musical
MUC747,Géneros Musicologicos (MUC747),10,generos musicologicos (muc747)
MUC747A,Escribir sobre Música,10,escribir sobre musica
MUC748,Metodología Musicologica 1 (MUC748),10,metodologia musicologica 1 (muc748)
MUC748A,Musicología Histórica,10,musicologia historica
MUC749,Metodología Musicologica 2 (MUC749),10,metodologia musicologica 2 (muc749)
MUC749A,Antropología de la Música,10,antropologia de la musica
MUC750,Metodología Musicologica 3 (MUC750),10,metodologia musicologica 3 (muc750)
MUC750A,Seminario de Grado 1,10,seminario de grado 1
MUC751,Metodología Musicologica 4 (MUC751),15,metodologia musicologica 4 (muc751)
MUC751A,Seminario de Grado 2,15,seminario de grado 2
MUC752,Organología Chilena (MUC752),5,organologia chilena (muc752)
MUC752A,Música Tradicional en Chile y Latinoamérica,10,musica tradicional en chile y latinoamerica
MUC753,Notación (MUC753),10,notacion (muc753)
MUC753A,Notación y Edición Musical,10,notacion y edicion musical
MUC754,Dirección Coral 1 (MUC754),8,direccion coral 1 (muc754)
MUC755,Dirección Coral 2 (MUC755),8,direccion coral 2 (muc755)
MUC756,Dirección Coral 3 (MUC756),8,direccion coral 3 (muc756)
MUC757,Dirección Coral 4 (MUC757),8,direccion coral 4 (muc757)
MUC758,Dirección Coral 5 (MUC758),10,direccion coral 5 (muc758)
MUC759,Dirección Coral 6 (MUC759),10,direccion coral 6 (muc759)
MUC760,Dirección Coral 7 (MUC760),10,direccion coral 7 (muc760)
MUC761,Dirección Coral 8 (MUC761),10,direccion coral 8 (muc761)
MUC762,Lectura de Partituras 1,5,lectura de partituras 1
MUC763,Lectura de Partituras 2,5,lectura de partituras 2
MUC764,Lectura de Partituras 3,5,lectura de partituras 3
MUC765,Lectura de Partituras 4,5,lectura de partituras 4
MUC766,Ipa (International Phonetic Alphabet),5,ipa (international phonetic alphabet)
MUC766A,Alfabeto Fonetico Internacional (IPA),10,alfabeto fonetico internacional (ipa)
MUC767,Expresión Corporal,5,expresion corporal
MUC768,Tecnica Vocal 1,5,tecnica vocal 1
MUC768A,Educación de la Voz 1,5,educacion de la voz 1
MUC769,Tecnica Vocal 2,5,tecnica vocal 2
MUC769A,Educación de la Voz 2,5,educacion de la voz 2
MUC770,Tecnica Vocal 3,5,tecnica vocal 3
MUC770A,Educación de la Voz 3,5,educacion de la voz 3
MUC771,Literatura Musical 1,10,literatura musical 1
MUC772,Literatura Musical 2,10,literatura musical 2
MUC773,Literatura Musical 3,10,literatura musical 3
MUC774,Literatura Musical 4,10,literatura musical 4
MUC775,Música de Camara 1 (MUC775),10,musica de camara 1 (muc775)
MUC776,Música de Camara 2 (MUC776),10,musica de camara 2 (muc776)
MUC777,Música de Camara 3,10,musica de camara 3
MUC778,Música de Camara 4,10,musica de camara 4
MUC779,Música de Camara 5,10,musica de camara 5
MUC780,Música de Camara 6,10,musica de camara 6
MUC781,Canto 1 (MUC781),10,canto 1 (muc781)
MUC782,Canto 2 (MUC782),10,canto 2 (muc782)
MUC783,Canto 3 (MUC783),10,canto 3 (muc783)
MUC784,Canto 4 (MUC784),10,canto 4 (muc784)
MUC785,Canto 5 (MUC785),15,canto 5 (muc785)
MUC786,Canto 6 (MUC786),15,canto 6 (muc786)
MUC787,Canto 7 (MUC787),15,canto 7 (muc787)
MUC788,Canto 8 (MUC788),15,canto 8 (muc788)
MUC789,Taller de Opera 1 (MUC789),10,taller de opera 1 (muc789)
MUC790,Taller de Opera 2 (MUC790),10,taller de opera 2 (muc790)
MUC791,Taller de Opera 3 (MUC791),10,taller de opera 3 (muc791)
MUC792,Taller de Opera 4,10,taller de opera 4
MUC793,Guitarra 1 (MUC793),10,guitarra 1 (muc793)
MUC794,Guitarra 2 (MUC794),10,guitarra 2 (muc794)
MUC795,Guitarra 3 (MUC795),10,guitarra 3 (muc795)
MUC796,Guitarra 4 (MUC796),10,guitarra 4 (muc796)
MUC797,Guitarra 5 (MUC797),15,guitarra 5 (muc797)
MUC798,Guitarra 6 (MUC798),15,guitarra 6 (muc798)
MUC799,Guitarra 7 (MUC799),15,guitarra 7 (muc799)
MUC800,Guitarra 8 (MUC800),15,guitarra 8 (muc800)
MUC801,Tablatura,5,tablatura
MUC801A,Tablatura (MUC801A),10,tablatura (muc801a)
MUC802,Instrumentos de Cuerdas 1,10,instrumentos de cuerdas 1
MUC803,Instrumentos de Cuerdas 2,10,instrumentos de cuerdas 2
MUC804,Instrumentos de Cuerdas 3,10,instrumentos de cuerdas 3
MUC805,Instrumentos de Cuerdas 4,10,instrumentos de cuerdas 4
MUC806,Instrumentos de Cuerdas 5,15,instrumentos de cuerdas 5
MUC807,Instrumentos de Cuerdas 6,15,instrumentos de cuerdas 6
MUC808,Instrumentos de Cuerdas 7,15,instrumentos de cuerdas 7
MUC809,Instrumentos de Cuerdas 8,15,instrumentos de cuerdas 8
MUC810,Repertorio Orquestal 1,5,repertorio orquestal 1
MUC810A,"Repertorio Orquestal: Preparación para Concurso de Orquesta 1 Cuerdas Altas (Violin, Viola)",5,"repertorio orquestal: preparacion para concurso de orquesta 1 cuerdas altas (violin, viola)"
MUC810B,"Repertorio Orquestal:Preparación para concurso de Orquesta 1 Cuerdas Bajas (Violoncello, Contrabajo)",5,"repertorio orquestal:preparacion para concurso de orquesta 1 cuerdas bajas (violoncello, contrabajo)"
MUC810C,Repertorio Orquestal:Preparación para curso de Orquesta 1- Maderas,5,repertorio orquestal:preparacion para curso de orquesta 1- maderas
MUC810D,Repertorio Orquestal:Preparación para Concurso de Orquesta 1- Bronces,5,repertorio orquestal:preparacion para concurso de orquesta 1- bronces
MUC810E,Repertorio Orquestal: Preparación para Concurso de Orquesta 1-Percusión,5,repertorio orquestal: preparacion para concurso de orquesta 1-percusion
MUC810F,Repertorio Orquestal: Preparación para Concurso de Orquesta 1 Arpa,5,repertorio orquestal: preparacion para concurso de orquesta 1 arpa
MUC811,Repertorio Orquestal 2,5,repertorio orquestal 2
MUC811A,"Repertorio Orquestal: Preparación para Concurso de Orquesta 2 Cuerdas Altas (Violin, Viola)",5,"repertorio orquestal: preparacion para concurso de orquesta 2 cuerdas altas (violin, viola)"
MUC811B,"Repertorio Orquestal:Preparación para Concurso de Orquesta 2 Cuerdas Bajas (Violoncello, Contrabajo)",5,"repertorio orquestal:preparacion para concurso de orquesta 2 cuerdas bajas (violoncello, contrabajo)"
MUC811C,Repertorio Orquestal: Preparación para Concurso de Orquesta 2 Maderas,5,repertorio orquestal: preparacion para concurso de orquesta 2 maderas
MUC811D,Repertorio Orquestal: Preparación para Concurso de Orquesta 2 - Bronces,5,repertorio orquestal: preparacion para concurso de orquesta 2 - bronces
MUC811E,Repertorio Orquestal: Preparación para Concurso de Orquesta 2 - Percusión,5,repertorio orquestal: preparacion para concurso de orquesta 2 - percusion
MUC811F,Repertorio Orquestal: Preparación para Concurso de Orquesta 2 Arpa,5,repertorio orquestal: preparacion para concurso de orquesta 2 arpa
MUC812,Instrumentos de Vientos 1,10,instrumentos de vientos 1
MUC813,Instrumentos de Vientos 2,10,instrumentos de vientos 2
MUC814,Instrumentos de Vientos 3,10,instrumentos de vientos 3
MUC815,Instrumentos de Vientos 4,10,instrumentos de vientos 4
MUC816,Instrumentos de Vientos 5,15,instrumentos de vientos 5
MUC817,Instrumentos de Vientos 6,15,instrumentos de vientos 6
MUC818,Instrumentos de Vientos 7,15,instrumentos de vientos 7
MUC819,Instrumentos de Vientos 8,15,instrumentos de vientos 8
MUC820,Instrumentos Antiguos 1,10,instrumentos antiguos 1
MUC821,Instrumentos Antiguos 2,10,instrumentos antiguos 2
MUC822,Instrumentos Antiguos 3,10,instrumentos antiguos 3
MUC823,Instrumentos Antiguos 4,10,instrumentos antiguos 4
MUC824,Instrumentos Antiguos 5,10,instrumentos antiguos 5
MUC825,Instrumentos Antiguos 6,10,instrumentos antiguos 6
MUC826,Instrumentos Antiguos 7,10,instrumentos antiguos 7
MUC827,Instrumentos Antiguos 8,10,instrumentos antiguos 8
MUC828,Taller Bajo Continuo 1,5,taller bajo continuo 1
MUC829,Taller Bajo Continuo 2,5,taller bajo continuo 2
MUC830,Taller Bajo Continuo 3,5,taller bajo continuo 3
MUC831,Taller Bajo Continuo 4,5,taller bajo continuo 4
MUC832,Danzas Antiguas,5,danzas antiguas
MUC833,Ensamble Vocal 1,5,ensamble vocal 1
MUC833A,Ensamble Vocal Renacentista,10,ensamble vocal renacentista
MUC834,Taller de Música Antigua 1,10,taller de musica antigua 1
MUC834A,Taller Música Barroca 1,10,taller musica barroca 1
MUC835,Taller Música Antigua 2,10,taller musica antigua 2
MUC835A,Taller Música Barroca 2,10,taller musica barroca 2
MUC836,Taller Música Antigua 3,10,taller musica antigua 3
MUC836A,Taller Música Barroca 3,10,taller musica barroca 3
MUC837,Taller Música Antigua 4,10,taller musica antigua 4
MUC837A,Taller Música Barroca 4,10,taller musica barroca 4
MUC838,Taller Música Antigua 5,10,taller musica antigua 5
MUC838A,Taller Música Barroca 5,10,taller musica barroca 5
MUC839,Taller Música Antigua 6,10,taller musica antigua 6
MUC839A,Taller Música Barroca 6,10,taller musica barroca 6
MUC840,Percusión 1 (MUC840),10,percusion 1 (muc840)
MUC841,Percusión 2 (MUC841),10,percusion 2 (muc841)
MUC842,Percusión 3 (MUC842),10,percusion 3 (muc842)
MUC843,Percusión 4 (MUC843),10,percusion 4 (muc843)
MUC844,Percusión 5 (MUC844),15,percusion 5 (muc844)
MUC845,Percusión 6 (MUC845),15,percusion 6 (muc845)
MUC846,Percusión 7 (MUC846),15,percusion 7 (muc846)
MUC847,Percusión 8 (MUC847),15,percusion 8 (muc847)
MUC848,Piano 1 (MUC848),10,piano 1 (muc848)
MUC849,Piano 2 (MUC849),10,piano 2 (muc849)
MUC850,Piano 3 (MUC850),10,piano 3 (muc850)
MUC851,Piano 4 (MUC851),10,piano 4 (muc851)
MUC852,Piano 5 (MUC852),15,piano 5 (muc852)
MUC853,Piano 6 (MUC853),15,piano 6 (muc853)
MUC854,Piano 7 (MUC854),15,piano 7 (muc854)
MUC855,Piano 8 (MUC855),15,piano 8 (muc855)
MUC856,Piano del Siglo XX 1,5,piano del siglo xx 1
MUC856A,Nueva Música para Piano 1,10,nueva musica para piano 1
MUC857,Piano del Siglo XX 2,5,piano del siglo xx 2
MUC857A,Nueva Música para Piano 2,10,nueva musica para piano 2
MUC858,Composición Corporal (MUC858),5,composicion corporal (muc858)
MUC859,"Introducción a la Música, Ciencia y Tecnología",10,"introduccion a la musica, ciencia y tecnologia"
MUC860,Acústica Musical,10,acustica musical
MUC861,Diseño de Interacción Física para la Música,10,diseno de interaccion fisica para la musica
MUC862,Técnicas de Análisis de Audio,10,tecnicas de analisis de audio
MUC863,Psicoacustica,10,psicoacustica
MUC864,Taller de Composición Electroacustica,10,taller de composicion electroacustica
MUC865,Técnicas de Síntesis y Procesamiento de Sonido,10,tecnicas de sintesis y procesamiento de sonido
MUC866,Problemática de la Interpretación,10,problematica de la interpretacion
MUC867,Teoría Musical y Tratadística de la Música Antigua,10,teoria musical y tratadistica de la musica antigua
MUC867A,Teoría y Tratados Musicales del Renacimiento Barroco,10,teoria y tratados musicales del renacimiento barroco
MUC868,Audición Comparada de Repertorio de Música Antigua,10,audicion comparada de repertorio de musica antigua
MUC869,Nueva Música para Flauta 1,10,nueva musica para flauta 1
MUC869A,Nueva Música para Flauta Traversa 1,10,nueva musica para flauta traversa 1
MUC870,Nueva Música para Flauta 2,10,nueva musica para flauta 2
MUC870A,Nueva Música para Flauta Traversa 2,10,nueva musica para flauta traversa 2
MUC871,La Experiencia de las Artes,10,la experiencia de las artes
MUC872,La Interpretación Musical: Proceso y Resultado,10,la interpretacion musical: proceso y resultado
MUC873,Conciencia Corporal para Músicos,10,conciencia corporal para musicos
MUC874,Bateria,5,bateria
MUC874A,Bateria (MUC874A),10,bateria (muc874a)
MUC875,Percusión Latina,5,percusion latina
MUC875A,Percusión Latina (MUC875A),10,percusion latina (muc875a)
MUC876,Fonética Italiana,5,fonetica italiana
MUC877,Fonética Francesa (MUC877),5,fonetica francesa (muc877)
MUC878,Fonética Inglesa (MUC878),5,fonetica inglesa (muc878)
MUC879,Fonética Alemana,5,fonetica alemana
MUC880,Fisiología de la Voz,10,fisiologia de la voz
MUC881,Contrapunto Bachiano,10,contrapunto bachiano
MUC882,Dirección de Ensamble de Música Nueva 1,10,direccion de ensamble de musica nueva 1
MUC883,Estética y Crítica de las Culturas Musicales Iberoamericanas,10,estetica y critica de las culturas musicales iberoamericanas
MUC884,Introducción a la Audición Musical,10,introduccion a la audicion musical
MUC885A,"Repertorio Orquestal: Preparación para Concurso de Orquesta 3 cuerdas Altas (Violin, Viola)",5,"repertorio orquestal: preparacion para concurso de orquesta 3 cuerdas altas (violin, viola)"
MUC885B,"Repertorio Orquestal: Preparación para concurso de Orquesta 3 cuerdas Bajas (Violoncello, Contrabajo",5,"repertorio orquestal: preparacion para concurso de orquesta 3 cuerdas bajas (violoncello, contrabajo"
MUC885C,Repertorio Orquestal: Preparación para concurso de Orquesta 3 Maderas,5,repertorio orquestal: preparacion para concurso de orquesta 3 maderas
MUC885D,Repertorio Orquestal: Preparación para concurso de Orquesta 3 Bronces,5,repertorio orquestal: preparacion para concurso de orquesta 3 bronces
MUC885E,Repertorio Orquestal: Preparación para concurso de Orquesta 3 Percusión,5,repertorio orquestal: preparacion para concurso de orquesta 3 percusion
MUC885F,Repertorio Orquestal: Preparación Para Concurso De Orquesta 3 Arpa,5,repertorio orquestal: preparacion para concurso de orquesta 3 arpa
MUC886A,"Repertorio Orquestal: Preparación para concurso de Orquesta 4 Cuerdas Altas (Violin, Viola)",5,"repertorio orquestal: preparacion para concurso de orquesta 4 cuerdas altas (violin, viola)"
MUC886B,"Repertorio Orquestal: Preparación para concurso de Orquesta 4 cuerdas Bajas (Violoncello, Contrabajo",5,"repertorio orquestal: preparacion para concurso de orquesta 4 cuerdas bajas (violoncello, contrabajo"
MUC886C,Repertorio Orquestal: Preparación para Concurso de Orquesta 4 - Maderas,5,repertorio orquestal: preparacion para concurso de orquesta 4 - maderas
MUC886D,Repertorio Orquestal: Preparación para Concurso de Orquesta 4 - Bronces,5,repertorio orquestal: preparacion para concurso de orquesta 4 - bronces
MUC886E,Repertorio Orquestal: Preparación para Concurso de Orquesta 4 - Percusión,5,repertorio orquestal: preparacion para concurso de orquesta 4 - percusion
MUC886F,Repertorio Orquestal: Preparación para Concurso de Orquesta 4 Arpa,5,repertorio orquestal: preparacion para concurso de orquesta 4 arpa
MUC887,Taller de Lied,10,taller de lied
MUC887A,Canción de Arte 1,10,cancion de arte 1
MUC888,Canción de Arte 2,10,cancion de arte 2
MUC889,Entrenamiento Vocal para Músicos,10,entrenamiento vocal para musicos
MUC890,Latín American Popular Music,10,latin american popular music
MUC891,Culturas Musicales del Mundo,10,culturas musicales del mundo
MUC899,Examen de Admisión,0,examen de admision
MUC900,Examen Conocimientos Interpretación Instrumental y Vocal Superior,0,examen conocimientos interpretacion instrumental y vocal superior
MUC901A,Violin 1,10,violin 1
MUC901B,Viola 1,10,viola 1
MUC901C,Violonchelo 1,10,violonchelo 1
MUC901D,Contrabajo 1,10,contrabajo 1
MUC901E,Flauta Traversa 1,10,flauta traversa 1
MUC901F,Oboe 1,10,oboe 1
MUC901G,Clarinete 1,10,clarinete 1
MUC901H,Fagot 1,10,fagot 1
MUC901I,Saxofon 1,10,saxofon 1
MUC901J,Trompeta 1,10,trompeta 1
MUC901K,Trombon 1,10,trombon 1
MUC901L,Corno 1,10,corno 1
MUC901M,Tuba 1,10,tuba 1
MUC901N,Piano 1 (MUC901N),10,piano 1 (muc901n)
MUC901P,Percusión 1 (MUC901P),10,percusion 1 (muc901p)
MUC901Q,Canto 1 (MUC901Q),10,canto 1 (muc901q)
MUC901R,Dirección Coral 1 (MUC901R),10,direccion coral 1 (muc901r)
MUC901S,Flauta Dulce 1,10,flauta dulce 1
MUC901T,Viola Da Gamba 1,10,viola da gamba 1
MUC901U,Laud 1,10,laud 1
MUC901V,Clavecin 1,10,clavecin 1
MUC901W,Arpa 1,10,arpa 1
MUC901Z,Guitarra 1 (MUC901Z),10,guitarra 1 (muc901z)
MUC902A,Violin 2,15,violin 2
MUC902B,Viola 2,15,viola 2
MUC902C,Violonchelo 2,15,violonchelo 2
MUC902D,Contrabajo 2,15,contrabajo 2
MUC902E,Flauta Traversa 2,15,flauta traversa 2
MUC902F,Oboe 2,15,oboe 2
MUC902G,Clarinete 2,15,clarinete 2
MUC902H,Fagot 2,15,fagot 2
MUC902I,Saxofon 2,15,saxofon 2
MUC902J,Trompeta 2,15,trompeta 2
MUC902K,Trombon 2,15,trombon 2
MUC902L,Corno 2,15,corno 2
MUC902M,Tuba 2,15,tuba 2
MUC902N,Piano 2 (MUC902N),15,piano 2 (muc902n)
MUC902P,Percusión 2 (MUC902P),15,percusion 2 (muc902p)
MUC902Q,Canto 2 (MUC902Q),10,canto 2 (muc902q)
MUC902R,Dirección Coral 2 (MUC902R),10,direccion coral 2 (muc902r)
MUC902S,Flauta Dulce 2,15,flauta dulce 2
MUC902T,Viola Da Gamba 2,15,viola da gamba 2
MUC902U,Laud 2,15,laud 2
MUC902V,Clavecin 2,15,clavecin 2
MUC902W,Arpa 2,15,arpa 2
MUC902Z,Guitarra 2 (MUC902Z),15,guitarra 2 (muc902z)
MUC903A,Violin 3,15,violin 3
MUC903B,Viola 3,15,viola 3
MUC903C,Violonchelo 3,15,violonchelo 3
MUC903D,Contrabajo 3,15,contrabajo 3
MUC903E,Flauta Traversa 3,15,flauta traversa 3
MUC903F,Oboe 3,15,oboe 3
MUC903G,Clarinete 3,15,clarinete 3
MUC903H,Fagot 3,15,fagot 3
MUC903I,Saxofon 3,15,saxofon 3
MUC903J,Trompeta 3,15,trompeta 3
MUC903K,Trombon 3,15,trombon 3
MUC903L,Corno 3,15,corno 3
MUC903M,Tuba 3,15,tuba 3
MUC903N,Piano 3 (MUC903N),15,piano 3 (muc903n)
MUC903P,Percusión 3 (MUC903P),15,percusion 3 (muc903p)
MUC903Q,Canto 3 (MUC903Q),10,canto 3 (muc903q)
MUC903R,Dirección Coral 3 (MUC903R),10,direccion coral 3 (muc903r)
MUC903S,Flauta Dulce 3,15,flauta dulce 3
MUC903T,Viola da Gamba 3,15,viola da gamba 3
MUC903U,Laud 3,15,laud 3
MUC903V,Clavecin 3,15,clavecin 3
MUC903W,Arpa 3,15,arpa 3
MUC903Z,Guitarra 3 (MUC903Z),15,guitarra 3 (muc903z)
MUC904A,Violin 4,15,violin 4
MUC904B,Viola 4,15,viola 4
MUC904C,Violonchelo 4,15,violonchelo 4
MUC904D,Contrabajo 4,15,contrabajo 4
MUC904E,Flauta Traversa 4,15,flauta traversa 4
MUC904F,Oboe 4,15,oboe 4
MUC904G,Clarinete 4,15,clarinete 4
MUC904H,Fagot 4,15,fagot 4
MUC904I,Saxofon 4,15,saxofon 4
MUC904J,Trompeta 4,15,trompeta 4
MUC904K,Trombon 4,15,trombon 4
MUC904L,Corno 4,15,corno 4
MUC904M,Tuba 4,15,tuba 4
MUC904N,Piano 4 (MUC904N),15,piano 4 (muc904n)
MUC904P,Percusión 4 (MUC904P),15,percusion 4 (muc904p)
MUC904Q,Canto 4 (MUC904Q),10,canto 4 (muc904q)
MUC904R,Dirección Coral 4 (MUC904R),15,direccion coral 4 (muc904r)
MUC904S,Flauta Dulce 4,15,flauta dulce 4
MUC904T,Viola da Gamba 4,15,viola da gamba 4
MUC904U,Laud 4,15,laud 4
MUC904V,Clavecin 4,15,clavecin 4
MUC904W,Arpa 4,15,arpa 4
MUC904Z,Guitarra 4 (MUC904Z),15,guitarra 4 (muc904z)
MUC905A,Violin 5,15,violin 5
MUC905B,Viola 5,15,viola 5
MUC905C,Violonchelo 5,15,violonchelo 5
MUC905D,Contrabajo 5,15,contrabajo 5
MUC905E,Flauta Traversa 5,15,flauta traversa 5
MUC905F,Oboe 5,15,oboe 5
MUC905G,Clarinete 5,15,clarinete 5
MUC905H,Fagot 5,15,fagot 5
MUC905I,Saxofon 5,15,saxofon 5
MUC905J,Trompeta 5,15,trompeta 5
MUC905K,Trombon 5,15,trombon 5
MUC905L,Corno 5,15,corno 5
MUC905M,Tuba 5,15,tuba 5
MUC905N,Piano 5 (MUC905N),20,piano 5 (muc905n)
MUC905P,Percusión 5 (MUC905P),15,percusion 5 (muc905p)
MUC905Q,Canto 5 (MUC905Q),10,canto 5 (muc905q)
MUC905R,Dirección Coral 5 (MUC905R),15,direccion coral 5 (muc905r)
MUC905S,Flauta Dulce 5,15,flauta dulce 5
MUC905T,Viola da Gamba 5,15,viola da gamba 5
MUC905U,Laud 5,15,laud 5
MUC905V,Clavecin 5,15,clavecin 5
MUC905W,Arpa 5,15,arpa 5
MUC905Z,Guitarra 5 (MUC905Z),15,guitarra 5 (muc905z)
MUC906A,Violin 6,15,violin 6
MUC906B,Viola 6,15,viola 6
MUC906C,Violonchelo 6,15,violonchelo 6
MUC906D,Contrabajo 6,15,contrabajo 6
MUC906E,Flauta Traversa 6,15,flauta traversa 6
MUC906F,Oboe 6,15,oboe 6
MUC906G,Clarinete 6,15,clarinete 6
MUC906H,Fagot 6,15,fagot 6
MUC906I,Saxofon 6,15,saxofon 6
MUC906J,Trompeta 6,15,trompeta 6
MUC906K,Trombon 6,15,trombon 6
MUC906L,Corno 6,15,corno 6
MUC906M,Tuba 6,15,tuba 6
MUC906N,Piano 6 (MUC906N),20,piano 6 (muc906n)
MUC906P,Percusión 6 (MUC906P),15,percusion 6 (muc906p)
MUC906Q,Canto 6 (MUC906Q),10,canto 6 (muc906q)
MUC906R,Dirección Coral 6 (MUC906R),20,direccion coral 6 (muc906r)
MUC906S,Flauta Dulce 6,15,flauta dulce 6
MUC906T,Viola da Gamba 6,15,viola da gamba 6
MUC906U,Laud 6,15,laud 6
MUC906V,Clavecin 6,15,clavecin 6
MUC906W,Arpa 6,15,arpa 6
MUC906Z,Guitarra 6 (MUC906Z),15,guitarra 6 (muc906z)
MUC907A,Violin 7,20,violin 7
MUC907B,Viola 7,20,viola 7
MUC907C,Violonchelo 7,20,violonchelo 7
MUC907D,Contrabajo 7,20,contrabajo 7
MUC907E,Flauta Traversa 7,20,flauta traversa 7
MUC907F,Oboe 7,20,oboe 7
MUC907G,Clarinete 7,20,clarinete 7
MUC907H,Fagot 7,20,fagot 7
MUC907I,Saxofon 7,15,saxofon 7
MUC907J,Trompeta 7,20,trompeta 7
MUC907K,Trombon 7,15,trombon 7
MUC907L,Corno 7,20,corno 7
MUC907M,Tuba 7,15,tuba 7
MUC907N,Piano 7 (MUC907N),20,piano 7 (muc907n)
MUC907P,Percusión 7 (MUC907P),15,percusion 7 (muc907p)
MUC907Q,Canto 7 (MUC907Q),10,canto 7 (muc907q)
MUC907R,Dirección Coral 7 (MUC907R),20,direccion coral 7 (muc907r)
MUC907S,Flauta Dulce 7,15,flauta dulce 7
MUC907T,Viola da Gamba 7,15,viola da gamba 7
MUC907U,Laud 7,15,laud 7
MUC907V,Clavecin 7,15,clavecin 7
MUC907W,Arpa 7,20,arpa 7
MUC907Z,Guitarra 7 (MUC907Z),15,guitarra 7 (muc907z)
MUC908A,Violin 8,20,violin 8
MUC908B,Viola 8,20,viola 8
MUC908C,Violonchelo 8,20,violonchelo 8
MUC908D,Contrabajo 8,20,contrabajo 8
MUC908E,Flauta Traversa 8,20,flauta traversa 8
MUC908F,Oboe 8,20,oboe 8
MUC908G,Clarinete 8,20,clarinete 8
MUC908H,Fagot 8,20,fagot 8
MUC908I,Saxofon 8,15,saxofon 8
MUC908J,Trompeta 8,20,trompeta 8
MUC908K,Trombon 8,15,trombon 8
MUC908L,Corno 8,20,corno 8
MUC908M,Tuba 8,15,tuba 8
MUC908N,Piano 8 (MUC908N),20,piano 8 (muc908n)
MUC908P,Percusión 8 (MUC908P),15,percusion 8 (muc908p)
MUC908Q,Canto 8 (MUC908Q),10,canto 8 (muc908q)
MUC908R,Dirección Coral 8 (MUC908R),25,direccion coral 8 (muc908r)
MUC908S,Flauta Dulce 8,15,flauta dulce 8
MUC908T,Viola da Gamba 8,15,viola da gamba 8
MUC908U,Laud 8,15,laud 8
MUC908V,Clavecin 8,15,clavecin 8
MUC908W,Arpa 8,20,arpa 8
MUC908Z,Guitarra 8 (MUC908Z),15,guitarra 8 (muc908z)
MUC909A,Violin 9,20,violin 9
MUC909B,Viola 9,20,viola 9
MUC909C,Violonchelo 9,20,violonchelo 9
MUC909D,Contrabajo 9,20,contrabajo 9
MUC909E,Flauta Traversa 9,20,flauta traversa 9
MUC909F,Oboe 9,20,oboe 9
MUC909G,Clarinete 9,20,clarinete 9
MUC909H,Fagot 9,20,fagot 9
MUC909I,Saxofon 9,25,saxofon 9
MUC909J,Trompeta 9,20,trompeta 9
MUC909K,Trombon 9,20,trombon 9
MUC909L,Corno 9,20,corno 9
MUC909M,Tuba 9,20,tuba 9
MUC909N,Piano 9,20,piano 9
MUC909P,Percusión 9,20,percusion 9
MUC909Q,Canto 9,20,canto 9
MUC909R,Dirección Coral 9,25,direccion coral 9
MUC909S,Flauta Dulce 9,15,flauta dulce 9
MUC909T,Viola da Gamba 9,15,viola da gamba 9
MUC909U,Laud 9,15,laud 9
MUC909V,Clavecin 9,15,clavecin 9
MUC909W,Arpa 9,20,arpa 9
MUC909Z,Guitarra 9,20,guitarra 9
MUC910A,Violin 10,20,violin 10
MUC910B,Viola 10,20,viola 10
MUC910C,Violonchelo 10,20,violonchelo 10
MUC910D,Contrabajo 10,20,contrabajo 10
MUC910E,Flauta Traversa 10,20,flauta traversa 10
MUC910F,Oboe 10,20,oboe 10
MUC910G,Clarinete 10,20,clarinete 10
MUC910H,Fagot 10,20,fagot 10
MUC910I,Saxofon 10,25,saxofon 10
MUC910J,Trompeta 10,20,trompeta 10
MUC910K,Trombon 10,20,trombon 10
MUC910L,Corno 10,20,corno 10
MUC910M,Tuba 10,20,tuba 10
MUC910N,Piano 10,20,piano 10
MUC910P,Percusión 10,20,percusion 10
MUC910Q,Canto 10,20,canto 10
MUC910R,Dirección Coral 10,30,direccion coral 10
MUC910S,Flauta Dulce 10,15,flauta dulce 10
MUC910T,Viola da Gamba 10,15,viola da gamba 10
MUC910U,Laud 10,15,laud 10
MUC910V,Clavecin 10,15,clavecin 10
MUC910W,Arpa 10,20,arpa 10
MUC910Z,Guitarra 10,20,guitarra 10
MUC911A,Violin 11,25,violin 11
MUC911B,Viola 11,25,viola 11
MUC911C,Violonchelo 11,25,violonchelo 11
MUC911D,Contrabajo 11,25,contrabajo 11
MUC911E,Flauta Traversa 11,25,flauta traversa 11
MUC911F,Oboe 11,25,oboe 11
MUC911G,Clarinete 11,25,clarinete 11
MUC911H,Fagot 11,25,fagot 11
MUC911I,Saxofon 11,25,saxofon 11
MUC911J,Trompeta 11,25,trompeta 11
MUC911K,Trombon 11,25,trombon 11
MUC911L,Corno 11,25,corno 11
MUC911M,Tuba 11,25,tuba 11
MUC911N,Piano 11,20,piano 11
MUC911P,Percusión 11,25,percusion 11
MUC911Q,Canto 11,20,canto 11
MUC911R,Dirección Coral 11,30,direccion coral 11
MUC911S,Flauta Dulce 11,20,flauta dulce 11
MUC911T,Viola da Gamba 11,20,viola da gamba 11
MUC911U,Laud 11,20,laud 11
MUC911V,Clavecin 11,20,clavecin 11
MUC911W,Arpa 11,25,arpa 11
MUC911Z,Guitarra 11,20,guitarra 11
MUC912A,Violin 12,25,violin 12
MUC912B,Viola 12,25,viola 12
MUC912C,Violonchelo 12,25,violonchelo 12
MUC912D,Contrabajo 12,25,contrabajo 12
MUC912E,Flauta Traversa 12,25,flauta traversa 12
MUC912F,Oboe 12,25,oboe 12
MUC912G,Clarinete 12,25,clarinete 12
MUC912H,Fagot 12,25,fagot 12
MUC912I,Saxofon 12,25,saxofon 12
MUC912J,Trompeta 12,25,trompeta 12
MUC912K,Trombon 12,25,trombon 12
MUC912L,Corno 12,25,corno 12
MUC912M,Tuba 12,25,tuba 12
MUC912N,Piano 12,20,piano 12
MUC912P,Percusión 12,25,percusion 12
MUC912Q,Canto 12,20,canto 12
MUC912S,Flauta Dulce 12,20,flauta dulce 12
MUC912T,Viola da Gamba 12,20,viola da gamba 12
MUC912U,Laud 12,20,laud 12
MUC912V,Clavecin 12,20,clavecin 12
MUC912W,Arpa 12,25,arpa 12
MUC912Z,Guitarra 12,20,guitarra 12
MUC913,Práctica de Conjunto 1 (MUC913),5,practica de conjunto 1 (muc913)
MUC914,Práctica de Conjunto 2 (MUC914),5,practica de conjunto 2 (muc914)
MUC915,Práctica de Conjunto 3,5,practica de conjunto 3
MUC916,Práctica de Conjunto 4 (MUC916),5,practica de conjunto 4 (muc916)
MUC917,Danzas Renacentistas,5,danzas renacentistas
MUC918,Danzas Barrocas,5,danzas barrocas
MUC919,Educación de la Voz 4,5,educacion de la voz 4
MUC920,Clave Americana,10,clave americana
MUC921,Repertorio Barroco para Guitarra,10,repertorio barroco para guitarra
MUC922,Nueva Música para Guitarra 1,10,nueva musica para guitarra 1
MUC923,Nueva Música para Guitarra 2,10,nueva musica para guitarra 2
MUC924,Repertorio Pianístico 1,10,repertorio pianistico 1
MUC925,Repertorio Pianístico 2,10,repertorio pianistico 2
MUC926,Repertorio Pianístico 3,5,repertorio pianistico 3
MUC927,Escenica para Cantantes,10,escenica para cantantes
MUC928,Taller de Opera 5,10,taller de opera 5
MUC929,Taller de Opera 6,10,taller de opera 6
MUC930,Taller de Opera 7,10,taller de opera 7
MUC931,Taller de Opera 8,10,taller de opera 8
MUC940,Literatura Pianística,10,literatura pianistica
MUC941,Práctica Orquestal 1,5,practica orquestal 1
MUC942,Práctica Orquestal 2,5,practica orquestal 2
MUC943,Práctica Orquestal 3,5,practica orquestal 3
MUC944,Práctica Orquestal 4,5,practica orquestal 4
MUC945,Práctica Orquestal 5,5,practica orquestal 5
MUC946,Práctica Orquestal 6,5,practica orquestal 6
MUC947,Práctica Orquestal 7,5,practica orquestal 7
MUC948,Práctica Orquestal 8,5,practica orquestal 8
MUC950,Interpretación Musical Historicamente Informada,10,interpretacion musical historicamente informada
MUC951,Música y Puesta en Escena,5,musica y puesta en escena
MUC952,Nueva Música para Violin,10,nueva musica para violin
MUC954,Acústica para Músicos,10,acustica para musicos
MUC955,Tecnología Musical,10,tecnologia musical
MUC956,Taller de Música Contemporánea,10,taller de musica contemporanea
MUC957,"Mujer, Música e Historia",10,"mujer, musica e historia"
MUC958,La Música en Nuestro Tiempo,10,la musica en nuestro tiempo
MUC959,Historia del Canto Coral (MUC959),10,historia del canto coral (muc959)
MUC961,Música Sacra,10,musica sacra
MUC962,Música Popular Latinoamericana,10,musica popular latinoamericana
MUC963,Gestión Cultural,10,gestion cultural
MUC964,Producción Musical,5,produccion musical
MUC965,La Experiencia Musical:de la Física a la Cognición,10,la experiencia musical:de la fisica a la cognicion
NOR001,Concentración Minor,50,concentracion minor
NUT1001,Perdidas y Desperdicios de Alimentos,10,perdidas y desperdicios de alimentos
NUT1002,Nutrición y Alimentación: Desde el Lactante al Adolescente,10,nutricion y alimentacion: desde el lactante al adolescente
NUT1003,Nutrición y Deporte,10,nutricion y deporte
NUT101,Introducción a la Nutrición,5,introduccion a la nutricion
NUT102,Ciencia de los Alimentos I,10,ciencia de los alimentos 1
NUT104,Nutrición y Alimentación: Desde el Lactante al Adolescente (NUT104),10,nutricion y alimentacion: desde el lactante al adolescente (nut104)
NUT105A,Alimentos,5,alimentos
NUT107A,Técnicas Dietéticas y Planificación Alimentaria,10,tecnicas dieteticas y planificacion alimentaria
NUT201,Nutrición Básica I,10,nutricion basica 1
NUT202,Ciencia de los Alimentos II,10,ciencia de los alimentos 2
NUT203,Nutrición Básica II,10,nutricion basica 2
NUT204,Fisiopatología Nutricional,10,fisiopatologia nutricional
NUT205,Evaluación del Estado Nutricional I,10,evaluacion del estado nutricional 1
NUT207,Fundamentos de la Nutrición Humana,10,fundamentos de la nutricion humana
NUT207A,Nutrición Básica,10,nutricion basica
NUT208A,Integrado de Nutrición Humana Pediátrica,10,integrado de nutricion humana pediatrica
NUT209A,Salud Pública y Epidemiología Nutricional,10,salud publica y epidemiologia nutricional
NUT212A,Conducta Alimentaria,5,conducta alimentaria
NUT301,Dietoterapia del Adulto I,10,dietoterapia del adulto 1
NUT302,Alimentación de Ciclo Vital,5,alimentacion de ciclo vital
NUT303,Evaluación del Estado Nutricional II,10,evaluacion del estado nutricional 2
NUT304,Dietoterapia del Adulto II,10,dietoterapia del adulto 2
NUT305A,Integrado de Nutrición Humana del Adulto,10,integrado de nutricion humana del adulto
NUT306A,Educación Alimentaria,10,educacion alimentaria
NUT307A,"Promoción, Prevención e Intervenciones Nutricionales",10,"promocion, prevencion e intervenciones nutricionales"
NUT308A,Integrado de Nutrición Clínica General,10,integrado de nutricion clinica general
NUT309A,Ética para Nutrición,5,etica para nutricion
NUT310A,Integrado de Nutrición Clínica Adulto,10,integrado de nutricion clinica adulto
NUT401,Dietoterapia Pediátrica,10,dietoterapia pediatrica
NUT402,Educación en Alimentos,5,educacion en alimentos
NUT403,Intervenciones Nutricionales,5,intervenciones nutricionales
NUT404,Nutrición Comunitaria,10,nutricion comunitaria
NUT405,Administración y Gestión de Servicios de Alimentación,10,administracion y gestion de servicios de alimentacion
NUT406,Unidad de Investigación en Nutrición,10,unidad de investigacion en nutricion
NUT407,Evaluación de la Investigación Aplicada (NUT407),5,evaluacion de la investigacion aplicada (nut407)
NUT408A,Integrado de Nutrición Humana de la Persona Mayor,5,integrado de nutricion humana de la persona mayor
NUT409A,Integrado de Nutrición Clínica Pediátrica,10,integrado de nutricion clinica pediatrica
NUT411A,Unidad Investigaci Nutrición I,5,unidad investigaci nutricion 1
NUT412A,Pasantías Profesionales en Nutrición,10,pasantias profesionales en nutricion
NUT413A,Unidad de Investigación en Nutrición II,10,unidad de investigacion en nutricion 2
NUT501,Internado: Clínico Adultos (NUT501),20,internado: clinico adultos (nut501)
NUT502,Internado: Clínico Pediátrico (NUT502),20,internado: clinico pediatrico (nut502)
NUT502A,Internado Clínico Pediátrico,20,internado clinico pediatrico
NUT503,Internado de Actividad Física,10,internado de actividad fisica
NUT504,Internado Salud Pública,20,internado salud publica
NUT505,Internado Alimentación Colectiva,20,internado alimentacion colectiva
NUT506,Internado de Ciclo Vital (Pre-escolar y Adulto Mayor),10,internado de ciclo vital (pre-escolar y adulto mayor)
NUT507A,Internado Nutrición Deportiva,10,internado nutricion deportiva
NUT508A,Internado Nutrición Comunitaria,20,internado nutricion comunitaria
OCU101A,Desarrollo Creativo y Destrezas Terapéuticas,5,desarrollo creativo y destrezas terapeuticas
OCU102A,Terapia Ocupacional: Profesión y Disciplina,10,terapia ocupacional: profesion y disciplina
OCU201A,Desarrollo Lúdico y Destrezas Terapéuticas,5,desarrollo ludico y destrezas terapeuticas
OCU301A,Habilidades y Técnicas Terapéuticas I,5,habilidades y tecnicas terapeuticas 1
OCU401A,Habilidades y Técnicas Terapéuticas II,5,habilidades y tecnicas terapeuticas 2
OCU501A,Ergonomía y Salud Ocupacional,10,ergonomia y salud ocupacional
OCU601A,Tecnologías de Apoyo a la Rehabilitación e Inclusión Social,10,tecnologias de apoyo a la rehabilitacion e inclusion social
OCU602A,Razonamiento Profesional,5,razonamiento profesional
OCU603A,Intervención y Rehabilitación Sociolaboral,5,intervencion y rehabilitacion sociolaboral
OCU701A,Ortótica,10,ortotica
OCU702A,Evaluación e Intervención en Niños y Adolescentes,10,evaluacion e intervencion en ninos y adolescentes
OCU703A,Evaluación e Intervención Psicosocial y Comunitaria,5,evaluacion e intervencion psicosocial y comunitaria
OCU704A,Investigación Aplicada en Ciencia de la Ocupación,5,investigacion aplicada en ciencia de la ocupacion
OCU801A,Evaluación e Intervención en Salud Física Adulto y Persona Mayor,10,evaluacion e intervencion en salud fisica adulto y persona mayor
OCU802A,Evaluación e Intervención en Salud Mental Adulto y Persona Mayor,10,evaluacion e intervencion en salud mental adulto y persona mayor
OCU803A,Unidad de Investigación en Ciencia de la Ocupación,10,unidad de investigacion en ciencia de la ocupacion
OCU804A,Arteterapia,5,arteterapia
OCU804B,Neuropsicología Aplicada a la Ocupación,5,neuropsicologia aplicada a la ocupacion
OCU804C,Recreación y Deporte Inclusivo,5,recreacion y deporte inclusivo
OCU804D,Terapia Asistida con Animales,5,terapia asistida con animales
OCU804F,Envejecimiento y Vejez desde la Terapia Ocupacional,5,envejecimiento y vejez desde la terapia ocupacional
OCU804G,Practicas Complementarias Aplicadas a Intervenciones Terapéuticas y Educativas,5,practicas complementarias aplicadas a intervenciones terapeuticas y educativas
OCU804H,Abordaje de los Deficits Sensoriales,5,abordaje de los deficits sensoriales
OCU901A,Internado Salud Física,20,internado salud fisica
OCU902A,Internado Salud Mental,20,internado salud mental
OCU903A,Internado Infanto Juvenil,20,internado infanto juvenil
OCU904A,Internado Socio-Comunitario,20,internado socio-comunitario
ODO101A,Fundamentos Odontologicos Integrados I,5,fundamentos odontologicos integrados 1
ODO101B,Fundamentos Odontologicos Integrados I (ODO101B),10,fundamentos odontologicos integrados 1 (odo101b)
ODO102A,Fundamentos Odontologicos Integrados II,5,fundamentos odontologicos integrados 2
ODO103,Introducción a la Odontología,5,introduccion a la odontologia
ODO201A,Fundamentos Odontologicos Integrados III,5,fundamentos odontologicos integrados 3
ODO201B,Fundamentos Odontologicos Integrados III (ODO201B),15,fundamentos odontologicos integrados 3 (odo201b)
ODO202A,Fundamentos Odontologicos Integrados IV,15,fundamentos odontologicos integrados 4
ODO203A,Fundamentos Odontologicos Integrados IV (ODO203A),15,fundamentos odontologicos integrados 4 (odo203a)
ODO204A,Neurociencias para Odontología,10,neurociencias para odontologia
ODO205,"Neurociencias, Dolor y Oclusión",10,"neurociencias, dolor y oclusion"
ODO206,Preclínico de Odontología Restauradora I,15,preclinico de odontologia restauradora 1
ODO207,Epidemiología,5,epidemiologia
ODO208,Microbiología,10,microbiologia
ODO210,Preclínico De Odontología Restauradora II,15,preclinico de odontologia restauradora 2
ODO211,Introducción a la Clínica Odontológica,5,introduccion a la clinica odontologica
ODO212,Imagenología Diagnóstica I,5,imagenologia diagnostica 1
ODO300A,Patología Morfologica y Funcional (ODO300A),10,patologia morfologica y funcional (odo300a)
ODO301A,Fundamentos Odontologicos Integrados V,10,fundamentos odontologicos integrados 5
ODO302A,Fundamentos Odontologicos Integrados VI,10,fundamentos odontologicos integrados 6
ODO303A,Preclínico Quirúrgico,5,preclinico quirurgico
ODO304A,Preclínico Odontologico,8,preclinico odontologico
ODO305A,Procesos para el Ejercicio Clínico Odontologico,5,procesos para el ejercicio clinico odontologico
ODO306A,Fisiopatología y Semiología de Sistemas (ODO306A),10,fisiopatologia y semiologia de sistemas (odo306a)
ODO307A,Imaginología Diagnóstica I,5,imaginologia diagnostica 1
ODO309,Odontología Clínica I,5,odontologia clinica 1
ODO310,Preclínico De Rehabilitación Oral I,10,preclinico de rehabilitacion oral 1
ODO311,Preclínico De Periodoncia,5,preclinico de periodoncia
ODO312,Fisiopatología Y Semiología,5,fisiopatologia y semiologia
ODO313,Patología Bucomaxilofacial I,5,patologia bucomaxilofacial 1
ODO315,Odontología Clínica II,5,odontologia clinica 2
ODO316,Preclínico De Rehabilitación Oral II,10,preclinico de rehabilitacion oral 2
ODO318,Ética Clínica,5,etica clinica
ODO319,Preclínico De Endodoncia,5,preclinico de endodoncia
ODO401A,Imagenología Diagnóstica,3,imagenologia diagnostica
ODO402A,Patología Estomatologica Integrada I,7,patologia estomatologica integrada 1
ODO403A,Clínica Integral del Niño I,10,clinica integral del nino 1
ODO404A,Seminario de Ciencias Odontologicas I,5,seminario de ciencias odontologicas 1
ODO405A,Clínica Integral del Adulto I,15,clinica integral del adulto 1
ODO406A,Patología Estomatologica Integrada II,10,patologia estomatologica integrada 2
ODO407A,Clínica Integral del Niño II,10,clinica integral del nino 2
ODO408A,Seminario de Ciencias Odontologicas II,5,seminario de ciencias odontologicas 2
ODO409A,Clínica Integral del Adulto II,15,clinica integral del adulto 2
ODO410A,Preclínico Quirúrgico (ODO410A),5,preclinico quirurgico (odo410a)
ODO411A,Seminario en Ciencias Odontologicas,5,seminario en ciencias odontologicas
ODO412A,Imaginología Diagnóstica,5,imaginologia diagnostica
ODO413A,Patología Bucal y Maxilofacial I,5,patologia bucal y maxilofacial 1
ODO414A,Cirugía Bucal I,5,cirugia bucal 1
ODO415A,Patología Bucal y Maxilofacial II,5,patologia bucal y maxilofacial 2
ODO416A,Cirugía Bucal II,5,cirugia bucal 2
ODO417A,Imaginología Diagnóstica II,5,imaginologia diagnostica 2
ODO421,Imagenología Diagnóstica II,5,imagenologia diagnostica 2
ODO422,Patología Bucomaxilofacial II,5,patologia bucomaxilofacial 2
ODO501A,Anestesiología y Dolor,10,anestesiologia y dolor
ODO502A,Clínica Integral del Niño III,10,clinica integral del nino 3
ODO503A,Clínica Integral del Adulto III,30,clinica integral del adulto 3
ODO504A,Odontología Geriátrica,5,odontologia geriatrica
ODO505A,Clínica Integral del Niño IV,10,clinica integral del nino 4
ODO506A,Cirugía y Traumatología Buco Maxilofacial,10,cirugia y traumatologia buco maxilofacial
ODO507A,Clínica Integral de Adulto IV,20,clinica integral de adulto 4
ODO508A,Estomatología y Medicina Interna,5,estomatologia y medicina interna
ODO509A,Cirugía Bucal III,10,cirugia bucal 3
ODO511A,Odontología Geriátrica (ODO511A),10,odontologia geriatrica (odo511a)
ODO512A,Cirugía Bucal IV,10,cirugia bucal 4
ODO513A,Pacientes Con Necesidades Especiales,10,pacientes con necesidades especiales
ODO514A,Odontología Geriátrica I,5,odontologia geriatrica 1
ODO515A,Pacientes Con Necesidades Especiales I,5,pacientes con necesidades especiales 1
ODO516A,Odontología Geriátrica II,5,odontologia geriatrica 2
ODO517A,Pacientes Con Necesidades Especiales II,5,pacientes con necesidades especiales 2
ODO522,Odontología Legal,5,odontologia legal
ODO523,Clínica Integral del Adulto IV,20,clinica integral del adulto 4
ODO602A,Internado Asistencial Integral I,40,internado asistencial integral 1
ODO603A,Cirugía y Urgencia I,5,cirugia y urgencia 1
ODO604A,Administración y Gestión en Salud,5,administracion y gestion en salud
ODO605A,Rehabilitación Oral,15,rehabilitacion oral
ODO606A,Odontopediatria y Ortopedia Dentomaxilar,15,odontopediatria y ortopedia dentomaxilar
ODO607A,Periodoncia,15,periodoncia
ODO608A,Cirugía y Traumatología Buco Maxilofacial (ODO608A),15,cirugia y traumatologia buco maxilofacial (odo608a)
ODO609A,Internado Asistencial Integral II,25,internado asistencial integral 2
ODO610A,Cirugía y Urgencia II,5,cirugia y urgencia 2
ODO611A,Internado Asistencial Integral I (ODO611A),45,internado asistencial integral 1 (odo611a)
ODO612A,Internado Asistencial Integral II (ODO612A),30,internado asistencial integral 2 (odo612a)
ODO613A,Internado Electivo: Cirugía Bucal,15,internado electivo: cirugia bucal
ODO614A,Internado Electivo: Imaginología,15,internado electivo: imaginologia
ODO615A,Internado Intramural de Endodoncia,15,internado intramural de endodoncia
ODO616A,Internado Intramural de Oclusión y Trastornos Temporomandibulares,15,internado intramural de oclusion y trastornos temporomandibulares
ODO617A,Internado Intramural de Ortodoncia y Ortopedia Dentomaxilar,15,internado intramural de ortodoncia y ortopedia dentomaxilar
ODO620,Cuidados Especiales en Odontología,5,cuidados especiales en odontologia
ODO621,Clínica de Práctica Avanzada,40,clinica de practica avanzada
ODO622,Internado Avanzado Odontología Integral del Adulto,15,internado avanzado odontologia integral del adulto
ODO623,Internado Avanzado en Cirugía Bucal,15,internado avanzado en cirugia bucal
ODO624,Internado Avanzado de Odontología Pediátrica,15,internado avanzado de odontologia pediatrica
ODO625,Internado Avanzado de Imagenología Oral,15,internado avanzado de imagenologia oral
ODO626,Internado Avanzado Investigación en Odontología,15,internado avanzado investigacion en odontologia
ODO702,Educación en Salud Bucodental,10,educacion en salud bucodental
ODO703,UC Propone: Investigación Aplicada en Ciencias Sociales (ODO703),10,uc propone: investigacion aplicada en ciencias sociales (odo703)
OFE0001,Taller de Periodismo Científico,8,taller de periodismo cientifico
OFG0001,Formación General,5,formacion general
OPT0454,Opt de Ing Hidráulica (20cr),0,opt de ing hidraulica (20cr)
PCL121,Textos: Ciencias,10,textos: ciencias
PCL161,Medios I,10,medios 1
PCL221,Textos: Arte,10,textos: arte
PCL261,Medios II,10,medios 2
PCL321,Textos: Política,10,textos: politica
PCL331,Ciencias Sociales y Comunicación,10,ciencias sociales y comunicacion
PCL361,Medios III,10,medios 3
PCL410,Teoría Económica (PCL410),10,teoria economica (pcl410)
PCL431,Teoría de la Comunicación,10,teoria de la comunicacion
PCL450,Oratoria (PCL450),6,oratoria (pcl450)
PCL451,Oratoria (PCL451),8,oratoria (pcl451)
PCL461,Medios IV,10,medios 4
PCT2500,Técnicas de la Expresión Verbal,10,tecnicas de la expresion verbal
PDA303,La Problemática Ambiental del Desarrollo,6,la problematica ambiental del desarrollo
PDU103,Fgh Medio Ambiente y Desarrollo,5,fgh medio ambiente y desarrollo
PDU104,Fgh Medio Ambiente y Asentamientos Humanos,5,fgh medio ambiente y asentamientos humanos
PDU106A,Ecología Urbana (PDU106A),10,ecologia urbana (pdu106a)
PDU107,Fgh Urbanización y Desarrollo en Chile,5,fgh urbanizacion y desarrollo en chile
PDU108,Fgh la Ciudad en Occidente,5,fgh la ciudad en occidente
PDU110,Territorio y Calidad de Vida,6,territorio y calidad de vida
PDU117,Instrumentos de Planificación,6,instrumentos de planificacion
PDU118,Proyectos Inmobiliarios,6,proyectos inmobiliarios
PDU119,Gestión Inmobiliara y Suelo Urbano,6,gestion inmobiliara y suelo urbano
PDU123,Historia de los Asentamientos Humanos,6,historia de los asentamientos humanos
PDU124,Teoría y Análisis Urbano I,6,teoria y analisis urbano 1
PDU129,Urbanismo y Vivienda,6,urbanismo y vivienda
PDU131,"Chile,Hábitat de Pais Inconcluso",6,"chile,habitat de pais inconcluso"
PDU132,Mejoramiento del Hábitat Popular,6,mejoramiento del habitat popular
PDU133,Fgh Crisis Metropolis en América Latina,5,fgh crisis metropolis en america latina
PDU134,Sociología de las Grandes Ciudades (PDU134),10,sociologia de las grandes ciudades (pdu134)
PDU210S,Planificación Física,10,planificacion fisica
PDU301,El Proceso de Urbanización,10,el proceso de urbanizacion
PDU302,Teoría de Planificación,10,teoria de planificacion
PDU303,Métodos de Investigación,10,metodos de investigacion
PDU311,Análisis Espacial,15,analisis espacial
PDU312A,Planificación Regional (PDU312A),15,planificacion regional (pdu312a)
PEC8905,Investigación de Medios,8,investigacion de medios
PEE001A,Curso Español Reforzamiento,6,curso espanol reforzamiento
PEE001B,Curso Español Avanzado,6,curso espanol avanzado
PEE001C,Curso Español Superior,6,curso espanol superior
PEE001D,Curso Español Perfeccionamiento de Redacción,6,curso espanol perfeccionamiento de redaccion
PEE001E,Curso Español Reforzamiento (PEE001E),5,curso espanol reforzamiento (pee001e)
PEE001F,Curso Español Elemantal (Semestral),6,curso espanol elemantal (semestral)
PEE002A,Curso Español (California) Intermedio Basico,10,curso espanol (california) intermedio basico
PEE002B,Curso Español (California) Intermedio,10,curso espanol (california) intermedio
PEE002C,Curso Español (California) Avanzado,10,curso espanol (california) avanzado
PEE002D,Curso Español (California) Superior,10,curso espanol (california) superior
PEE003A,Curso Español (Calstate) Comunicación,8,curso espanol (calstate) comunicacion
PEE004A,Curso Español (Clemson) Conversación y Controversia,6,curso espanol (clemson) conversacion y controversia
PEE004B,Curso Español (Clemson) Cultura,6,curso espanol (clemson) cultura
PEE004C,Curso Español (Clemson) Español Comercial Nivel I,10,curso espanol (clemson) espanol comercial nivel 1
PEE004D,Curso Español (Clemson) Español Comercial Nivel 2,10,curso espanol (clemson) espanol comercial nivel 2
PEE004E,Curso Español (Clemson) Gramática Intermedio,12,curso espanol (clemson) gramatica intermedio
PEE004F,Curso Español (Clemson) Gramática Intermedio Avanzado,12,curso espanol (clemson) gramatica intermedio avanzado
PEE004G,Curso Español (Clemson) Gramática Avanzada,12,curso espanol (clemson) gramatica avanzada
PEE005A,Curso Español (Council) Semestral (PEE005A),10,curso espanol (council) semestral (pee005a)
PEE006A,Curso Español (Furman) Gramática Intermedio Avanzado,13,curso espanol (furman) gramatica intermedio avanzado
PEE006B,Curso Español (Furman) Literatura y Cultura Chilena,5,curso espanol (furman) literatura y cultura chilena
PEE006C,Curso de Español Intensivo (Furman University),10,curso de espanol intensivo (furman university)
PEE006D,Curso de Español Intermedio (Furman University),10,curso de espanol intermedio (furman university)
PEE006E,Chile Contemporáneo Historia y Sociedad (Furman University),8,chile contemporaneo historia y sociedad (furman university)
PEE006F,Literatura Chilena (Furman University),8,literatura chilena (furman university)
PEE007A,Curso Español (Michigan-Wisconsin) Semestral,8,curso espanol (michigan-wisconsin) semestral
PEE008A,Curso Español (Notre-Dame - Milwaukee) Semestral,10,curso espanol (notre-dame - milwaukee) semestral
PEE008B,Curso Español(Notre-Dame)Semestral,10,curso espanol(notre-dame)semestral
PEE008C,Español (Notre-Dame) Semestral,10,espanol (notre-dame) semestral
PEE009A,Curso Español (Tufts) Semestral,10,curso espanol (tufts) semestral
PEE010A,Curso Español (Washington St. Louis) Intensivo,6,curso espanol (washington st. louis) intensivo
PEE010B,Washington St. Louis Intensivo (Para Voluntarios),6,washington st. louis intensivo (para voluntarios)
PEE011A,Curso Español (Rio de Janeiro),10,curso espanol (rio de janeiro)
PEE012A,Curso Español de Negocios,3,curso espanol de negocios
PEE013B,Español de Negocios,4,espanol de negocios
PEE014A,Curso Español Intensivo,10,curso espanol intensivo
PEE015A,Gramática Intermedia,6,gramatica intermedia
PEE015B,Gramática Avanzada,6,gramatica avanzada
PEE015C,Cultura Chilena,6,cultura chilena
PEE016A,Curso Español (Syracuse) Semestral,10,curso espanol (syracuse) semestral
PEE016B,Español Intermedio (Syracuse University),8,espanol intermedio (syracuse university)
PEE016C,Español Avanzado (Syracuse University),8,espanol avanzado (syracuse university)
PEE017A,Español (Harvard) Semestral,8,espanol (harvard) semestral
PEI1003,Comunicación Internacional,8,comunicacion internacional
PER0029,Economía Latinoamericana,8,economia latinoamericana
PER0030,Chile: Actualidad Política,8,chile: actualidad politica
PER0031,Seminario Partidos Políticos Chilenos,10,seminario partidos politicos chilenos
PER0032,Temas de Actualidad Económica,8,temas de actualidad economica
PER159,Periodismo Económico,8,periodismo economico
PER260T,Taller de Radio,8,taller de radio
PER313,Periodismo Deportivo (PER313),8,periodismo deportivo (per313)
PER9345,Información Cientifica,8,informacion cientifica
PER9438,Dirección Estrategica de las Comunicaciones (PER9438),8,direccion estrategica de las comunicaciones (per9438)
PER9439,Taller Periodístico en Medios Regionales,10,taller periodistico en medios regionales
PER9621,Fgs Problemas Mundiales de la Libertad,5,fgs problemas mundiales de la libertad
PER9833,Fgs el Conflicto Arabe-Israeli: Pasado Presente,5,fgs el conflicto arabe-israeli: pasado presente
PEV0047,Dirección y Producción Tv,8,direccion y produccion tv
PLO5502,Taller Aplicado en Radiodifusión I,8,taller aplicado en radiodifusion 1
PLO5503,Taller Aplicado en Radiodifusión II,8,taller aplicado en radiodifusion 2
PLO5602,Camara e Iluminación,8,camara e iluminacion
PLO5603,Lenguaje del Documental (PLO5603),8,lenguaje del documental (plo5603)
PLO5604,Taller de Periodismo y Convergencia,10,taller de periodismo y convergencia
PLO5701,Pobreza e Información,8,pobreza e informacion
PLO5702,Entrevista en Prensa,8,entrevista en prensa
PLO5703,Seminario de Actualidad,8,seminario de actualidad
PLO5704,Reporteo y Ciudad,8,reporteo y ciudad
PLO5901,Fotografía Básica (PLO5901),10,fotografia basica (plo5901)
PLO6002,Gestión de Crisis Comunicacionales (PLO6002),8,gestion de crisis comunicacionales (plo6002)
PLP2116,Oratoria (PLP2116),6,oratoria (plp2116)
PRC100R,Retiro: Dimensión Bíblica,0,retiro: dimension biblica
PRC100S,Servicio Pastoral. Mundo Infantil y Juvenil,0,servicio pastoral. mundo infantil y juvenil
PRC200R,Retiro: Cristo en el Misterio de Hoy,0,retiro: cristo en el misterio de hoy
PRC200S,Servicio Pastoral. Mundo Tercera Edad,0,servicio pastoral. mundo tercera edad
PRC300R,Retiro: Dimensión Carismática,0,retiro: dimension carismatica
PRC400R,Ejercicios Espirituales,0,ejercicios espirituales
PSB049,Diálogo Entre Psicología y Religión,10,dialogo entre psicologia y religion
PSB109,Psicología General,10,psicologia general
PSB118,Psicología de la Personalidad,10,psicologia de la personalidad
PSB119,Fundamentos Psicológicos del Comportamiento Humano,10,fundamentos psicologicos del comportamiento humano
PSB141A,Psicología Social,10,psicologia social
PSB155,Jean Piaget: Seminario de Profundidad,10,jean piaget: seminario de profundidad
PSB167,Fgs Manejo del Estres,5,fgs manejo del estres
PSB212,Corrientes Post Freudianas,10,corrientes post freudianas
PSB318,La Psicología de Erich Fromm,10,la psicologia de erich fromm
PSB321,Psicología Psicoanalitica del Yo,10,psicologia psicoanalitica del yo
PSB322,Psicología Kleiniana,10,psicologia kleiniana
PSB397,Fgm Construcción Proyecto de Vida,5,fgm construccion proyecto de vida
PSB399,Fgs Modernidad y Sentido de Vida,5,fgs modernidad y sentido de vida
PSB400B,Teorías y Procesos Psicológicos,10,teorias y procesos psicologicos
PSB402A,Teorías y Procesos Psicológicos (PSB402A),10,teorias y procesos psicologicos (psb402a)
PSB406,Metodología de las Ciencias Sociales,10,metodologia de las ciencias sociales
PSB407,Ciclo Vital I,10,ciclo vital 1
PSB408,Cultura y Sociedad Latinoamericana,10,cultura y sociedad latinoamericana
PSB410,Métodos de Análisis de Datos,10,metodos de analisis de datos
PSC200,Diagnóstico Psicologico Clínico,20,diagnostico psicologico clinico
PSC208,Psicología Médica y de Salud,8,psicologia medica y de salud
PSC209,Maltrato Infantil,10,maltrato infantil
PSC210,Psicología Médica y de Salud (PSC210),10,psicologia medica y de salud (psc210)
PSC225,Introducción a la Psicoterapia,20,introduccion a la psicoterapia
PSC241,Técnicas Gestalticas,10,tecnicas gestalticas
PSC242,Taller Imagineria en Psicoterapia,10,taller imagineria en psicoterapia
PSC256,Sexualidad I,10,sexualidad 1
PSC257,Tratamiento Pareja y Alteraciones Respuesta Sexual,10,tratamiento pareja y alteraciones respuesta sexual
PSD254,Trastornos de Aprendizaje,10,trastornos de aprendizaje
PSD263,Principios de Aprendizaje en Adultos y Aplicaciones a Programas Educativos,10,principios de aprendizaje en adultos y aplicaciones a programas educativos
PSD283,Teoría Técnicas Educación de Padres,10,teoria tecnicas educacion de padres
PSG001,Lengua de Señas Chilena: la Comunidad Sorda y su Cultura,10,lengua de senas chilena: la comunidad sorda y su cultura
PSG002,Arte y Creación Plastica para el Bienestar Personal y Social: Un Enfoque Narrativo,10,arte y creacion plastica para el bienestar personal y social: un enfoque narrativo
PSG003,Salud Mental: Derechos Humanos y Ciudadanía,10,salud mental: derechos humanos y ciudadania
PSI102,Introducción a la Psicología de C J Jung,10,introduccion a la psicologia de c j jung
PSI1100,Taller de Integración I,10,taller de integracion 1
PSI1101,Procesos Psicológicos Básicos,10,procesos psicologicos basicos
PSI1103,Historia de la Psicología,10,historia de la psicologia
PSI1104,Psicología del Desarrollo I,10,psicologia del desarrollo 1
PSI1105,Psicología del Aprendizaje,10,psicologia del aprendizaje
PSI1106,Juego y Creatividad,10,juego y creatividad
PSI1107,Convivencia Escolar y Aprendizaje Socioemocional,10,convivencia escolar y aprendizaje socioemocional
PSI116,Familia: Un Enfoque Clínico-Social,10,familia: un enfoque clinico-social
PSI1200,Taller de Integración II,10,taller de integracion 2
PSI1201,Psicología del Desarrollo II,10,psicologia del desarrollo 2
PSI1202,Persona y Sociedad,10,persona y sociedad
PSI1203,Metodologías de Investigación en Psicología,10,metodologias de investigacion en psicologia
PSI1204,Fundamentos Biológicos del Comportamiento,10,fundamentos biologicos del comportamiento
PSI1206,Teorías Sociales en Psicología,10,teorias sociales en psicologia
PSI172,Relaciones Humanas (PSI172),10,relaciones humanas (psi172)
PSI2000,Diseño y Evaluación de Programas Educativos,10,diseno y evaluacion de programas educativos
PSI215A,Comunicación Humana I,10,comunicacion humana 1
PSI215B,Comunicación Humana II,10,comunicacion humana 2
PSI218,Fgs Psicología de la Comunicación,5,fgs psicologia de la comunicacion
PSI219,Creatividad y Salud Mental,10,creatividad y salud mental
PSI220A,Fgs Superando la Timidez,5,fgs superando la timidez
PSI2300,Métodos de Investigación Cualitativa,10,metodos de investigacion cualitativa
PSI2301,Métodos de Investigación Cuantitativa,10,metodos de investigacion cuantitativa
PSI2303,Psicoanálisis,10,psicoanalisis
PSI2304,Teorías de la Cognición,10,teorias de la cognicion
PSI2305,Taller de Integración III,10,taller de integracion 3
PSI2306,Modelos de Salud-Enfermedad,10,modelos de salud-enfermedad
PSI2307,Teoría de Sistemas,10,teoria de sistemas
PSI2308,"Inteligencia, Pensamiento y Lenguaje",10,"inteligencia, pensamiento y lenguaje"
PSI2309,Afectividad y Motivación,10,afectividad y motivacion
PSI2310,Hipotesis y Practicas Sistemico Narrativas,10,hipotesis y practicas sistemico narrativas
PSI2400,Evaluación Psicológica I,10,evaluacion psicologica 1
PSI2401,Psicopatología y Psiquiatría Adultos,10,psicopatologia y psiquiatria adultos
PSI2402,Psicopatología Infanto-Juvenil,10,psicopatologia infanto-juvenil
PSI2403,Personalidad e Identidad,10,personalidad e identidad
PSI2404,Taller de Integración IV,10,taller de integracion 4
PSI2405,Evaluación Psicológica II,10,evaluacion psicologica 2
PSI2406,Iniciación Profesional a la Psicología Clínica,10,iniciacion profesional a la psicologia clinica
PSI2407,Iniciación Profesional a la Psicología Educacional,10,iniciacion profesional a la psicologia educacional
PSI2408,Iniciación Profesional a la Psicología Laboral-Organizacional,10,iniciacion profesional a la psicologia laboral-organizacional
PSI2409,Iniciación Profesional a la Psicología de la Salud,10,iniciacion profesional a la psicologia de la salud
PSI2410,Iniciación Profesional a la Psicología Comunitaria,10,iniciacion profesional a la psicologia comunitaria
PSI2411,Alianza Terapeutica,10,alianza terapeutica
PSI2412,"Trauma, Violencia Política y Elaboración: Una Lectura Psicosocial",10,"trauma, violencia politica y elaboracion: una lectura psicosocial"
PSI2413,Sexualidad y Afectividad Humana,10,sexualidad y afectividad humana
PSI2414,Psicología de la Irracionalidad,10,psicologia de la irracionalidad
PSI2415,Introducción al Trabajo en Programas Sociales,10,introduccion al trabajo en programas sociales
PSI2416,Teoría Humanista Existencial,10,teoria humanista existencial
PSI2417,Fundamentos Teoricos de la Terapia Conductual - Cognitiva,10,fundamentos teoricos de la terapia conductual - cognitiva
PSI2418,Introducción a la Psicología Jurídica,10,introduccion a la psicologia juridica
PSI2419,Introducción a la Neuropsicología Cognitiva Desde Casos Emblematicos,10,introduccion a la neuropsicologia cognitiva desde casos emblematicos
PSI2420,Hacia Un Pensamiento Sistemico Posmoderno,10,hacia un pensamiento sistemico posmoderno
PSI2421,Corrientes Post Freudianas (PSI2421),10,corrientes post freudianas (psi2421)
PSI2422,Tópicos en Drogas y Alcohol,10,topicos en drogas y alcohol
PSI2424,Práctica de Investigación en Ciencia Psicológica,10,practica de investigacion en ciencia psicologica
PSI2425,Introducción a la Teoría Psicoanalitica Lacaniana,10,introduccion a la teoria psicoanalitica lacaniana
PSI2426,Psicología Holística: Enfoque Humanista Transpersonal,10,psicologia holistica: enfoque humanista transpersonal
PSI2427,Taller: Vinculación Con el Mundo de los Pobres,10,taller: vinculacion con el mundo de los pobres
PSI2428,Psicología y Cultura en Latinoamérica,10,psicologia y cultura en latinoamerica
PSI2429,Intervención Cognitivo Conductual en Niños Con Trastornos del Neurodesarrollo,10,intervencion cognitivo conductual en ninos con trastornos del neurodesarrollo
PSI2430,Clínica Psicoanalitica: Una Mirada Relacional,10,clinica psicoanalitica: una mirada relacional
PSI2431,Taller Práctico de Formación Profesional,10,taller practico de formacion profesional
PSI2432,"Violencia Subjetiva, Violencia Social: Una Lectura Psicoanalitica",10,"violencia subjetiva, violencia social: una lectura psicoanalitica"
PSI2433,"Amor, Adultez y Creatividad en Diferentes Conceptualizaciones Teóricas",10,"amor, adultez y creatividad en diferentes conceptualizaciones teoricas"
PSI2434,Investigación en Pregrado UC Propone Psicología,10,investigacion en pregrado uc propone psicologia
PSI2435,Creencias sobre el Conocimiento y el Aprendizaje en el Contexto de la Enseñanza,10,creencias sobre el conocimiento y el aprendizaje en el contexto de la ensenanza
PSI2436,Psicología Aplicada a Emergencias y Desastres,10,psicologia aplicada a emergencias y desastres
PSI2437,Desigualdad de Genero: Antecedentes y Consecuencias Psicosociales,10,desigualdad de genero: antecedentes y consecuencias psicosociales
PSI2438,Genero y Psicoanálisis,10,genero y psicoanalisis
PSI2439,"Subjetividad: Problemas Teoricos sobre Experiencia, Identidad y Agencia",10,"subjetividad: problemas teoricos sobre experiencia, identidad y agencia"
PSI2440,Psicología del Delito,10,psicologia del delito
PSI2441,"Juego, Desarrollo y Aprendizaje",10,"juego, desarrollo y aprendizaje"
PSI2442,Neurociencias de los Estilos de Vida,10,neurociencias de los estilos de vida
PSI2443,Violencia Sexual,10,violencia sexual
PSI2444,Formación y Desarrollo de la Complejidad Social,10,formacion y desarrollo de la complejidad social
PSI2445,Perspectivas Actuales en Neuropsicología,10,perspectivas actuales en neuropsicologia
PSI2446,Aplicaciones de la Psicología a la Promoción del Desarrollo Humano,10,aplicaciones de la psicologia a la promocion del desarrollo humano
PSI2447,Pensar: ñMas alla del Lenguajeñ,10,pensar: nmas alla del lenguajen
PSI2448,"Psicología, Discapacidad e Inclusión",10,"psicologia, discapacidad e inclusion"
PSI2449,Psicología de la Desigualdad,10,psicologia de la desigualdad
PSI2450,Enfoques Humanista y Transpersonal: Conceptos Generales y Aplicaciones en Psicología,10,enfoques humanista y transpersonal: conceptos generales y aplicaciones en psicologia
PSI2451,Salud Mental Perinatal y Vinculación Temprana,10,salud mental perinatal y vinculacion temprana
PSI2452,Etnografía y Psicología: Practicas Innovadoras de Investigación,10,etnografia y psicologia: practicas innovadoras de investigacion
PSI2453,Psicología de la Alimentación: Determinantes Psicosociales de la Conducta Alimentaria,10,psicologia de la alimentacion: determinantes psicosociales de la conducta alimentaria
PSI2454,Desarrollo de Habilidades y Estrategias para Promover el Bienestar y la Resiliencia,10,desarrollo de habilidades y estrategias para promover el bienestar y la resiliencia
PSI2455,"Trabajo en Equipo: Efectividad, Aprendizaje y Bienestar",10,"trabajo en equipo: efectividad, aprendizaje y bienestar"
PSI2501,Tecnologías de Comunicación Alternativa y Aumentativa,10,tecnologias de comunicacion alternativa y aumentativa
PSI2502,Psicología del Trabajo y la Ocupación,5,psicologia del trabajo y la ocupacion
PSI2503,Salud Mental,10,salud mental
PSI2508,Práctica en Psicología Laboral,30,practica en psicologia laboral
PSI2509,Práctica en Psicología de la Salud,30,practica en psicologia de la salud
PSI2518,Práctica en Psicología Laboral (PSI2518),30,practica en psicologia laboral (psi2518)
PSI2530,Práctica en Psicología Comunitaria,30,practica en psicologia comunitaria
PSI2537,Práctica en Psicología Educacional,30,practica en psicologia educacional
PSI2546,Práctica en Psicología Clínica,30,practica en psicologia clinica
PSI3013,El Psicoterapeuta en la Escena Clínica,10,el psicoterapeuta en la escena clinica
PSI3048,"Psicología Comunitaria y la ""Orientación a la Recuperación""",10,"psicologia comunitaria y la ""orientacion a la recuperacion"""
PSI3051,Investigación en Psicología Comunitaria,10,investigacion en psicologia comunitaria
PSI3507,Políticas Públicas Educativas Docentes,10,politicas publicas educativas docentes
PSI3523,Gestión de Personas,10,gestion de personas
PSI3528,Conducta del Consumidor (PSI3528),10,conducta del consumidor (psi3528)
PSI3584,Procesos Grupales,10,procesos grupales
PSI3586,Evaluación de Programas y Proyectos Sociales,10,evaluacion de programas y proyectos sociales
PSL402,Teoría Conductual I,10,teoria conductual 1
PSL407,Teoría Conductual II,10,teoria conductual 2
PSL412,Técnicas de Evaluación Psicológica,10,tecnicas de evaluacion psicologica
PSO100,Tópicos en Psicología Transpersonal,10,topicos en psicologia transpersonal
PSO101,Taller de Técnicas de Terapia Infantil,10,taller de tecnicas de terapia infantil
PSO102,Técnicas de Grupo,10,tecnicas de grupo
PSO103,Técnicas Proyectivas en la Medición,10,tecnicas proyectivas en la medicion
PSO104,Introducción al Pensamiento de Lev Vygotsky,10,introduccion al pensamiento de lev vygotsky
PSO105,Taller de Habitos en Comunidad Interpersonal,10,taller de habitos en comunidad interpersonal
PSO106,Taller de Habitos para el Trabajo Grupal,10,taller de habitos para el trabajo grupal
PSO107,Psicopatología del Desarrollo,10,psicopatologia del desarrollo
PSO108,Introducción Teoría Psicoanalitica de los Sueños,10,introduccion teoria psicoanalitica de los suenos
PSO109,Evaluación Psicológica Infantil,10,evaluacion psicologica infantil
PSO110,Aplicación de Técnicas de Psicodiagnostico,10,aplicacion de tecnicas de psicodiagnostico
PSO111,Taller de Desarrollo Habilidad,10,taller de desarrollo habilidad
PSO112,Seminario Problemas. en Salud Mental Ocupacional,10,seminario problemas. en salud mental ocupacional
PSO113,Bases de Psicoterapia Psicoanalitica,10,bases de psicoterapia psicoanalitica
PSO114,Psicosociología de las Relaciones Laborales,10,psicosociologia de las relaciones laborales
PSO115,Taller de Habilidades Básicas,10,taller de habilidades basicas
PSO116,Desarrollo de Sistemas Instruccionales Basados Tecnologías de Información,10,desarrollo de sistemas instruccionales basados tecnologias de informacion
PSO117,Psicología de la Salud,10,psicologia de la salud
PSO118,Psicología Política,10,psicologia politica
PSO120,Taller de Habilidades en Comunicación y Organización de Equipos,10,taller de habilidades en comunicacion y organizacion de equipos
PSO124,Vocación de Amor y Psicología,10,vocacion de amor y psicologia
PSO152,Psicología de la Creatividad,10,psicologia de la creatividad
PSO200,Drogas: Un Probl Multidimensional,10,drogas: un probl multidimensional
PSO203,Proceso Psicologico Conflicto y Violencia,10,proceso psicologico conflicto y violencia
PSO206,Sexualidad y Afectividad Humana (PSO206),10,sexualidad y afectividad humana (pso206)
PSO208,Teoría de la Práctica Psicoanalitica I,10,teoria de la practica psicoanalitica 1
PSO209,Análisis Psicosocial de la Ninez y Adolescencia,10,analisis psicosocial de la ninez y adolescencia
PSO211,Teoría de la Práctica Psicoanalitica,10,teoria de la practica psicoanalitica
PSO212,Psicología de la Religión I: Enfoques Teoricosos,10,psicologia de la religion i: enfoques teoricosos
PSO213,Trastorno de la Conducta Alimentaria,10,trastorno de la conducta alimentaria
PSO214,Psicología de la Salud: Aportes en Problemas Cronicos de Salud,10,psicologia de la salud: aportes en problemas cronicos de salud
PSO217,Seminario de Pobreza Infocap,10,seminario de pobreza infocap
PSO254,Análisis e Interpretación Junguianos de los Sueños,10,analisis e interpretacion junguianos de los suenos
PSO255,Epistemología,10,epistemologia
PSO256,Apoyo Psicologico al Paciente Con Cancer,10,apoyo psicologico al paciente con cancer
PSO302,Interrelaciones Entre Personalidad y Depresión,10,interrelaciones entre personalidad y depresion
PSO304,Abordaje Clínico Pacientes Con Consumo Problematico de Drogas Y/O Alcohol,10,abordaje clinico pacientes con consumo problematico de drogas y/o alcohol
PSO305,Aproximación Psicoanalitica a la Psicopatología,10,aproximacion psicoanalitica a la psicopatologia
PSO306,Gestión de Proyecto de Consulta y Mejoramiento del Desempeno de las Organizaciones,10,gestion de proyecto de consulta y mejoramiento del desempeno de las organizaciones
PSO307,Herramientas de Cambio Organizacional,10,herramientas de cambio organizacional
PSO309,Consultoría Organizacional,10,consultoria organizacional
PSO310,Clínica Con Adolescentes: Dos Miradas,10,clinica con adolescentes: dos miradas
PSO312,"Coaching, Teoría y Práctica",10,"coaching, teoria y practica"
PSO352,Proceso Drogadicción y Sistema de Intervención II,10,proceso drogadiccion y sistema de intervencion 2
PSO353,Clínica Biografica:Relatos de Vida,10,clinica biografica:relatos de vida
PSO354,Pre Práctica Hogar de Cristo,10,pre practica hogar de cristo
PSO356,Tecnica de Intervenion en Psicoterapia Infantil de Orientación Psicoanalitica,10,tecnica de intervenion en psicoterapia infantil de orientacion psicoanalitica
PSO357,El Trabajo en Equipo,10,el trabajo en equipo
PSO358,Pre-Práctica de Formación Profesional,10,pre-practica de formacion profesional
PSO400,Estudio Dirigido de Profundización Psicología Básica,10,estudio dirigido de profundizacion psicologia basica
PSO401,Taller de Profundización en Psicología Básica,10,taller de profundizacion en psicologia basica
PSO402,Estudio Dirigido de Profundización en Psicología Aplicada,10,estudio dirigido de profundizacion en psicologia aplicada
PSO403,Taller de Profundización en Psicología Aplicada,10,taller de profundizacion en psicologia aplicada
PSO404,Estudio Dirigido de Especialización Profesional,10,estudio dirigido de especializacion profesional
PSO405,Taller de Profundización de Especialización Profesional,10,taller de profundizacion de especializacion profesional
PSO406,Psicogerontología,10,psicogerontologia
PSO407,Trastornos de Personalidad,10,trastornos de personalidad
PSO408,Abordaje Clínico de Pacientes Con Consumo Problematico de Drogas Y/O Alcohol,10,abordaje clinico de pacientes con consumo problematico de drogas y/o alcohol
PSO409,Desarrollo Infantil y Políticas Públicas: Teoría y Evidencia,10,desarrollo infantil y politicas publicas: teoria y evidencia
PSO410,Psicología de la Religión,10,psicologia de la religion
PSO411,Uso y Abuso de Sustancias,10,uso y abuso de sustancias
PSO412,La Entrevista: Herramientas Practicas y Escucha Activa,10,la entrevista: herramientas practicas y escucha activa
PSO413,Autoconocimiento a través del Arte; Un Enfoque Narrativo,10,autoconocimiento a traves del arte; un enfoque narrativo
PSO414,Diferencias Individuales en el Aprendizaje Escolar,10,diferencias individuales en el aprendizaje escolar
PSO415,Neurociencias y Espiritualidad,10,neurociencias y espiritualidad
PSO416,Inteligencia Multicultural,10,inteligencia multicultural
PSO417,Amor y Conflicto: La Relación de Pareja,10,amor y conflicto: la relacion de pareja
PSO418,Psicología y Pobreza: Aportes Contemporáneos al Trabajo en Contextos Vulnerables,10,psicologia y pobreza: aportes contemporaneos al trabajo en contextos vulnerables
PSP105,Práctica Clínica,20,practica clinica
PSP105A,Práctica Clínica (PSP105A),30,practica clinica (psp105a)
PSP205A,Práctica Educacional,30,practica educacional
PSP300,Alcoholismo Reeducación y Prevención,10,alcoholismo reeducacion y prevencion
PSP305A,Práctica Laboral Organizacional,30,practica laboral organizacional
PST156,Análisis Ocupacional y Selección Profesional,10,analisis ocupacional y seleccion profesional
PST258A,Desarrollo Organizacional (PST258A),10,desarrollo organizacional (pst258a)
PST301,Gestión de Recursos Humanos (PST301),10,gestion de recursos humanos (pst301)
PTP1209,Política de la Información,8,politica de la informacion
PTP1819,Investigación Periodística II,8,investigacion periodistica 2
PTP4818,Investigación Periodística I,8,investigacion periodistica 1
QDA2311,Seminario I Bibliografico,2,seminario 1 bibliografico
QDA3800,Tesis I,25,tesis 1
QDA3801,Tesis Licenciatura,50,tesis licenciatura
QDA3900,Tesis II,25,tesis 2
QFF111A,Relaciones Humanas (QFF111A),4,relaciones humanas (qff111a)
QFF1120,Introducción a las Ciencias Farmacéuticas,4,introduccion a las ciencias farmaceuticas
QFF2011,Botánica y Farmacognosia,6,botanica y farmacognosia
QFF3701,Tecnología Farmacéutica I,8,tecnologia farmaceutica 1
QFF3702,Fármaco-Química I,8,farmaco-quimica 1
QFF3801,Tecnología Farmacéutica II T-P,10,tecnologia farmaceutica 2 t-p
QFF3802,Fármaco-Química II T-P,10,farmaco-quimica 2 t-p
QFF3901,Tecnología Farmacéutica III T-P,10,tecnologia farmaceutica 3 t-p
QFF3902,Fármaco-Química III T-P,10,farmaco-quimica 3 t-p
QFF3903,Farmacología III,6,farmacologia 3
QFF3930,Farmacia Clínica I,6,farmacia clinica 1
QFF4010,Introducción a la Farmacia Privada,6,introduccion a la farmacia privada
QFF4020,Toxicología y Prevención Riesgo,6,toxicologia y prevencion riesgo
QFF4030,Farmacia Clínica II T-P,20,farmacia clinica 2 t-p
QFF4040,Legislación Farmacéutica,4,legislacion farmaceutica
QFF4050,Fármaco-Química IV,8,farmaco-quimica 4
QFF4051,Farmacia Clínica III,8,farmacia clinica 3
QFF4053,Tecnología Farmacéutica IV,8,tecnologia farmaceutica 4
QFF4100,Tesis (QFF4100),50,tesis (qff4100)
QFF4110,Profundización Profesional,35,profundizacion profesional
QFG2001,Fgc Desarrollo de Ciencia y Tecnología,5,fgc desarrollo de ciencia y tecnologia
QIF102,Fármaco-Química II,15,farmaco-quimica 2
QIF103,Fármaco-Química III,15,farmaco-quimica 3
QIF104,Farmacocinética y Bio-Farmacia,10,farmacocinetica y bio-farmacia
QIF106,Tecnología Farmacéutica II,15,tecnologia farmaceutica 2
QIF107,Legislación y Deontología Farmacéutica,5,legislacion y deontologia farmaceutica
QIF108,Toxicología,10,toxicologia
QIF109,Farmacia Privada,10,farmacia privada
QIF110,Farmacia Clínica y Atención Farmacéutica,10,farmacia clinica y atencion farmaceutica
QIF112,Internado Clínico,30,internado clinico
QIF117,El Mundo de los Medicamentos,10,el mundo de los medicamentos
QIF118,Bioquímica Clínica,10,bioquimica clinica
QIM001,Química Preliminar,0,quimica preliminar
QIM001A,Química Preliminar (QIM001A),5,quimica preliminar (qim001a)
QIM010,Química Inicial,10,quimica inicial
QIM100,Química General,10,quimica general
QIM1002,Liderazgo Estrategico para Estudiantes de Química y Farmacia,10,liderazgo estrategico para estudiantes de quimica y farmacia
QIM1003,Gestión y Marketing Estrategico Como Herramienta Fundamental para el Químico Farmaceutico,10,gestion y marketing estrategico como herramienta fundamental para el quimico farmaceutico
QIM1004,Farmacia Asistencial,10,farmacia asistencial
QIM1005,Gmp y Calidad en la Industria Farmacéutica,10,gmp y calidad en la industria farmaceutica
QIM1006,Farmacia Clínica Avanzada,10,farmacia clinica avanzada
QIM1007,Avances en Farmacoterapeutica,10,avances en farmacoterapeutica
QIM1009,Farmacoeconomía,10,farmacoeconomia
QIM100A,Química General II,10,quimica general 2
QIM100E,Química para Ingeniería,10,quimica para ingenieria
QIM101,Laboratorio Química General,5,laboratorio quimica general
QIM1010,Síntesis de Farmacos,10,sintesis de farmacos
QIM1011,Análisis de Farmacos,10,analisis de farmacos
QIM1012,Gestión de Calidad de la Farmacia Asistencial,10,gestion de calidad de la farmacia asistencial
QIM1013,Bases Celulares y Moleculares de Patología Humana,10,bases celulares y moleculares de patologia humana
QIM1014,Nuevas Formas de Dosificación y Vias de Administración,10,nuevas formas de dosificacion y vias de administracion
QIM1015,Aplicación Eficiente de las Buenas Practicas de Manufactura en la Industria Farmacéutica,10,aplicacion eficiente de las buenas practicas de manufactura en la industria farmaceutica
QIM1016,Garantia de Calidad de la Industria Farmacéutica,10,garantia de calidad de la industria farmaceutica
QIM1017,Inmunofarmacología,10,inmunofarmacologia
QIM1018,Modelos Farmacologicos de Desordenes Neuropsiquiatricos T-P,10,modelos farmacologicos de desordenes neuropsiquiatricos t-p
QIM1019,Farmacología Clínica Aplicada,10,farmacologia clinica aplicada
QIM101A,Técnicas de Laboratorio Químico,5,tecnicas de laboratorio quimico
QIM101L,Laboratorio de Química General,10,laboratorio de quimica general
QIM102,Química Orgánica I,10,quimica organica 1
QIM1020,Marketing para Químicos y Farmaceuticos,10,marketing para quimicos y farmaceuticos
QIM1021,Farmacia Hospitalaria,10,farmacia hospitalaria
QIM1022,Desafio de la Industria Cosmética,10,desafio de la industria cosmetica
QIM1023,Cancer y su Tratamiento Farmacologico,10,cancer y su tratamiento farmacologico
QIM1024,Farmacovigilancia y Tecnovigilancia,10,farmacovigilancia y tecnovigilancia
QIM1025,Innovación y Emprendimiento en Farmacia,10,innovacion y emprendimiento en farmacia
QIM1026,Laboratorio de Farmacognosia,10,laboratorio de farmacognosia
QIM1027,Ciencia y Tecnología de los Alimentos,10,ciencia y tecnologia de los alimentos
QIM1028,Servicios Profesionales Farmaceuticos Asistenciales para Atención Primaria de Salud,10,servicios profesionales farmaceuticos asistenciales para atencion primaria de salud
QIM1029,Cine & Toxicología,10,cine & toxicologia
QIM103,Química Orgánica II,10,quimica organica 2
QIM1030,"Industria Farmacéutica: Desafíos, Oportunidades y Estrategia",10,"industria farmaceutica: desafios, oportunidades y estrategia"
QIM1031,Farmacogenomica y Medicina Personalizada,10,farmacogenomica y medicina personalizada
QIM1032,Caracterización Estructural de Farmacos,10,caracterizacion estructural de farmacos
QIM1033,Química Bio-Inorgánica,10,quimica bio-inorganica
QIM1035,Aplicaciones Industriales de la Biofarmacia,10,aplicaciones industriales de la biofarmacia
QIM1036,Bioingenieria Farmacéutica,10,bioingenieria farmaceutica
QIM1037,Medicina Biorreguladora de Sistemas,10,medicina biorreguladora de sistemas
QIM1038,Farmacia Hospitalaria (QIM1038),10,farmacia hospitalaria (qim1038)
QIM104,Laboratorio de Química Orgánica,10,laboratorio de quimica organica
QIM1040,Métodos Cuantitativos para el Análisis y Optimización Experimental en Química y Farmacia,10,metodos cuantitativos para el analisis y optimizacion experimental en quimica y farmacia
QIM105,Síntesis Orgánica,10,sintesis organica
QIM106,Química Inorgánica I,10,quimica inorganica 1
QIM107,Química Inorgánica II,10,quimica inorganica 2
QIM108,Química Inorgánica III,10,quimica inorganica 3
QIM109,Análisis Químico I,10,analisis quimico 1
QIM109A,Química Analítica I,10,quimica analitica 1
QIM110,Análisis Químico II,10,analisis quimico 2
QIM110A,Química Analítica II,10,quimica analitica 2
QIM111,Análisis Instrumental,10,analisis instrumental
QIM111A,Química Analítica III,10,quimica analitica 3
QIM112,Química Analítica Aplicada,10,quimica analitica aplicada
QIM114,Química-Física I,10,quimica-fisica 1
QIM114B,Química Física I,10,quimica fisica 1
QIM115,Química-Física II,10,quimica-fisica 2
QIM116,Química-Física III,10,quimica-fisica 3
QIM117B,Bioquímica,10,bioquimica
QIM118,Electroquímica,10,electroquimica
QIM119,Tesis de Licenciatura,50,tesis de licenciatura
QIM120,Química en la Naturaleza y la Sociedad,10,quimica en la naturaleza y la sociedad
QIM122,Análisis Forense,10,analisis forense
QIM124,Mundo de los Medicamentos,10,mundo de los medicamentos
QIM130,Innovación en las Ciencias Básicas. Una Posibilidad Real,10,innovacion en las ciencias basicas. una posibilidad real
QIM135,Química Computacional,10,quimica computacional
QIM137,Innovación y Emprendimiento en las Ciencias Básicas: Promoviendo un Mundo Sustentable,10,innovacion y emprendimiento en las ciencias basicas: promoviendo un mundo sustentable
QIM150,Química-Física,10,quimica-fisica
QIM200,Química Orgánica Fundamental,10,quimica organica fundamental
QIM200P,Fundamentos de Química Orgánica,10,fundamentos de quimica organica
QIM2010,Seminario de Pregrado I,10,seminario de pregrado 1
QIM201P,Desarrollo de Habilidades Pensamiento Científico (Cpc),10,desarrollo de habilidades pensamiento cientifico (cpc)
QIM202,Bioquímica General,10,bioquimica general
QIM2020,Seminario de Pregrado II,10,seminario de pregrado 2
QIM202N,Bioquímica General para Nutrición,10,bioquimica general para nutricion
QIM203,Seminario de Pregrado,10,seminario de pregrado
QIM2030,Seminario Bibliografico (QIM2030),10,seminario bibliografico (qim2030)
QIM300,Gestión y Manejo de Residuos Químicos,10,gestion y manejo de residuos quimicos
QIM300B,Gestión y Manejo de Residuos,10,gestion y manejo de residuos
QIM300P,Problematicas en la Enseñanza de la Química (Cpc),10,problematicas en la ensenanza de la quimica (cpc)
QIM301P,Química y Su Relación Con Otras Ciencias. Aplicaciones (Cpc),10,quimica y su relacion con otras ciencias. aplicaciones (cpc)
QIM400,Química Orgánica Aplicada,10,quimica organica aplicada
QIM400P,Diseño de Laboratorios en Aula (Cpc),10,diseno de laboratorios en aula (cpc)
QIM401,Síntesis de Farmacos (QIM401),10,sintesis de farmacos (qim401)
QIM402,Análisis de Farmacos (QIM402),10,analisis de farmacos (qim402)
QIM403,Cristalografía de Rayos-X y Técnicas de Resolución Estructural,10,cristalografia de rayos-x y tecnicas de resolucion estructural
QIM450,Prevención de Riesgos Profesionales,10,prevencion de riesgos profesionales
QIM450P,Taller de Química (Cpc),10,taller de quimica (cpc)
QIM500,Química Inorgánica Aplicada,10,quimica inorganica aplicada
QIM501,Formulación y Venta de Productos Químicos Industriales,10,formulacion y venta de productos quimicos industriales
QIM502,Contaminación y Química de Suelos,10,contaminacion y quimica de suelos
QIM503,Tópicos en Química Ambiental,10,topicos en quimica ambiental
QIM504,Química Forense,10,quimica forense
QIM505,Bioquímica Forense,10,bioquimica forense
QIM506,Química Toxicologica,10,quimica toxicologica
QIM507,Aspectos Generales y Aplicaciones de Simulación Molecular,10,aspectos generales y aplicaciones de simulacion molecular
QIM509,Introducción a la Nanotecnología,10,introduccion a la nanotecnologia
QIM511,Enzimas en la Industria Química y Farmacéutica,10,enzimas en la industria quimica y farmaceutica
QIM512,Análisis Químico y Bioquímico en los Peritajes Forenses,10,analisis quimico y bioquimico en los peritajes forenses
QIM513,Sistema de Gestión de Conducta Responsable en la Industria Química,10,sistema de gestion de conducta responsable en la industria quimica
QIM514,Análisis de Productos Farmaceuticos,10,analisis de productos farmaceuticos
QIM515,Propiedad Intelectual para Innovar y Emprender,10,propiedad intelectual para innovar y emprender
QIM516,Química Industrial,10,quimica industrial
QIM517,Celdas Solares,10,celdas solares
QIM518,Una Mirada a la Industria Química Chilena y el rol del Profesional Químico,10,una mirada a la industria quimica chilena y el rol del profesional quimico
QIM519,ñComo la Química Cambio el Mundoñ,10,ncomo la quimica cambio el mundon
QIM520,Química Moderna: Una Mirada al Mundo de los Átomos y las Moléculas,10,quimica moderna: una mirada al mundo de los atomos y las moleculas
QIM521,"Liposomas: Sistemas Nanotransportadores para Aplicaciones Biomédicas, Biotecnologicas y Farmacéutica",10,"liposomas: sistemas nanotransportadores para aplicaciones biomedicas, biotecnologicas y farmaceutica"
QIM522,"Especies Reactivas, Antioxidantes y Salud Humana",10,"especies reactivas, antioxidantes y salud humana"
QIM523,Almacenamiento de Energía: Vectores Químicos y Dispositivos,10,almacenamiento de energia: vectores quimicos y dispositivos
QIM524,Técnicas Experimentales en Química Biológica,10,tecnicas experimentales en quimica biologica
QIM525,Análisis Químico de Alimentos,10,analisis quimico de alimentos
QIM526,Aplicaciones de la Energía Nuclear,10,aplicaciones de la energia nuclear
QIM527,Seminario de Pregrado en la Industria,10,seminario de pregrado en la industria
QIM528,Políticas Cientificas e Innovación Pública,10,politicas cientificas e innovacion publica
QIM529,Introducción a la Nanotecnología (QIM529),10,introduccion a la nanotecnologia (qim529)
QIM530,Industria Química y sus Practicas Sustentables,10,industria quimica y sus practicas sustentables
QIM531,Química Verde e Ingeniería Verde: Herramientas y Tecnologías Innovadoras en Armonía con el Planeta,10,quimica verde e ingenieria verde: herramientas y tecnologias innovadoras en armonia con el planeta
QIM532,Matemáticas para la Químico Física,10,matematicas para la quimico fisica
QIM533,Química Computacional (QIM533),10,quimica computacional (qim533)
QIM534,Química Medicinal de Receptores Biológicos,10,quimica medicinal de receptores biologicos
QIM550,Fuentes y Utilización de las Energias Renovables y No Renovables en Chile,10,fuentes y utilizacion de las energias renovables y no renovables en chile
QIN2011,Inglés Tecnico I,0,ingles tecnico 1
QIN2511,Inglés Tecnico II,6,ingles tecnico 2
QIN3011,Inglés Tecnico III,6,ingles tecnico 3
QMA2304,Química Analítica I T-P,10,quimica analitica 1 t-p
QMA2404,Química Analítica II T-P,14,quimica analitica 2 t-p
QMA2604,Laboratorio Análisis Instrumental,8,laboratorio analisis instrumental
QMA2704,Química Analítica III T-P,12,quimica analitica 3 t-p
QMI2502,Química Inorgánica II T-P,12,quimica inorganica 2 t-p
QMI2602,Química Inorgánica III T-P,12,quimica inorganica 3 t-p
QMP3801,Elementos de Operación Industrial,10,elementos de operacion industrial
QOP3801,Química Ambiental,10,quimica ambiental
QOP3803,Métodos Analiticos Avanzados T-P,10,metodos analiticos avanzados t-p
QOP3805,Comercialización de Instrumentos e Insumos Químicos,10,comercializacion de instrumentos e insumos quimicos
QOP3806,Electroquímica Industrial,10,electroquimica industrial
QPQ3411,Introducción a la Ciencia de Alimentos,4,introduccion a la ciencia de alimentos
QPQ3414,Introducción a Métodos de Separación,6,introduccion a metodos de separacion
QPQ3512,Fundamentos de Microbiología Alimentos,4,fundamentos de microbiologia alimentos
QPQ3513,Química de Alimentos,6,quimica de alimentos
QPQ3515,Bioquímica de Aminoacidos,4,bioquimica de aminoacidos
QPQ3518,Síntesis Compuest Organicos Uso Industrial T-P,12,sintesis compuest organicos uso industrial t-p
QPQ3520,Síntesis Compuesto de Interes Farmacologico,6,sintesis compuesto de interes farmacologico
QPQ3611,Contaminación Ambiental,4,contaminacion ambiental
QPQ3613,Galvanotecnia T-P,10,galvanotecnia t-p
QPQ3618,Síntesis Inorgánica Avanzada,10,sintesis inorganica avanzada
QPQ3621,Electroquímica Industrial Cobre Cloro Alcali,4,electroquimica industrial cobre cloro alcali
QPQ3622,Metalurgia Extractiva del Cobre,4,metalurgia extractiva del cobre
QPQ3713,Química Física de Superficies,4,quimica fisica de superficies
QPQ3715,Reactividad Química,6,reactividad quimica
QPQ3720,Bioinorgánica,6,bioinorganica
QPQ3721,Química-Física de Macromoleculas,4,quimica-fisica de macromoleculas
QPQ3722,Laboratorio Química-Física de Macromoleculas,10,laboratorio quimica-fisica de macromoleculas
QPQ3723,Laboratorio de Estructura Molecular,10,laboratorio de estructura molecular
QPQ3724,Laboratorio Cinética Química,10,laboratorio cinetica quimica
QPQ3725,Química Computacional T-P,4,quimica computacional t-p
QPQ3727,Química Computacional (QPQ3727),6,quimica computacional (qpq3727)
QPQ3802,Creación y Gestión Empresas Quimicas,6,creacion y gestion empresas quimicas
QPQ3803,Sistemas de Calidad y Normalización,10,sistemas de calidad y normalizacion
QPQ3804,Comunicación Humana,5,comunicacion humana
QQF2501,Cb Química Física I T-P,12,cb quimica fisica 1 t-p
QQF3502,Electroquímica T-P,10,electroquimica t-p
QQF3601,Cb Química Física II T-P,10,cb quimica fisica 2 t-p
QQF3701,Química-Física III T-P,10,quimica-fisica 3 t-p
QQO2303,Cb Química Orgánica II,8,cb quimica organica 2
QQO2401,Cb Lab Química Orgánica,10,cb lab quimica organica
QQO2402,Cb Bioquímica T-P,14,cb bioquimica t-p
QQO2403,Cb Química Orgánica III,8,cb quimica organica 3
QQO3501,Síntesis Orgánica T-P,12,sintesis organica t-p
QUG1010,Ciencia y Civilización,10,ciencia y civilizacion
QUI0001,Título Químico Mención Química Industrial,0,titulo quimico mencion quimica industrial
QUI0002,Título Químico Mención Química Ambiental y Analítica,0,titulo quimico mencion quimica ambiental y analitica
QUI2000,Seminario de Pregrado (QUI2000),10,seminario de pregrado (qui2000)
QUN1003,Química Inorgánica Ingeniería,10,quimica inorganica ingenieria
RAI0701,Actividades PUC-California,1,actividades puc-california
RCE1000,De Atacama a Patagonia: Transformaciones Socioambientales en Terreno,10,de atacama a patagonia: transformaciones socioambientales en terreno
REN101,Desafíos de la Ingeniería de Recursos Naturales,5,desafios de la ingenieria de recursos naturales
REN201,Climatología e Hidrología,10,climatologia e hidrologia
REN202,Sistemas Socioambientales,10,sistemas socioambientales
REN203,Geología y Ciencias del Suelo,10,geologia y ciencias del suelo
REN220,Política Ambiental y de los Recursos Naturales,10,politica ambiental y de los recursos naturales
REN225,Metodologías de Investigación,10,metodologias de investigacion
REN230,Contaminación de Agua y Aire,10,contaminacion de agua y aire
REN231,Contaminación Ambiental y Huella Hidrica,10,contaminacion ambiental y huella hidrica
REN232,Gestión de Riesgos de Cambio Climático,10,gestion de riesgos de cambio climatico
REN233,Ciencias de Datos y Recursos Hidricos,10,ciencias de datos y recursos hidricos
REN234,Gobernanza y Regulación del Agua,10,gobernanza y regulacion del agua
REN235,Modelación de Sistemas Naturales(Capstone),10,modelacion de sistemas naturales(capstone)
REN236,Economía Circular e Innovación,10,economia circular e innovacion
REN237,Conservación del Suelo y Gestión del Carbono,10,conservacion del suelo y gestion del carbono
REN270,Desafíos de la Pesca y Acuicultura,10,desafios de la pesca y acuicultura
REN280,Energias Renovables,10,energias renovables
REN285,Conservación de Suelos (REN285),10,conservacion de suelos (ren285)
REN290,Taller de Práctica,5,taller de practica
REN305,Análisis de Sustentabilidad de Sistemas Productivos,10,analisis de sustentabilidad de sistemas productivos
REN308,Gestión Ambiental Empresarial,10,gestion ambiental empresarial
REN310,Evaluación de Proyectos en Recursos Naturales,10,evaluacion de proyectos en recursos naturales
REN320,"Liderazgo, Innovación y Emprendimiento en Recursos Naturales",10,"liderazgo, innovacion y emprendimiento en recursos naturales"
REN325,Administración para Ingenieros de Recursos Naturales,10,administracion para ingenieros de recursos naturales
REN335,Tecnologías Digitales en Recursos Naturales,10,tecnologias digitales en recursos naturales
RIC100,Taller de Habilidades Comunicativas en Castellano,0,taller de habilidades comunicativas en castellano
RIE1000,Convalidac Idioma Extranjero,0,convalidac idioma extranjero
RII0000,Beginners English,5,beginners english
RII0100,Elementary English,5,elementary english
RII1000,English I (Alte 2 - 3),5,english 1 (alte 2 - 3)
RII1001,Pre-Intermediate English 1,5,pre-intermediate english 1
RII1002,English I - II (Alte 2 - 3),10,english 1 - 2 (alte 2 - 3)
RII100E,Inglés Elemental,0,ingles elemental
RII1020,English I and II,5,english 1 and 2
RII102E,Inglés Elemental e Intermedio,0,ingles elemental e intermedio
RII2000,English II (Alte 2 y 3),5,english 2 (alte 2 y 3)
RII2001,Pre-Intermediate English 2,5,pre-intermediate english 2
RII2002,English II - III (Alte 2 - 3),10,english 2 - 3 (alte 2 - 3)
RII200I,Inglés Intermedio,0,ingles intermedio
RII202I,Inglés Intermedio y Avanzado,0,ingles intermedio y avanzado
RII2200,Exit English Alte 1,5,exit english alte 1
RII3000,English III (Alte 2 y 3),5,english 3 (alte 2 y 3)
RII3001,Intermediate English 1,5,intermediate english 1
RII3002,English III - IV (Alte 2 - 3),10,english 3 - 4 (alte 2 - 3)
RII300A,Inglés Avanzado,0,ingles avanzado
RII302A,Inglés Avanzado Plus,0,ingles avanzado plus
RII400,Inglés Remedial Alte 2,0,ingles remedial alte 2
RII4000,English IV (Alte 2 y 3),5,english 4 (alte 2 y 3)
RII4001,Intermediate English 2,5,intermediate english 2
RII4008,Exit English (Alte2),5,exit english (alte2)
RII4010,Leading the Way,5,leading the way
RII5000,English V (Alte 3),5,english 5 (alte 3)
RII5001,Upper-Intermediate English I,5,upper-intermediate english 1
RII6000,English VI (Alte 3),5,english 6 (alte 3)
RII6001,Upper-Intermediate English 2,5,upper-intermediate english 2
RII7000,Exit English (Alte3),5,exit english (alte3)
RII8001,English for Academic Purposes,5,english for academic purposes
RII8002,Persuasive Communication,5,persuasive communication
RII8003,Exam Preparation for School Application,5,exam preparation for school application
RIV001V,Inglés I,5,ingles 1
RIV002V,Inglés II,5,ingles 2
RIV003V,Inglés III,5,ingles 3
RIV004V,Inglés IV,5,ingles 4
SAE001C,Curso de Cultura Chilena,8,curso de cultura chilena
SAE002C,Seminario de Cultura Chilena (SAE002C),10,seminario de cultura chilena (sae002c)
SAE002M,Curso Mujer y Sociedad en Chile Siglos XIX y XX,8,curso mujer y sociedad en chile siglos xix y xx
SAE003M,Mujer y Sociedad en Chile Siglos XIX y XX,10,mujer y sociedad en chile siglos xix y xx
SAE004L,Curso Literatura Chilena,10,curso literatura chilena
SAE010P,Political and Economic Fundations for a Free Society,8,political and economic fundations for a free society
SCU1001,Español Intensivo (SCU1001),10,espanol intensivo (scu1001)
SDN100,Seguridad y Defensa Nacional,8,seguridad y defensa nacional
SDN110,Seguridad y Defensa Nacional (SDN110),4,seguridad y defensa nacional (sdn110)
SIT0010,Sem de Integración Regional,8,sem de integracion regional
SIT1000,Español para Extranjeros,0,espanol para extranjeros
SIT1010,Seminario Sit,0,seminario sit
SLF1040,Español Intensivo Avanz Est Internac,13,espanol intensivo avanz est internac
SLF1050,Chile Siglo XX,10,chile siglo xx
SMW1010,Curso Semestral de Español,10,curso semestral de espanol
SMW1013,Español Semestral (SMW1013),10,espanol semestral (smw1013)
SMW1020,Seminario Cultura,5,seminario cultura
SMW1030,Seminario de Cultura,8,seminario de cultura
SMW1040,Mujer y Sociedad en Chile (SMW1040),8,mujer y sociedad en chile (smw1040)
SMW1070,Seminario Cultura Chilena,6,seminario cultura chilena
SMW1090,Seminario de Cultura Chilena (SMW1090),8,seminario de cultura chilena (smw1090)
SMW2003,"Una Visión de la Historia, Economía y Negocios Internacionales en Chile",3,"una vision de la historia, economia y negocios internacionales en chile"
SNM1012,Curso de Español Semestral,8,curso de espanol semestral
SNW1013,Español Semestral (SNW1013),10,espanol semestral (snw1013)
SOG102P,Sociología,10,sociologia
SOG104,Teoría de la Comunicación (SOG104),10,teoria de la comunicacion (sog104)
SOG113A,Fgs Elección de Pareja y Matrimonio,5,fgs eleccion de pareja y matrimonio
SOG113S,Elección de Pareja y Matrimonio en la Sociedad Funcional,10,eleccion de pareja y matrimonio en la sociedad funcional
SOG114A,Fgs la Familia: para Queñ,5,fgs la familia: para quen
SOG114S,La Familia: Continuidad y Cambio,10,la familia: continuidad y cambio
SOG115,Fgs Estrategias de Desarrollo y Pobreza,5,fgs estrategias de desarrollo y pobreza
SOG115S,Estrategias de Desarrollo y Pobreza,10,estrategias de desarrollo y pobreza
SOG119,Fgm Superación de la Pobreza,5,fgm superacion de la pobreza
SOG131,Fgs Evolución del Pensamiento Democratico,5,fgs evolucion del pensamiento democratico
SOG131S,Evolución del Pensamiento Democratico,10,evolucion del pensamiento democratico
SOG299N,Sociología del Desarrollo Chileno,10,sociologia del desarrollo chileno
SOG299T,Sociología del Desarrollo Chileno (SOG299T),8,sociologia del desarrollo chileno (sog299t)
SOG401,Taller Reposición Egresados,30,taller reposicion egresados
SOL000,Convenio Puc-Ucla (SOL000),1,convenio puc-ucla (sol000)
SOL100,Paradigmas Sociológicos,10,paradigmas sociologicos
SOL101B,Fundamentos Antropológicos de la Vida Social,10,fundamentos antropologicos de la vida social
SOL102S,Formación y Desarrollo de la Sociedad Moderna,10,formacion y desarrollo de la sociedad moderna
SOL105S,Sociología del Bienestar Subjetivo,10,sociologia del bienestar subjetivo
SOL106,Análisis de Datos I,10,analisis de datos 1
SOL109,Formación y Desarrollo de la Cultura Moderna,10,formacion y desarrollo de la cultura moderna
SOL113,Formación y Desarrollo de la Sociedad Latinoamericana,10,formacion y desarrollo de la sociedad latinoamericana
SOL114,Análisis de Datos II,10,analisis de datos 2
SOL115,Sociología de las Organizaciones,10,sociologia de las organizaciones
SOL115S,Sociología de las Organizaciones (SOL115S),10,sociologia de las organizaciones (sol115s)
SOL116,Sociología Económica,10,sociologia economica
SOL116S,Sociología Económica (SOL116S),10,sociologia economica (sol116s)
SOL120S,Sociología de la Posmodernidad,10,sociologia de la posmodernidad
SOL121A,Antropología Histórica,10,antropologia historica
SOL126C,Metodología de la Investigación Social,10,metodologia de la investigacion social
SOL127,Formación y Desarrollo de la Cultura Latinoamericana,10,formacion y desarrollo de la cultura latinoamericana
SOL128,Métodos y Técnicas de Investigación Social,10,metodos y tecnicas de investigacion social
SOL129S,Sociología de la Población,10,sociologia de la poblacion
SOL130,Sociología de la Racionalización,10,sociologia de la racionalizacion
SOL130T,Sociología de la Racionalización (SOL130T),10,sociologia de la racionalizacion (sol130t)
SOL131,Sociología de Sistemas,10,sociologia de sistemas
SOL132,Sociología del Simbolo,10,sociologia del simbolo
SOL132S,Sociología del Mundo de la Vida,10,sociologia del mundo de la vida
SOL133,Técnicas de Investigación Cualitativas,10,tecnicas de investigacion cualitativas
SOL135,Sociología de la Comunicación Social,10,sociologia de la comunicacion social
SOL135S,Sociología de las Comunicaciones,10,sociologia de las comunicaciones
SOL137,Individuo y Sociedad,10,individuo y sociedad
SOL139,Teoría del Bienestar,10,teoria del bienestar
SOL139S,Teoría de la Elección Racional,10,teoria de la eleccion racional
SOL140,Sociología de la Familia,10,sociologia de la familia
SOL140S,Economía del Bienestar (SOL140S),10,economia del bienestar (sol140s)
SOL141,Sociología de la Educación,10,sociologia de la educacion
SOL141S,Sociología de la Educación (SOL141S),10,sociologia de la educacion (sol141s)
SOL142,Sociología de la Salud,10,sociologia de la salud
SOL142S,Problemas Urbanos,10,problemas urbanos
SOL143,Sociología Rural,10,sociologia rural
SOL143S,Políticas Públicas y Elección Racional,10,politicas publicas y eleccion racional
SOL144,Sociología del Mundo Popular,10,sociologia del mundo popular
SOL145,Teoría de la Ideología,10,teoria de la ideologia
SOL147,Sociología del Trabajo,10,sociologia del trabajo
SOL148,"Familia, Población y Desarrollo",10,"familia, poblacion y desarrollo"
SOL150,Actores y Comportamiento Político,10,actores y comportamiento politico
SOL150A,Antropología de la Violencia (SOL150A),10,antropologia de la violencia (sol150a)
SOL151,Indicadores Sociales,10,indicadores sociales
SOL151A,Antropología de la Migración y el Transnacionalismo,10,antropologia de la migracion y el transnacionalismo
SOL152,Análisis Sociologico de la Familia Chilena,10,analisis sociologico de la familia chilena
SOL152A,Antropología de Mesoamérica (SOL152A),10,antropologia de mesoamerica (sol152a)
SOL152S,Comunicación Estrategica,10,comunicacion estrategica
SOL153A,Antropología Lingüística (SOL153A),10,antropologia linguistica (sol153a)
SOL153S,Teoría y Práctica del Voluntariado Social,10,teoria y practica del voluntariado social
SOL154,Teorías del Desarrollo,10,teorias del desarrollo
SOL154A,Antropología de Polinesia,10,antropologia de polinesia
SOL154S,Gestión Estrategica en el Sector Público,10,gestion estrategica en el sector publico
SOL155,Políticas Públicas e Integración,10,politicas publicas e integracion
SOL155A,Antropología de Parentesco,10,antropologia de parentesco
SOL156,Taller de Investigación Socio-Demografica,10,taller de investigacion socio-demografica
SOL157,Cambio Organizacional,10,cambio organizacional
SOL157S,Sociología en la Gestión de las Organizaciones,10,sociologia en la gestion de las organizaciones
SOL158,Sociología del Consumo,10,sociologia del consumo
SOL159,Políticas Educacionales,10,politicas educacionales
SOL160,Redes Sociales,10,redes sociales
SOL161,Internet y Sociedad,10,internet y sociedad
SOL162,Intervención y Coordinación Social:Del Control a la Autorregulación,10,intervencion y coordinacion social:del control a la autorregulacion
SOL162S,Teorías de la Coordinación Social,10,teorias de la coordinacion social
SOL163,Pobreza y Desigualdad Social,10,pobreza y desigualdad social
SOL163A,Antropología del Arte y las Imagenes (SOL163A),10,antropologia del arte y las imagenes (sol163a)
SOL164,Modernidad y Literatura en América Latina,10,modernidad y literatura en america latina
SOL165,Sociología de la Salud Pública,10,sociologia de la salud publica
SOL166,Sociología del Arte,10,sociologia del arte
SOL167,Sociología de la Ciencia,10,sociologia de la ciencia
SOL168,Teoría de las Organizaciones,10,teoria de las organizaciones
SOL169,Teoría de la Cultura,10,teoria de la cultura
SOL169N,Alimentación y Sociedad,10,alimentacion y sociedad
SOL169S,Sociología de la Alimentación,10,sociologia de la alimentacion
SOL170S,Sociología del Envejecimiento,10,sociologia del envejecimiento
SOL171S,Sociología de la Estratificación Social,10,sociologia de la estratificacion social
SOL172S,Sociología de la Música,10,sociologia de la musica
SOL173S,Sociología de la Información y el Conocimiento,10,sociologia de la informacion y el conocimiento
SOL174S,Sociología del Derecho,10,sociologia del derecho
SOL175,Sociología de la Tecnología,10,sociologia de la tecnologia
SOL175S,Pobreza y Segregación Urbana,10,pobreza y segregacion urbana
SOL176,Desarrollo Organizacional y Responsabilidad Social,10,desarrollo organizacional y responsabilidad social
SOL177,Sociología del Teatro,10,sociologia del teatro
SOL178,Comprensión de los Medios,10,comprension de los medios
SOL179,Capital Social: Su Conceptualización y Medición,10,capital social: su conceptualizacion y medicion
SOL179S,Técnicas de Análisis Cualitativos,10,tecnicas de analisis cualitativos
SOL180,Teoría Antropológica,10,teoria antropologica
SOL180S,La Política de las Políticas Públicas,10,la politica de las politicas publicas
SOL181,Sociología Urbana,10,sociologia urbana
SOL181S,Estudios Visuales: Conceptos y Metodologías,10,estudios visuales: conceptos y metodologias
SOL182,Sociología del Consumo (SOL182),10,sociologia del consumo (sol182)
SOL182S,Antropología del Consumo (SOL182S),10,antropologia del consumo (sol182s)
SOL183,Sociología del Medio Ambiente,10,sociologia del medio ambiente
SOL183S,Metodologías de Participación Ciudadana,10,metodologias de participacion ciudadana
SOL184,Análisis de Impacto,10,analisis de impacto
SOL184S,Análisis de Impacto en Políticas Públicas e Inferencia,10,analisis de impacto en politicas publicas e inferencia
SOL185,Introduction to Anthropology,10,introduction to anthropology
SOL185S,Investigación Biografica,10,investigacion biografica
SOL186S,Sociología de la Desigualdad,10,sociologia de la desigualdad
SOL187,Aproximaciones Teórico Practicas a la Pobreza,10,aproximaciones teorico practicas a la pobreza
SOL187S,Genero y Trabajo,10,genero y trabajo
SOL188S,Análisis Sociologico de las Organizaciones,10,analisis sociologico de las organizaciones
SOL189A,Cultura y Biología (SOL189A),10,cultura y biologia (sol189a)
SOL189S,Evaluación Cualitativa de Programas Sociales,10,evaluacion cualitativa de programas sociales
SOL190,Evaluación de Proyectos Sociales,10,evaluacion de proyectos sociales
SOL190S,Fundamentos Sociológicos del Delito y el Castigo,10,fundamentos sociologicos del delito y el castigo
SOL191,Sociología del Genero,10,sociologia del genero
SOL191S,Sociología de las Poblaciones,10,sociologia de las poblaciones
SOL192,Teoría Antropológica (SOL192),10,teoria antropologica (sol192)
SOL193,Cosmologias Nativas del Mundo,10,cosmologias nativas del mundo
SOL194,Tópicos de la Cultura en el Cine,10,topicos de la cultura en el cine
SOL194S,La Sociedad Chilena a Través del Cine,10,la sociedad chilena a traves del cine
SOL196,"Antropología del Espacio, la Tierra y el Paisaje (SOL196)",10,"antropologia del espacio, la tierra y el paisaje (sol196)"
SOL196A,Antropología Amerindia Comparada (SOL196A),10,antropologia amerindia comparada (sol196a)
SOL197,Aplicaciones de la Teoría de Juegos a las Ciencias Sociales,10,aplicaciones de la teoria de juegos a las ciencias sociales
SOL197A,Antropología del Paisaje y Medio Ambiente,10,antropologia del paisaje y medio ambiente
SOL198,Sociología de la Opinión Pública,10,sociologia de la opinion publica
SOL199,Sociología de la Literatura,10,sociologia de la literatura
SOL200,Taller de Titulación I,20,taller de titulacion 1
SOL200S,Taller de Titulación I (SOL200S),30,taller de titulacion 1 (sol200s)
SOL201,Métodos y Técnicas de Investigación I,10,metodos y tecnicas de investigacion 1
SOL201S,Métodos y Técnicas de Investigación Social I,10,metodos y tecnicas de investigacion social 1
SOL202,Seminario de Investigación I (SOL202),10,seminario de investigacion 1 (sol202)
SOL204,Taller de Titulación II,20,taller de titulacion 2
SOL204S,Taller de Titulación II (SOL204S),30,taller de titulacion 2 (sol204s)
SOL205,Métodos y Técnicas de Investigación II,10,metodos y tecnicas de investigacion 2
SOL205S,Métodos y Técnicas de Investigación Social II,10,metodos y tecnicas de investigacion social 2
SOL206,Seminario de Investigación II (SOL206),10,seminario de investigacion 2 (sol206)
SOL207,Formulaicon y Evaluación de Proyectos de Intervención Social,10,formulaicon y evaluacion de proyectos de intervencion social
SOL208,Métodos de Investigación a Través de Encuestas,10,metodos de investigacion a traves de encuestas
SOL209,Análisis de Datos III,10,analisis de datos 3
SOL210,"Cmd: Envejecimiento, Individuo y Sociedad: Aproximaciones Interdisciplinarias",10,"cmd: envejecimiento, individuo y sociedad: aproximaciones interdisciplinarias"
SOL211,Metodología y Técnicas de Investigación Participativa,10,metodologia y tecnicas de investigacion participativa
SOL212,Investigación en Pregrado UC Propone Sociología,10,investigacion en pregrado uc propone sociologia
SOL213,Sociedad y Cultura Moderna,10,sociedad y cultura moderna
SOL214,Sociedad y Cultura Latinoamericana,10,sociedad y cultura latinoamericana
SOL215,Microsociología: Individuos e Interacciones en Contexto Social,10,microsociologia: individuos e interacciones en contexto social
SOL216,Sociedad y Transformación Digital,10,sociedad y transformacion digital
SOL217,Sociología de la Familia (SOL217),10,sociologia de la familia (sol217)
SOL218,Sustentabilidad: Política y Conocimiento,10,sustentabilidad: politica y conocimiento
SOL219,Políticas Públicas en Tiempos Globales,10,politicas publicas en tiempos globales
SOL220,"Sociología, Emprendimiento y Consultoría",10,"sociologia, emprendimiento y consultoria"
SOL221,Latín American Culture and Ethnicity,10,latin american culture and ethnicity
SOL222,Genero y Trabajo (SOL222),10,genero y trabajo (sol222)
SOL223,Sociología de la Religión,10,sociologia de la religion
SOL224,Gestión de Proyectos de Desarrollo Social,10,gestion de proyectos de desarrollo social
SOL225,Sociedad Digital e Innovación Sostenible,10,sociedad digital e innovacion sostenible
SOL226,Comunicación Estrategica y Asuntos Publicos,10,comunicacion estrategica y asuntos publicos
SOL227,Desafíos Sociales Contemporáneos,10,desafios sociales contemporaneos
SOL228,Migraciones: Un Mundo en Movimiento,10,migraciones: un mundo en movimiento
SOL229,Sociología del Delito y la Desviación,10,sociologia del delito y la desviacion
SOL299,Proyectos Sociales,10,proyectos sociales
SOL303,Sociología de Sistemas Sociales,12,sociologia de sistemas sociales
SOL309,"Organización, Innovación y Gestión de Controversias en Contextos Emergentes",10,"organizacion, innovacion y gestion de controversias en contextos emergentes"
SOL310,Métodos Digitales de Investigación Social,10,metodos digitales de investigacion social
SOL311,Enfoques para la Formulación de Proyectos Sociales,10,enfoques para la formulacion de proyectos sociales
SOL312,Antropología de la Convivencia Social,10,antropologia de la convivencia social
SOL313,Pensamiento Estadístico Aplicado al Consumo de Datos Cotidianos,10,pensamiento estadistico aplicado al consumo de datos cotidianos
SOL314,Encuestas Sociales para Contextos Diversos,10,encuestas sociales para contextos diversos
SOL315,Infancia y Políticas Públicas,10,infancia y politicas publicas
SOL316,"Sociedad, Naturaleza, y Tecnología",10,"sociedad, naturaleza, y tecnologia"
SOL317,"Raza,Etnicidad y Desigualdad en América Latina",10,"raza,etnicidad y desigualdad en america latina"
SOL318,Religiones: ñQue son y Como se Estudianñ,10,religiones: nque son y como se estudiann
SOL319,Introducción al Aprendizaje de Maquina para Ciencias Sociales,10,introduccion al aprendizaje de maquina para ciencias sociales
SOL320,Sociología para la Innovación y Creatividad en Organizaciones,10,sociologia para la innovacion y creatividad en organizaciones
SOL321,Conducta del Consumidor e Investigación Aplicada para Marketing,10,conducta del consumidor e investigacion aplicada para marketing
SOL322,Política y Gestión Cultural,10,politica y gestion cultural
SOL323,Análisis Organizacional y Sostenibilidad,10,analisis organizacional y sostenibilidad
SOL324,Organizaciones y Cambio en Contextos Contemporáneos,10,organizaciones y cambio en contextos contemporaneos
SOL400,Sociología Digital,10,sociologia digital
SOL402,Sociología de la Memoria; entre la Cohesión y la Confrontación Social,10,sociologia de la memoria; entre la cohesion y la confrontacion social
SOL403,Sociología de la Identidad,10,sociologia de la identidad
SOL404,Migraciones Internacionales y Diversidad Social,10,migraciones internacionales y diversidad social
SOL405,Sociología del Trabajo (SOL405),10,sociologia del trabajo (sol405)
SOL406,Sociología y Tiempo,10,sociologia y tiempo
SOL407,Sociología de la Inteligencia Artificial,10,sociologia de la inteligencia artificial
SOL408,Sociología Analítica,10,sociologia analitica
SOL500,ñQue es la Sociologiañ,10,nque es la sociologian
SOL501,Sociedades Modernas Occidentales,10,sociedades modernas occidentales
SOL502,Fundamentos Normativos de la Sociedad,10,fundamentos normativos de la sociedad
SOL503,Cultura Moderna de Occidente,10,cultura moderna de occidente
SOL504,Teorías Sociales Fundacionales,10,teorias sociales fundacionales
SOL505,Diseño de Investigación Social,10,diseno de investigacion social
SOL506,Sociedades Modernas Latinoamericanas,10,sociedades modernas latinoamericanas
SOL507,Teorías Sociales Interaccionales,10,teorias sociales interaccionales
SOL508,Introducción a la Ciencia de Datos Sociales,10,introduccion a la ciencia de datos sociales
SOL509,Teorías Sociales Relacionales,10,teorias sociales relacionales
SOL510,Culturas Modernas Latinoamericanas,10,culturas modernas latinoamericanas
SOL511,Fundamentos Básicos de las Economías Modernas,10,fundamentos basicos de las economias modernas
SOL512,Probabilidad e Inferencia para Estadística Social,10,probabilidad e inferencia para estadistica social
SOL513,Investigación Social Cualitativa,10,investigacion social cualitativa
SOL514,Teorías Sociales Criticas,10,teorias sociales criticas
SOL515,Modelos de Regresión,10,modelos de regresion
SOL516,Análisis Social Cualitativo,10,analisis social cualitativo
SOL601S,Taller de Titulación I (SOL601S),30,taller de titulacion 1 (sol601s)
SOL602S,Taller de Titulación II (SOL602S),30,taller de titulacion 2 (sol602s)
STF1000,Castellano Nivel I,0,castellano nivel 1
STF1010,Castellano Nivel II,0,castellano nivel 2
STF1015,Castellano III,0,castellano 3
STF1020,Interacciones Hombre-Externo,5,interacciones hombre-externo
STF1025,Seminario del Director,5,seminario del director
STF1030,Población y Desarrollo en A.Latina,5,poblacion y desarrollo en a.latina
STF1050,Economía e Implicancias A.Latina,5,economia e implicancias a.latina
STF1070,Cons Democrática Arg-Peru-Chile,5,cons democratica arg-peru-chile
STF1080,Teatro y Sociedad (STF1080),5,teatro y sociedad (stf1080)
STF1090,Interacc Medio Ambiente Humano,5,interacc medio ambiente humano
STF1100,Taller de Investigación en Ecología,0,taller de investigacion en ecologia
SUI1060,Curso de Español Intensivo,6,curso de espanol intensivo
SUL1065,Español Intensivo (SUL1065),5,espanol intensivo (sul1065)
SUM100,Summer Camp,0,summer camp
SUO1045,Lengua y Cultura Latinoamericana,7,lengua y cultura latinoamericana
SUS1000,CMD Sustentabilidad,10,cmd sustentabilidad
SUS1500,UC Propone: Investigación Aplicada en Ecología Integral y Sustentabilidad,10,uc propone: investigacion aplicada en ecologia integral y sustentabilidad
SUS2001,Sistemas Alimentarios Regenerativos,10,sistemas alimentarios regenerativos
SUS2011,Antropoceno e Imaginarios del Futuro,10,antropoceno e imaginarios del futuro
SUS2021,Gobernanza de los Bienes Comunes: Un Desafio para la Sustentabilidad,10,gobernanza de los bienes comunes: un desafio para la sustentabilidad
SUS2031,Sustentabilidad y Mundos Indigenas,10,sustentabilidad y mundos indigenas
SUS2032,Sustentabilidad y Mundos Indigenas (SUS2032),10,sustentabilidad y mundos indigenas (sus2032)
SUS2038,Cambio Climático: Un Enfoque Multidisciplinario (SUS2038),10,cambio climatico: un enfoque multidisciplinario (sus2038)
SUS2041,Investigación-Acción: Métodos para entender Territorios en Transformación,10,investigacion-accion: metodos para entender territorios en transformacion
SUS2051,Pensando en Sistemas,10,pensando en sistemas
SUS2052,Pensando en Sistemas (SUS2052),10,pensando en sistemas (sus2052)
SUS2061,Introducción a la Economía Circular,10,introduccion a la economia circular
SUS2070,Diseñando Futuros Sustentables,10,disenando futuros sustentables
SUS2071,"Diseño, Futuro y Sustentabilidad",10,"diseno, futuro y sustentabilidad"
SUS2081,Creación Destructiva desde una Perspectiva Energética,10,creacion destructiva desde una perspectiva energetica
SUS2091,Aprendizaje y Transformación para la Sustentabilidad,10,aprendizaje y transformacion para la sustentabilidad
SUS2101,"Ciencia, Política y Políticas Públicas: La Tormenta Perfecta",10,"ciencia, politica y politicas publicas: la tormenta perfecta"
SUS2111,Sustainability and Development in Chile,10,sustainability and development in chile
SUS2121,Al Mal Tiempo Buena Cara: El Clima en Cine y Literatura,10,al mal tiempo buena cara: el clima en cine y literatura
SUS2131,Biomimesis: Soluciones a los Desafíos Globales inspiradas en la Naturaleza,10,biomimesis: soluciones a los desafios globales inspiradas en la naturaleza
SUS2141,Descarbonización Energética Acelerada: Un Desafio al 2050,10,descarbonizacion energetica acelerada: un desafio al 2050
SUS2151,Nuevas Economías y Gestión Ética para un Desarrollo Sustentable y Regenerativo.,10,nuevas economias y gestion etica para un desarrollo sustentable y regenerativo.
SUS2161,Regeneración en Sistemas Naturales,10,regeneracion en sistemas naturales
SUS2171,"Ancestros para un Futuro Sustentable: Justicia, Bienestar y Desarrollo",10,"ancestros para un futuro sustentable: justicia, bienestar y desarrollo"
SUS2181,Organismos Pensantes: Aprendizajes Socioambientales desde la Práctica Artística,10,organismos pensantes: aprendizajes socioambientales desde la practica artistica
SUS2191,Repensando la Naturaleza: Nuevas Miradas desde las Humanidades Ambientales,10,repensando la naturaleza: nuevas miradas desde las humanidades ambientales
SUS2205,Economía y Ecología Política del Desarrollo Sustentable,10,economia y ecologia politica del desarrollo sustentable
SUS2210,Teoría y Política del Desarrollo Sustentable,10,teoria y politica del desarrollo sustentable
SUS2211,Mapeando la (In)Sustentabilidad,10,mapeando la (in)sustentabilidad
SUS2215,Mapeando la (In)Sustentabilidad (SUS2215),10,mapeando la (in)sustentabilidad (sus2215)
SUS2220,Ecología Humana y Territorio,10,ecologia humana y territorio
SUS2225,Podemos Gobernar los Problemas Complejos: El Desafio del Desarrollo Sustentable,10,podemos gobernar los problemas complejos: el desafio del desarrollo sustentable
SUS2230,"Interculturalidad, Desarrollo y Educación",10,"interculturalidad, desarrollo y educacion"
SUS2240,Metodologías para el Estudio de los Sistemas Socio-Ambientales,10,metodologias para el estudio de los sistemas socio-ambientales
SUS2250,Taller Planificación para el Desarrollo Sustentable,10,taller planificacion para el desarrollo sustentable
SUS2265,Introducción a la Política Ambiental Global (SUS2265),10,introduccion a la politica ambiental global (sus2265)
SVA1050,Español Semestral (SVA1050),6,espanol semestral (sva1050)
SVA1070,Español Intensivo (SVA1070),6,espanol intensivo (sva1070)
SVA1081,Reforzamiento Semestral,6,reforzamiento semestral
SVA1082,Avanzado Semestral,6,avanzado semestral
SVA1083,Superior Semestral,6,superior semestral
SVA1084,Perfeccionamiento Nivel Superior,6,perfeccionamiento nivel superior
SWL1050,Curso de Español Intensivo (SWL1050),6,curso de espanol intensivo (swl1050)
SWL1055,Español Intensivo (SWL1055),10,espanol intensivo (swl1055)
SWM1008,Español Semestral (SWM1008),8,espanol semestral (swm1008)
SWM1015,Curso de Español Semestral (SWM1015),8,curso de espanol semestral (swm1015)
SWS1070,Español Intensivo (SWS1070),5,espanol intensivo (sws1070)
TAD019,Creación,10,creacion
TAD022,Antropología Teológica,10,antropologia teologica
TAE010,Iniciación Metodologica,5,iniciacion metodologica
TAJ037,Introducción al Derecho Canónico,5,introduccion al derecho canonico
TAJ038,Derecho del Pueblo de Dios,10,derecho del pueblo de dios
TAJ039,Derecho Matrimonial,10,derecho matrimonial
TAJ040,Derecho Sacramental,10,derecho sacramental
TAL042,Introducción a la Liturgia,10,introduccion a la liturgia
TAM029,Moral Fundamental,10,moral fundamental
TAM030,Moral de la Persona I,10,moral de la persona 1
TAM031,Moral de la Persona II,10,moral de la persona 2
TAM032,Moral Social,10,moral social
TAP041,Pastoral Fundamental,10,pastoral fundamental
TAP043,Bautismo y Confirmación,10,bautismo y confirmacion
TAP044,Eucaristia,10,eucaristia
TAT010,Taller de Iniciación Cristiana,5,taller de iniciacion cristiana
TAT013,Taller de Matrimonio,5,taller de matrimonio
TBD010,Introducción a la Teología,5,introduccion a la teologia
TBD015,Trinidad Cristología I,15,trinidad cristologia 1
TBD016,Trinidad Cristología II,10,trinidad cristologia 2
TBD017,Eclesiología,15,eclesiologia
TBD018,Creación (TBD018),10,creacion (tbd018)
TBD019,Escatología,10,escatologia
TBD020,Mariología,5,mariologia
TBD021,Sacramentos de Iniciación Cristiana,15,sacramentos de iniciacion cristiana
TBD023,Orden,5,orden
TBD024,Matrimonio,5,matrimonio
TBD026,Creación y Escatología,15,creacion y escatologia
TBD027,Teología Latinoamericana,10,teologia latinoamericana
TBH038,Historia de la Iglesia Antigua,10,historia de la iglesia antigua
TBH039,Historia de la Iglesia Medieval,10,historia de la iglesia medieval
TBH040,Historia de la Iglesia Moderna y Contemporánea,10,historia de la iglesia moderna y contemporanea
TBH041,Historia de la Iglesia en Chile,10,historia de la iglesia en chile
TBH042,Patrología,10,patrologia
TBH043,Historia de la Iglesia Antigua y Medieval,10,historia de la iglesia antigua y medieval
TBH044,Historia de la Iglesia en Latinoamérica,10,historia de la iglesia en latinoamerica
TBI013,Griego III (TBI013),10,griego 3 (tbi013)
TBI021,Latín I,15,latin 1
TBI022,Latín II,10,latin 2
TBI023,Latín III,10,latin 3
TBJ043,Derecho y Pueblo de Dios,10,derecho y pueblo de dios
TBJ044,Derecho Matrimonial (TBJ044),5,derecho matrimonial (tbj044)
TBL026,Liturgia,10,liturgia
TBM034,Moral Fundamental B,10,moral fundamental b
TBM035,Moral de la Persona I (TBM035),10,moral de la persona 1 (tbm035)
TBM036,Moral de la Persona II (TBM036),10,moral de la persona 2 (tbm036)
TBM039,Moral de la Persona,15,moral de la persona
TBS022,Penitencia y Santa Unción,10,penitencia y santa uncion
TBS027,Iniciación Bíblica,10,iniciacion biblica
TBS028,Pentateuco,10,pentateuco
TBS029,Profetas,10,profetas
TBS030,Sapienciales,5,sapienciales
TBS031,Sinópticos,10,sinopticos
TBS032,San Juan,10,san juan
TBS033,San Pablo,10,san pablo
TEA014,Iniciación Metodologica (TEA014),4,iniciacion metodologica (tea014)
TEB100,La Iglesia de Cristo,8,la iglesia de cristo
TEB102,El Amor en el Matrimonio,8,el amor en el matrimonio
TEB103,Antropología Cristiana,8,antropologia cristiana
TEB110,Revelación y Fe,8,revelacion y fe
TEB111,Literatura Cristiana Primitiva,8,literatura cristiana primitiva
TEB138,La Persona de Jesucristo,8,la persona de jesucristo
TED032,Cristología I,8,cristologia 1
TED033,Eucaristia (TED033),8,eucaristia (ted033)
TED034,Cristología II,8,cristologia 2
TED037,Penitencia y Santa Unción (TED037),8,penitencia y santa uncion (ted037)
TED039,Sacramentos Iniciación Cristiana,12,sacramentos iniciacion cristiana
TED041A,Creación (TED041A),8,creacion (ted041a)
TED042,Creación (TED042),8,creacion (ted042)
TED043A,Escatología (TED043A),8,escatologia (ted043a)
TED044,Antropología Cristiana (TED044),8,antropologia cristiana (ted044)
TED054,Trinidad,8,trinidad
TED061M,Fgt Eclesiología,4,fgt eclesiologia
TED062,Escatología (TED062),8,escatologia (ted062)
TED064A,"Modernidad, Utopia y Fe",4,"modernidad, utopia y fe"
TED066,Seminario B,4,seminario b
TED067,Sacramento Orden,4,sacramento orden
TED107,Padres a,8,padres a
TED134A,Taller:Sacramentos de Iniciación Cristiana,4,taller:sacramentos de iniciacion cristiana
TED174B,Ecumenismo,4,ecumenismo
TED191A,"Santo Tomás, Su Interpretación de la Escritura",8,"santo tomas, su interpretacion de la escritura"
TED192B,Cuestiones Antropologicas de Teologicas,4,cuestiones antropologicas de teologicas
TED1930,Qq Selectas Teología o,8,qq selectas teologia o
TED193C,Qq Selectas Teología,4,qq selectas teologia
TED193P,Qq Seleccionadas de Teología P,8,qq seleccionadas de teologia p
TED193Q,Qq Seleccionadas Teología Q,8,qq seleccionadas teologia q
TED193R,Qq Seleccionadas Teología R,8,qq seleccionadas teologia r
TED193S,Qq Seleccionadas Teología S,8,qq seleccionadas teologia s
TED193T,Qq Seleccionadas Teología T,8,qq seleccionadas teologia t
TED193U,Qq Seleccionadas Teología,8,qq seleccionadas teologia
TED1940,Temas Selectos Teología o,12,temas selectos teologia o
TED1945,Temas Selectos Teología S,12,temas selectos teologia s
TED194N,Temas Selectos Teología N,12,temas selectos teologia n
TED194P,Temas Selectos Teología P,12,temas selectos teologia p
TED194Q,Temas Selectos Teología Q,12,temas selectos teologia q
TED194R,Temas Selectos Teología R,12,temas selectos teologia r
TED194T,Qq Selectas Teología T,12,qq selectas teologia t
TED197,Gaudium Et Spes y Pastoral,4,gaudium et spes y pastoral
TED204,Indisolubilidad y Divorcio (Seminario),4,indisolubilidad y divorcio (seminario)
TED213A,Pneumatología,4,pneumatologia
TED262,Seminario B:Utopia y Esperanza,4,seminario b:utopia y esperanza
TED295,Temas de Teología de la Vida Religiosa,4,temas de teologia de la vida religiosa
TED304C,Conversión al Concilio Vaticano II,4,conversion al concilio vaticano 2
TED305,Teoría Teológica,8,teoria teologica
TED314,Temas Avanzados de Cristología,8,temas avanzados de cristologia
TED318,Síntesis a,8,sintesis a
TED318A,Síntesis Teológica a,4,sintesis teologica a
TED319A,Síntesis B,4,sintesis b
TED324,Moral Desde América Latina,4,moral desde america latina
TEE130A,Teología de la Vida Religiosa,4,teologia de la vida religiosa
TEE132,Teología Espiritual,8,teologia espiritual
TEE171,Introducción a la Teología Espiritual,4,introduccion a la teologia espiritual
TEE171B,Teología Espiritual II,4,teologia espiritual 2
TEE172,Apocalipsis,4,apocalipsis
TEE172A,Apocalipsis a y B,4,apocalipsis a y b
TEF013A,Teología Fundamental I,12,teologia fundamental 1
TEF013B,Teología Fundamental B,12,teologia fundamental b
TEF052,Celebrar la Fe,4,celebrar la fe
TEF141A,Freud y la Religión,8,freud y la religion
TEF142A,Bases Antropologicas de la Fe,8,bases antropologicas de la fe
TEF149,Teoría del Conocimiento Teologico,8,teoria del conocimiento teologico
TEF300B,Teología de la Cultura,8,teologia de la cultura
TEF304,Filosofía y Teología Malebranche,8,filosofia y teologia malebranche
TEH022,Historia Iglesia Antigua,8,historia iglesia antigua
TEH023,Historia Iglesia Antigua B,8,historia iglesia antigua b
TEH032,Historia Iglesia Medieval,8,historia iglesia medieval
TEH041,Historia Iglesia en Chile,8,historia iglesia en chile
TEH043,Historia Iglesia Medieval (TEH043),8,historia iglesia medieval (teh043)
TEH044A,Historia Iglesia Contemporánea,8,historia iglesia contemporanea
TEH044B,Historia Iglesia Moderna,8,historia iglesia moderna
TEH051,Patrología Cb,8,patrologia cb
TEH055,Historia Iglesia Moderna y Contemporánea,8,historia iglesia moderna y contemporanea
TEH066,Historia de la Iglesia en Chile y América Latina,12,historia de la iglesia en chile y america latina
TEH107,Historia de las Religiones,4,historia de las religiones
TEH126,Historia Espiritualidad en Chile,8,historia espiritualidad en chile
TEH139A,Lectura Padres de la Iglesia,8,lectura padres de la iglesia
TEH305,Teología de la Historia,8,teologia de la historia
TEI190,Griego Avanzado I,4,griego avanzado 1
TEI191,Griego Avanzado II,4,griego avanzado 2
TEI192,Taller Griego Avanzado I,4,taller griego avanzado 1
TEJ035,Casos Matrimoniales,4,casos matrimoniales
TEJ041,Introducción Derecho Canónico,8,introduccion derecho canonico
TEJ051,Persona y Estructura Iglesia,8,persona y estructura iglesia
TEJ053A,Derecho Matrimonial (TEJ053A),4,derecho matrimonial (tej053a)
TEJ054,Persona y Ministerios en Iglesia,8,persona y ministerios en iglesia
TEJ066,Derecho Matrimonio,4,derecho matrimonio
TEJ067,Derecho en Vida Religiosa,4,derecho en vida religiosa
TEJ133,Jurisprudencia Matrimonial,4,jurisprudencia matrimonial
TEL061,Liturgia (TEL061),8,liturgia (tel061)
TEL115,El Ano Liturgico,4,el ano liturgico
TEL303,Música y Liturgia,4,musica y liturgia
TEM023,Moral Fundamental B (TEM023),8,moral fundamental b (tem023)
TEM045,Moral de la Persona II (TEM045),8,moral de la persona 2 (tem045)
TEM054,Moral Persona I a,12,moral persona 1 a
TEM054A,Moral Persona I a (TEM054A),8,moral persona 1 a (tem054a)
TEM055,Moral Persona I B,8,moral persona 1 b
TEM064A,Moral Social y Justicia,8,moral social y justicia
TEM066,Moral de Persona II,8,moral de persona 2
TEM146,Cuestiones de Moral,4,cuestiones de moral
TEM1461,Cuestiones de Moral (TEM1461),4,cuestiones de moral (tem1461)
TEM148,Moral y Economía,4,moral y economia
TEM155,Cuestiones Bioeticas,4,cuestiones bioeticas
TEM183,La Familia en la Eclesiología del Nuevo Testamento,4,la familia en la eclesiologia del nuevo testamento
TEM221,Moral Demografica,4,moral demografica
TEO0211,Salmos y Cantar de los Cantares,10,salmos y cantar de los cantares
TEO163,Teología Experimental,5,teologia experimental
TEO164,El Nuevo Proceso Teologico-Moral del Post-Concilio,5,el nuevo proceso teologico-moral del post-concilio
TEO165,Eclesiología del Nuevo Testamento,4,eclesiologia del nuevo testamento
TEO166,Cristología Latinoamericana,4,cristologia latinoamericana
TEO167,Padres de la Iglesia,8,padres de la iglesia
TEO168,La Evolución de la Gracia en San Agustin,4,la evolucion de la gracia en san agustin
TEO169,Paternidad Espiritual en San Pablo,4,paternidad espiritual en san pablo
TEO170,Razón y Fe,4,razon y fe
TEO171,Lectura Judia de la Escritura,4,lectura judia de la escritura
TEO173,Cultos Misticos y Misterios Cristianos,4,cultos misticos y misterios cristianos
TEO174,Pastoral Juvenil,4,pastoral juvenil
TEO175,Crítica Profética del Culto,4,critica profetica del culto
TEO176,Latín Cristiano,4,latin cristiano
TEO178,Qq Selectas de Mariología,4,qq selectas de mariologia
TEO180,Concilio Vaticano II,4,concilio vaticano 2
TEO181,Verdad y Mito,4,verdad y mito
TEO182,"Familia, Iglesia Domestica",4,"familia, iglesia domestica"
TEO183,Teología y Vida,4,teologia y vida
TEO184,Eclesiologias Actuales,4,eclesiologias actuales
TEO185,Historia y Ministerio Orden,4,historia y ministerio orden
TEO186,Expansión del Cristianismo Primitivo,4,expansion del cristianismo primitivo
TEO187,Pluralismo en la Teología,4,pluralismo en la teologia
TEO188,Eucaristia y Experiencia de la Fe,4,eucaristia y experiencia de la fe
TEO189,Amos y Oseas,8,amos y oseas
TEO190,Hermeneutica y Teología,4,hermeneutica y teologia
TEO191,Historia Religiosa de la India,4,historia religiosa de la india
TEO194,Qq Selectas de Teología,5,qq selectas de teologia
TEO195,Qq Selectas de Teología (TEO195),10,qq selectas de teologia (teo195)
TEO196,Qq Selectas de Teología (TEO196),15,qq selectas de teologia (teo196)
TEO197,Síntesis Teológica,5,sintesis teologica
TEO198,Cristología Latinoamericana (TEO198),5,cristologia latinoamericana (teo198)
TEO200,"Iglesia-Mundo, Un Desafio",5,"iglesia-mundo, un desafio"
TEO201,Filosofía y Teología de la Tecnica,5,filosofia y teologia de la tecnica
TEO202,Psicoanálisis y Fe,5,psicoanalisis y fe
TEO203,Reducciones Jesuitas del Paraguay,5,reducciones jesuitas del paraguay
TEO204,Psicología y Pastoral,5,psicologia y pastoral
TEO205,"Familia, Iglesia Domestica (TEO205)",5,"familia, iglesia domestica (teo205)"
TEO206,Historia de la Iglesia: Beatos y Santos de los Andes,5,historia de la iglesia: beatos y santos de los andes
TEO2062,"Karl Rahner, un Teologo Fundamental del Siglo XX",10,"karl rahner, un teologo fundamental del siglo xx"
TEO207,50 Años Celam: en Busca de Una Teología Latinoamericana,10,50 anos celam: en busca de una teologia latinoamericana
TEO208,Derecho en la Vida Religiosa,10,derecho en la vida religiosa
TEO210,Religiones y Diálogo Interreligioso,5,religiones y dialogo interreligioso
TEO214,Lectura Griega del Nuevo Testamento,5,lectura griega del nuevo testamento
TEO215,Lectura Griega del Nuevo Testamento II,5,lectura griega del nuevo testamento 2
TEO216,Los Pobres y la Pobreza en la Biblia,10,los pobres y la pobreza en la biblia
TEO217,Evangelización de Sur América Española (Siglo Xvi),5,evangelizacion de sur america espanola (siglo xvi)
TEO218,Relaciones Entre Cristianismo y Cosmovisión Mapuche,10,relaciones entre cristianismo y cosmovision mapuche
TEO219,Lectura Latina del Vaticano II,5,lectura latina del vaticano 2
TEO220,El Apocalipsis en la Interpretación de los Padres de la Iglesia,10,el apocalipsis en la interpretacion de los padres de la iglesia
TEO221,El Vaticano II y la Cuestion de la Mujer,10,el vaticano 2 y la cuestion de la mujer
TEO223,Ad Audiendas Confessiones,5,ad audiendas confessiones
TEO224,Seminario de Espiritualidad Ignaciana,5,seminario de espiritualidad ignaciana
TEO225,Muerte y Busqueda de Inmortalidad,5,muerte y busqueda de inmortalidad
TEO226,Biblia: Violencia y Reconocimiento,5,biblia: violencia y reconocimiento
TEO227,Religiosidad Popular,5,religiosidad popular
TEO228,Teología Espiritual (TEO228),5,teologia espiritual (teo228)
TEO229,El Vaticano II y la Mariología de Estos Tiempos,10,el vaticano 2 y la mariologia de estos tiempos
TEO230,Utopia y Esperanza,5,utopia y esperanza
TEO231,Síntesis B (TEO231),10,sintesis b (teo231)
TEO232,Delitos y Sanciones en la Iglesia,10,delitos y sanciones en la iglesia
TEO235,Hebreo Biblico,5,hebreo biblico
TEO236,Teología Espiritual (TEO236),10,teologia espiritual (teo236)
TEO237,Hebreo II,5,hebreo 2
TEO238,Sacramentos en General,5,sacramentos en general
TEO240,Hebreo III,5,hebreo 3
TEO241,Latín IV: Curso Avanzado de Traducción del Concilio Vaticano II,5,latin iv: curso avanzado de traduccion del concilio vaticano 2
TEO242,Griego Neotestamentario IV,5,griego neotestamentario 4
TEO243,Hebreo IV,5,hebreo 4
TEO245,"La Iglesia y las Iglesias: el Concilio, el Ecumenismo Catolico y Su Recepción",10,"la iglesia y las iglesias: el concilio, el ecumenismo catolico y su recepcion"
TEO247,Derecho Canónico Sacramental,10,derecho canonico sacramental
TEO248,Lecturas de la Biblia en América Latina (Seminario),10,lecturas de la biblia en america latina (seminario)
TEO249,Reflexiones para Una Ética Profesional del Sacerdocio,5,reflexiones para una etica profesional del sacerdocio
TEO250,Síntesis Teología Pastoral,5,sintesis teologia pastoral
TEO251,Griego Neotestamentario V,5,griego neotestamentario 5
TEO254,Teología de Hans Urs Von Balthasar,5,teologia de hans urs von balthasar
TEO255,"Mundo, Dios y Persona en la Teología Latinoamericana",10,"mundo, dios y persona en la teologia latinoamericana"
TEO256,Griego Neotestamentario Avanzado,5,griego neotestamentario avanzado
TEO257,Pensamiento Social de la Iglesia,10,pensamiento social de la iglesia
TEO258,Las Parabolas de Jesus,10,las parabolas de jesus
TEO260,Lectura Comentada de los Sinodos de la Familia,5,lectura comentada de los sinodos de la familia
TEO261,Vida Consagrada y Derecho Canónico,10,vida consagrada y derecho canonico
TEO262,"Karl Rahner, un Teologo Fundamental del Siglo XX (TEO262)",10,"karl rahner, un teologo fundamental del siglo xx (teo262)"
TEO263,Los delitos mas graves en la Iglesia,10,los delitos mas graves en la iglesia
TEO264,Historia de la Vida Consagrada,10,historia de la vida consagrada
TEO265,"Ética Cristiana, Economía y Empresa",10,"etica cristiana, economia y empresa"
TEO266,La Experiencia Cristiana de San Francisco de Asis,10,la experiencia cristiana de san francisco de asis
TEO267,Latín V: Curso Avanzado de Traducción del Concilio Vaticano II,5,latin v: curso avanzado de traduccion del concilio vaticano 2
TEO268,Iconos: Arte y Teología,10,iconos: arte y teologia
TEO269,"Joseph Ratzinger, un Teologo qué dialoga con la Modernidad",10,"joseph ratzinger, un teologo que dialoga con la modernidad"
TEO272,Griego Patrístico,5,griego patristico
TEO273,La Teología Trinitaria: Desafíos y Corrientes Actuales,10,la teologia trinitaria: desafios y corrientes actuales
TEO280,Profundización en el Antiguo Testamento A (Primer Testamento),10,profundizacion en el antiguo testamento a (primer testamento)
TEO281,Profundización en el Antiguo Testamento B (Primer Testamento),10,profundizacion en el antiguo testamento b (primer testamento)
TEO282,Profundización en el Nuevo Testamento A,10,profundizacion en el nuevo testamento a
TEO283,Profundización en el Nuevo Testamento B (Segundo Testamento),10,profundizacion en el nuevo testamento b (segundo testamento)
TEO284,Metodología Bíblica A,10,metodologia biblica a
TEO285,Metodología Bíblica B,10,metodologia biblica b
TEO286,Teología Bíblica A,10,teologia biblica a
TEO287,Teología Bíblica B,10,teologia biblica b
TEO288,Cuestiones de Teología Fundamental,10,cuestiones de teologia fundamental
TEO289,Cuestiones de Ciencias de la Religión,10,cuestiones de ciencias de la religion
TEO290,Métodos en Teología,10,metodos en teologia
TEO291,Cuestiones de Teología y Mundo,10,cuestiones de teologia y mundo
TEO292,Cuestiones de Trinidad y Cristología,10,cuestiones de trinidad y cristologia
TEO293,Cuestiones de Ecleseología y Sacramentos,10,cuestiones de ecleseologia y sacramentos
TEO294,Cuestiones de Antropología,10,cuestiones de antropologia
TEO295,Seminario de Autor en Temas de Teología Fundamental o Sistemática,10,seminario de autor en temas de teologia fundamental o sistematica
TEO296,Taller Pastoral I: Estudio y Aprendizaje Significativo en Teología,10,taller pastoral i: estudio y aprendizaje significativo en teologia
TEO297,Taller Pastoral II: Dimensión Personal de la Actividad Pastoral,10,taller pastoral ii: dimension personal de la actividad pastoral
TEO298,Taller Pastoral III: Dimensión Comunicacional de la Actividad Pastoral,10,taller pastoral iii: dimension comunicacional de la actividad pastoral
TEO299,Taller Pastoral IV: Dimensión Comunitaria de la Actividad Pastoral,10,taller pastoral iv: dimension comunitaria de la actividad pastoral
TEO300,Taller Pastoral V: Dimensión Cultural de la Actividad Pastoral,10,taller pastoral v: dimension cultural de la actividad pastoral
TEO301,Taller Pastoral VI: Dimensión Investigativa de la Actividad Pastoral,10,taller pastoral vi: dimension investigativa de la actividad pastoral
TEO302,Liturgia Pastoral,10,liturgia pastoral
TEO303,Eclesiología Pastoral,10,eclesiologia pastoral
TEO304,Practicas Pastorales,10,practicas pastorales
TEO305,Vida en el Espiritu,10,vida en el espiritu
TEO305F,Teología Fundamental V,8,teologia fundamental 5
TEO306,Liturgia y Belleza,10,liturgia y belleza
TEO307,Enseñanza Social de la Iglesia,10,ensenanza social de la iglesia
TEO308,Síntesis B (TEO308),15,sintesis b (teo308)
TEO309,Derechos y Obligaciones de Fieles y Comunidades,10,derechos y obligaciones de fieles y comunidades
TEO310,La Transmisión de la Fe,10,la transmision de la fe
TEO3103,Newman: la Fe y la Conciencia,5,newman: la fe y la conciencia
TEO311,Pastoral en Latinoamérica,10,pastoral en latinoamerica
TEO313,Liturgia del Concilio Vaticano II,10,liturgia del concilio vaticano 2
TEO314,Cuestiones Especificas de Moral,10,cuestiones especificas de moral
TEO515,Tesis en Teología Fundamental Sistemática,10,tesis en teologia fundamental sistematica
TEO516,Tesis en Teología Bíblica,10,tesis en teologia biblica
TEO517,Tesis en Teología Pastoral,10,tesis en teologia pastoral
TEP010,Liturgia y Teología Sacramental,10,liturgia y teologia sacramental
TEP012,Reconciliación y Unción de los Enfermos,10,reconciliacion y uncion de los enfermos
TEP042,Bautismo y Confirmación (TEP042),8,bautismo y confirmacion (tep042)
TEP042A,Taller: Bautismo y Confirmación,4,taller: bautismo y confirmacion
TEP044,Ciencias Humanas I,8,ciencias humanas 1
TEP045,Ciencias Humanas II,8,ciencias humanas 2
TEP054,Penitencia y Santa Unción (TEP054),8,penitencia y santa uncion (tep054)
TEP057,Taller de Matrimonio a,4,taller de matrimonio a
TEP057A,Psicología y Pastoral (TEP057A),4,psicologia y pastoral (tep057a)
TEP062A,Eucaristia (TEP062A),8,eucaristia (tep062a)
TEP064,Psicología Religiosa,8,psicologia religiosa
TEP113,Taller de Pastoral,4,taller de pastoral
TEP115,Religiosidad Popular (TEP115),4,religiosidad popular (tep115)
TEP119B,Santo Domingo 1992 II,4,santo domingo 1992 2
TEP125,Inculturación y Pastoral,4,inculturacion y pastoral
TEP134,Catequética,8,catequetica
TEP134B,Desarrollo de la Fe,4,desarrollo de la fe
TEP148,Ejercicios San Ignacio Teórico-Práctico,6,ejercicios san ignacio teorico-practico
TEP148A,Teología Pastoral: qué Es,4,teologia pastoral: que es
TEP148B,Inculturación de la Fe,4,inculturacion de la fe
TEP159A,Misionología,4,misionologia
TEP162,Los Padres y la Biblia,4,los padres y la biblia
TEP193,Práctica Pastoral,10,practica pastoral
TEP509,"Taller Pastoral I, Dimensión Pedagógica de la Acción Pastoral",5,"taller pastoral i, dimension pedagogica de la accion pastoral"
TEP510,Teología Pastoral Fundamental,5,teologia pastoral fundamental
TEP513,Eclesiología Fundamental,10,eclesiologia fundamental
TEP514,Historia de la Iglesia,10,historia de la iglesia
TEP515,Taller I: Estudio y Aprendizaje Significativo en Teología,10,taller i: estudio y aprendizaje significativo en teologia
TEP516,Historia de la Iglesia (Antigua y Medieval),10,historia de la iglesia (antigua y medieval)
TEP521,Evangelios Sinópticos,10,evangelios sinopticos
TEP522,Eclesiología y Mariología,10,eclesiologia y mariologia
TEP523,Bautismo y Confirmación (TEP523),10,bautismo y confirmacion (tep523)
TEP525,Taller II: Dimensión Personal de la Acción Pastoral,10,taller ii: dimension personal de la accion pastoral
TEP526,Historia de la Iglesia II (Moderna y Contemporánea),10,historia de la iglesia 2 (moderna y contemporanea)
TEP530,Creación (TEP530),5,creacion (tep530)
TEP533,Eucaristia (TEP533),10,eucaristia (tep533)
TEP535,Taller III: Dimensión Comunitaria de la Acción Pastoral,10,taller iii: dimension comunitaria de la accion pastoral
TEP536,Ciencias de la Religión,10,ciencias de la religion
TEP543,Orden y Matrimonio,10,orden y matrimonio
TEP545,Taller IV: Dimensión Comunicacional de la Acción Pastoral,10,taller iv: dimension comunicacional de la accion pastoral
TEP546,Matrimonio y Derecho del Matrimonio,10,matrimonio y derecho del matrimonio
TEP553,Penitencia y Santa Unción (TEP553),10,penitencia y santa uncion (tep553)
TEP555,Taller V: Dimensión Cultural de la Acción Pastoral,10,taller v: dimension cultural de la accion pastoral
TEP563,Liturgia (TEP563),10,liturgia (tep563)
TEP565,Taller VI: Investigación Pastoral,10,taller vi: investigacion pastoral
TEP567,Misionología y Ecumenismo,5,misionologia y ecumenismo
TEP568,Escatología (TEP568),10,escatologia (tep568)
TER001,Religiones: ñQue son y Como se Estudianñ (TER001),10,religiones: nque son y como se estudiann (ter001)
TER002,Religiones Abrahamicas,10,religiones abrahamicas
TER003,Religiones y Cosmovisiones Indigenas en América Latina,10,religiones y cosmovisiones indigenas en america latina
TER004,Religión en la Sociedad Moderna Occidental,10,religion en la sociedad moderna occidental
TER005,El Arte y lo Sagrado,10,el arte y lo sagrado
TER007,Teología de las Religiones,10,teologia de las religiones
TER008,Religión Popular,10,religion popular
TER009,Religiones Asiaticas: Pasado y Presente,10,religiones asiaticas: pasado y presente
TER022,Ciencias de la Religión (TER022),8,ciencias de la religion (ter022)
TER124,Religiones y Cristianismo,4,religiones y cristianismo
TES034,Sinópticos y Hechos,12,sinopticos y hechos
TES121,San Agustin,4,san agustin
TES141B,Salmos Biblicos,4,salmos biblicos
TES145,Maria en el Nuevo Testamento,4,maria en el nuevo testamento
TES214A,El Padre en el Evangelio de Juan,8,el padre en el evangelio de juan
TES300,Profetismo en Nuevo Testamento,8,profetismo en nuevo testamento
TEU0010,Formación Teológica,10,formacion teologica
TEU100B,Fgt la Alternativa Cristiana,5,fgt la alternativa cristiana
TEU101C,Fgt Antropología Cristiana: Ingeniería,10,fgt antropologia cristiana: ingenieria
TEU103B,Fgt Cuestionamiento Ateo y Fe,5,fgt cuestionamiento ateo y fe
TEU103D,Fgt Fundamento y Vida de Fe,5,fgt fundamento y vida de fe
TEU104,Fgt Iglesia Latinoamericana,5,fgt iglesia latinoamericana
TEU104B,Fgt Vacio y Sentido de Dios,5,fgt vacio y sentido de dios
TEU108,Fgt Introducción a la Historia de las Religiones,5,fgt introduccion a la historia de las religiones
TEU108B,Fgt Criterio Discernimiento Etico,5,fgt criterio discernimiento etico
TEU112,Fgt Evangelio de San Marcos,5,fgt evangelio de san marcos
TEU113,Fgt la Iglesia Ayer y Hoy,5,fgt la iglesia ayer y hoy
TEU114C,Fgt la Biblia Opción Hombre Actual,5,fgt la biblia opcion hombre actual
TEU114D,La Justicia en la Biblia,5,la justicia en la biblia
TEU115,Evangelio de San Mateo,5,evangelio de san mateo
TEU115B,Fgt Valor Humanizador de la Fe,5,fgt valor humanizador de la fe
TEU116C,Fgt Interrogante de la Fe,5,fgt interrogante de la fe
TEU117B,Fgt Teología del Matrimonio,5,fgt teologia del matrimonio
TEU118A,Introducción Verdades Fundamentales de Fe,5,introduccion verdades fundamentales de fe
TEU120,Fgt Laicos en la Iglesia,5,fgt laicos en la iglesia
TEU120A,Fgt Dimensiones Cristianas del Arte,5,fgt dimensiones cristianas del arte
TEU121B,Fgt Jesus el Mesias,5,fgt jesus el mesias
TEU122A,Fgt Introducción a la Fe,5,fgt introduccion a la fe
TEU122B,La Opción Creyente,10,la opcion creyente
TEU124A,Fgt Arte y Cristianismo I,5,fgt arte y cristianismo 1
TEU124B,Fgt Arte y Cristianismo II,5,fgt arte y cristianismo 2
TEU124C,Fgt Arte y Cristianismo III,5,fgt arte y cristianismo 3
TEU124D,Fgt Arte y Cristianismo IV,5,fgt arte y cristianismo 4
TEU125,Fgt Elementos de Moral Política,5,fgt elementos de moral politica
TEU125A,Fgt Moral Sexual y Matrimonial,5,fgt moral sexual y matrimonial
TEU125B,Moral Sexual y Matrimonial B,10,moral sexual y matrimonial b
TEU127B,Fgt Fundamento Moral de Nuestro Tiempo,5,fgt fundamento moral de nuestro tiempo
TEU129A,Fgt el Jesus de los Evangelios,5,fgt el jesus de los evangelios
TEU129C,Fgt Historia Iglesia Primitiva,5,fgt historia iglesia primitiva
TEU130A,Fgt el Respeto por la Vida Humana,5,fgt el respeto por la vida humana
TEU131A,Fgt el Dios de la Fe Cristiana,5,fgt el dios de la fe cristiana
TEU132A,Fgt Principios Generales de Moral,5,fgt principios generales de moral
TEU134B,Fgt Teología Fundamental,8,fgt teologia fundamental
TEU135A,Fgt Lineas Fundamentales Vaticano II,5,fgt lineas fundamentales vaticano 2
TEU135C,Fgt Iglesia Concilio Vaticano II,5,fgt iglesia concilio vaticano 2
TEU136B,Fgt Psicología y Moral Sexual,5,fgt psicologia y moral sexual
TEU136C,Fgt Antropología Cristiana de la Sexualidad,5,fgt antropologia cristiana de la sexualidad
TEU137A,Fgt Doctrina Social de la Iglesia,5,fgt doctrina social de la iglesia
TEU137B,Fgt Pensamiento Juan Pablo II,5,fgt pensamiento juan pablo 2
TEU137G,Doctrina Social de la Iglesia G,10,doctrina social de la iglesia g
TEU137I,Doctrina Social de la Iglesia: Ingeniería,10,doctrina social de la iglesia: ingenieria
TEU137L,Fgt Doctrina Social de la Iglesia y Desarrollo,5,fgt doctrina social de la iglesia y desarrollo
TEU138,Evangelio de San Juan,4,evangelio de san juan
TEU138A,Fgt Evangelio de San Juan,5,fgt evangelio de san juan
TEU138C,Fgt Dios Padre en el Evangelio de Juan,5,fgt dios padre en el evangelio de juan
TEU138D,Fgt el Cantar de los Cantares,5,fgt el cantar de los cantares
TEU139A,Fgt Iglesias Cristianas,5,fgt iglesias cristianas
TEU144,Fgt la Vida Despues de la Muerte,5,fgt la vida despues de la muerte
TEU145,Fgt Origenes del Cristianismo,5,fgt origenes del cristianismo
TEU145C,Fgt el Cristiano en el Mundo,5,fgt el cristiano en el mundo
TEU147C,Fgt Arte y Evangelización,5,fgt arte y evangelizacion
TEU148A,FGT Iniciación Bíblica,5,fgt iniciacion biblica
TEU149A,La Persona de Cristo,5,la persona de cristo
TEU150A,Fgt Aspectos Religiosos Reforma Protestante,5,fgt aspectos religiosos reforma protestante
TEU150B,Fgt Opción Preferencial Pobres,5,fgt opcion preferencial pobres
TEU152C,Fgt Antropología y Fe,5,fgt antropologia y fe
TEU154C,Fgt Fe y Celebración Liturgica,5,fgt fe y celebracion liturgica
TEU154D,Fgt Positivismo y Religión,5,fgt positivismo y religion
TEU154E,Fgt Economía y Moral,5,fgt economia y moral
TEU155C,Fgt Problemas Actuales de Moral,5,fgt problemas actuales de moral
TEU155D,Fgt Iglesia y Mundo,5,fgt iglesia y mundo
TEU156A,Fgt Ética Empresa y Moral Profesional,5,fgt etica empresa y moral profesional
TEU156B,Fgt Ética del Nuevo Testamento,5,fgt etica del nuevo testamento
TEU157A,Fgt Figura Espiritualidad Cristiana,5,fgt figura espiritualidad cristiana
TEU161B,Fgt Historia de la Iglesia Chile Independiente,5,fgt historia de la iglesia chile independiente
TEU161C,Fgt Historia de la Iglesia Chile Periodo Español,5,fgt historia de la iglesia chile periodo espanol
TEU161D,Fgt Historia de la Iglesia en Chile,5,fgt historia de la iglesia en chile
TEU161E,Fgt Historia de la Iglesia en América Latina,5,fgt historia de la iglesia en america latina
TEU165A,Fgt la Virgen Maria en Fe Cristiana,5,fgt la virgen maria en fe cristiana
TEU165B,Fgt la Mujer en la Iglesia,5,fgt la mujer en la iglesia
TEU165C,Fgt Teología Latinoamericana,5,fgt teologia latinoamericana
TEU167A,Fgt Moral Social,5,fgt moral social
TEU167B,Fgt Confesiones de San Agustin,5,fgt confesiones de san agustin
TEU168A,Fgt Oración en Nuevo Catecismo,5,fgt oracion en nuevo catecismo
TEU168B,"Fgt Fe Católica,Según Nuevo Catecismo",5,"fgt fe catolica,segun nuevo catecismo"
TEU169,Fgt Lectura de la Biblia,5,fgt lectura de la biblia
TEU169A,Fgt Lectura de la Biblia (TEU169A),5,fgt lectura de la biblia (teu169a)
TEU169B,Fgt Lectura Actual del Antiguo Testamento,5,fgt lectura actual del antiguo testamento
TEU169C,Lineas Fundamentales Antiguo Testamento,5,lineas fundamentales antiguo testamento
TEU169D,Fgt Criterios y Lectura de la Biblia,5,fgt criterios y lectura de la biblia
TEU170A,Fgt Lectura del Nuevo Testamento,5,fgt lectura del nuevo testamento
TEU172A,Fgt Acción Misionera,5,fgt accion misionera
TEU172B,Fgt Acción Misionera (TEU172B),5,fgt accion misionera (teu172b)
TEU175A,Fgt Pensamiento Contemporáneo y Fe,5,fgt pensamiento contemporaneo y fe
TEU177A,Fgt Evangelio de San Lucas,5,fgt evangelio de san lucas
TEU177B,Fgt los Evangelios de Jesus,5,fgt los evangelios de jesus
TEU179A,Fgt Iglesia-Religiosidad Popular,5,fgt iglesia-religiosidad popular
TEU179B,Fgt Teología de la Muerte,5,fgt teologia de la muerte
TEU179T,Fgt Teología del Trabajo,5,fgt teologia del trabajo
TEU181A,Antropología Cristiana (TEU181A),5,antropologia cristiana (teu181a)
TEU184A,Fgt Desafíos Actuales Moral Social,5,fgt desafios actuales moral social
TEU185C,Misión Evangelizadora Iglesia América Latina,5,mision evangelizadora iglesia america latina
TEU186B,Fgt Preguntas a la Iglesia,5,fgt preguntas a la iglesia
TEU186C,Fgt Maria en la Iglesia,5,fgt maria en la iglesia
TEU187A,Fgt Dios el Padre,5,fgt dios el padre
TEU187B,Fgt Reino de Dios,5,fgt reino de dios
TEU188,Fgt el Señor qué Vendra,5,fgt el senor que vendra
TEU188A,Fgt Moral en el Concilio Vaticano II,5,fgt moral en el concilio vaticano 2
TEU188B,Fgt el Señor qué Vendra (TEU188B),5,fgt el senor que vendra (teu188b)
TEU191,Fgt Teología del Matrimonio (TEU191),5,fgt teologia del matrimonio (teu191)
TEU192,Fgt Teología del Matrimonio (TEU192),5,fgt teologia del matrimonio (teu192)
TEU194A,Aspectos Moral Médica,5,aspectos moral medica
TEU194C,Fgt Reflexion Teolog del Cuerpo H,5,fgt reflexion teolog del cuerpo h
TEU195B,Fgt el Hombre y Su Destino,5,fgt el hombre y su destino
TEU196A,Fgt Inicación a los Evangelios,5,fgt inicacion a los evangelios
TEU196B,Fgt Moral y Derechos Humanos,5,fgt moral y derechos humanos
TEU197,Iglesia y Mundo,5,iglesia y mundo
TEU197C,Fgt Iglesia de Cristo,5,fgt iglesia de cristo
TEU197E,Fgt Historia de la Reforma Protestante,5,fgt historia de la reforma protestante
TEU198,Fgt Historia de la Iglesia,5,fgt historia de la iglesia
TEU199A,Catequesis a,5,catequesis a
TEU199B,Fgt Catequesis General,8,fgt catequesis general
TEU201,Fgt la Persona Humana a la Luz de la Fe,5,fgt la persona humana a la luz de la fe
TEU202,Fgt Introducción al Nuevo Testamento,5,fgt introduccion al nuevo testamento
TEU203,Fgt Arte y Evangelio en América,5,fgt arte y evangelio en america
TEU205,Fgt Dios Creador y Ciencia Moderna,5,fgt dios creador y ciencia moderna
TEU206,Fgt el Credo Cristiano,5,fgt el credo cristiano
TEU206A,Fgt la Oración Cristiana y Sus Métodos,5,fgt la oracion cristiana y sus metodos
TEU207,Fgt Origen Histórico de los Evangelios,5,fgt origen historico de los evangelios
TEU208,Fgt la Moral Cristiana,5,fgt la moral cristiana
TEU209,Fgt Ciencias Naturales y Fe,5,fgt ciencias naturales y fe
TEU210,Fgt Bioética y Fe Cristiana,5,fgt bioetica y fe cristiana
TEU212,Fgt Amor en el Matrimonio,5,fgt amor en el matrimonio
TEU212A,El Amor en el Matrimonio Cristiano,5,el amor en el matrimonio cristiano
TEU213,Fgt Psicología Religiosa del Niño,5,fgt psicologia religiosa del nino
TEU214,Fgt la Opción del Creyente,5,fgt la opcion del creyente
TEU249,Fgt la Persona de Cristo,5,fgt la persona de cristo
TEU249A,Fgt Pecado y Conversión,5,fgt pecado y conversion
TEU249B,Fgt Pecado y Conversión Juan Pablo II,5,fgt pecado y conversion juan pablo 2
TEU249C,Fgt Desafíos Iglesia Latinoamericana,5,fgt desafios iglesia latinoamericana
TEU249D,Desafíos Iglesia Latinoamericana,10,desafios iglesia latinoamericana
TEU250,Sn Pablo Su Vida y Doctrina,5,sn pablo su vida y doctrina
TEU250A,Fgt Nuevos Movimientos Religiosos,5,fgt nuevos movimientos religiosos
TEU250B,Fgt Nuevos Movimientos Religiosos II,5,fgt nuevos movimientos religiosos 2
TEU252,Fgt Concilio Vaticano II,5,fgt concilio vaticano 2
TEU253,Fgt los Padres de la Iglesia,5,fgt los padres de la iglesia
TEU254,Fgt Muerte y Mas Alla,5,fgt muerte y mas alla
TEU258,Fgt Matrimonio y Derecho,5,fgt matrimonio y derecho
TEU269,Fgt Lectura de la Biblia (TEU269),5,fgt lectura de la biblia (teu269)
TEU282,Antropología Social Teológica,10,antropologia social teologica
TEU283,Fgt la Doctrina Sobre Jesus,5,fgt la doctrina sobre jesus
TEU284,Fgt Cine y Teología,5,fgt cine y teologia
TEU285,Teología y Política,10,teologia y politica
TEU286,Fgt Padre Hurtado:Apostol de Jesus,5,fgt padre hurtado:apostol de jesus
TEX118,Los Capadocios (Textos),8,los capadocios (textos)
TID010,Corporalidad Consciente,10,corporalidad consciente
TID011,"Espiritualidad, Discapacidad e Inclusión",10,"espiritualidad, discapacidad e inclusion"
TID012,"Sustentabilidad, Ética y Espiritualidad",10,"sustentabilidad, etica y espiritualidad"
TID013,Cuidar la Casa Común: Cristianismo y Sustentabilidad,10,cuidar la casa comun: cristianismo y sustentabilidad
TID201,"Espiritualidad, Discapacidad e Inclusión (A+S)",10,"espiritualidad, discapacidad e inclusion (a+s)"
TID202,"Sustentabilidad, Ética y Espiritualidad (TID202)",10,"sustentabilidad, etica y espiritualidad (tid202)"
TLA100,Introducción a las Escrituras,10,introduccion a las escrituras
TLA101,Introducción a la Teología Espiritual (TLA101),10,introduccion a la teologia espiritual (tla101)
TLA102,Dios Uno y Trino,10,dios uno y trino
TLA110,Fgt Revelación y Fe,10,fgt revelacion y fe
TLA120,Fgt el Dios qué Se Revela,10,fgt el dios que se revela
TLA130,Fgt Cristología,10,fgt cristologia
TLA140,Fgt Antropología Cristiana,10,fgt antropologia cristiana
TLA150,Fgt Iglesia y Su Sacramentalidad,10,fgt iglesia y su sacramentalidad
TLA160,Cuestiones Morales de Actualidad,6,cuestiones morales de actualidad
TLA161,Seminario de Moral,5,seminario de moral
TLB101,Lectura Espiritual Biblia,4,lectura espiritual biblia
TLB102,Espiritualidad Liturgica,4,espiritualidad liturgica
TLE100,Introducción a la Espiritualidad,10,introduccion a la espiritualidad
TLE103,Teología Espiritual en Padres,5,teologia espiritual en padres
TLE104,Espiritualidad en Historia de la Iglesia,5,espiritualidad en historia de la iglesia
TPP930,Periodismo de Investigación,10,periodismo de investigacion
TPR101,Sagrada Escritura,10,sagrada escritura
TPR103,Antiguo Testamento,10,antiguo testamento
TPR104,Liturgia e Introducción a los Sacramentos,10,liturgia e introduccion a los sacramentos
TPR105,Eclesiología y Mariología (TPR105),10,eclesiologia y mariologia (tpr105)
TPR201,Nuevo Testamento I,10,nuevo testamento 1
TPR202,Sacramentos,10,sacramentos
TPR203,"Fe, Ciencia y Tecnica",10,"fe, ciencia y tecnica"
TPR204,Nuevo Testamento II,10,nuevo testamento 2
TPR205,Teología Espiritual (TPR205),10,teologia espiritual (tpr205)
TPR301,Moral Fundamental para Educadores,10,moral fundamental para educadores
TPR302,Cristología,10,cristologia
TPR306,Moral Sexual,10,moral sexual
TPR307,Trinidad (TPR307),10,trinidad (tpr307)
TPR401,Moral de la Vida,10,moral de la vida
TPR404,Ecumenismo y Diálogo Interreligioso,5,ecumenismo y dialogo interreligioso
TPR511,Fenomenología de la Religión,10,fenomenologia de la religion
TPR520,Nuevo Testamento,10,nuevo testamento
TPR521,Trinidad y Cristología,10,trinidad y cristologia
TPR522,Historia del Cristianismo,10,historia del cristianismo
TPR530,Espiritualidad y Espiritualidades,10,espiritualidad y espiritualidades
TPR531,"Antropología Teológica, Creación y Escatología",10,"antropologia teologica, creacion y escatologia"
TPR550,Cristianismo y Arte,5,cristianismo y arte
TPR551,Pensar la Actualidad,10,pensar la actualidad
TPR552,"Religión, Persona y Sociedad",10,"religion, persona y sociedad"
TSL100P,"Familia, Comunidad y Educación",10,"familia, comunidad y educacion"
TSL104,Problemas y Políticas Sociales I,10,problemas y politicas sociales 1
TSL105,Formación y Desarrollo del Trabajo Social,10,formacion y desarrollo del trabajo social
TSL106,Introducción a las Políticas Sociales,10,introduccion a las politicas sociales
TSL155,Trabajo Social y Sociedad Moderna,10,trabajo social y sociedad moderna
TSL159,Epistemología y Trabajo Social,10,epistemologia y trabajo social
TSL160,Perspectivas Contemporaneas en Trabajo Social,10,perspectivas contemporaneas en trabajo social
TSL161,Problemas y Políticas Sociales,10,problemas y politicas sociales
TSL170,Trayectoria Vital,10,trayectoria vital
TSL171,Memoria del Trabajo Social,10,memoria del trabajo social
TSL172,Configuración de Problemas Sociales,10,configuracion de problemas sociales
TSL173,Desafíos del Trabajo Social (A+S),10,desafios del trabajo social (a+s)
TSL173N,Desafíos del Trabajo Social,10,desafios del trabajo social
TSL174,Epistemología para el Trabajo Social,10,epistemologia para el trabajo social
TSL176,Lógicas de Investigación para la Intervención Social,10,logicas de investigacion para la intervencion social
TSL200P,"Familias, Comunidad y Educación",10,"familias, comunidad y educacion"
TSL203,Epistemología y Trabajo Social (TSL203),10,epistemologia y trabajo social (tsl203)
TSL204,Sistemas de Protección Social,10,sistemas de proteccion social
TSL205,Desarrollo Comunitario y Ciudadanía,10,desarrollo comunitario y ciudadania
TSL206,Fundamentos de la Acción Social,10,fundamentos de la accion social
TSL207,Trabajo Social e Intervención Social,10,trabajo social e intervencion social
TSL210,Investigación Social I,10,investigacion social 1
TSL212,Epistemología y Trabajo Social (TSL212),10,epistemologia y trabajo social (tsl212)
TSL215,Estadística Social I,10,estadistica social 1
TSL217,Sujetos de la Acción Social,12,sujetos de la accion social
TSL218,Trabajo Social y Familia,10,trabajo social y familia
TSL251,Evaluación de Programas Sociales para la Sustentabilidad (TSL251),10,evaluacion de programas sociales para la sustentabilidad (tsl251)
TSL263,Desarrollo Comunitario y Ciudadanía (TSL263),10,desarrollo comunitario y ciudadania (tsl263)
TSL264,Trabajo Social Familiar,10,trabajo social familiar
TSL265,Políticas Sociales y Familia,10,politicas sociales y familia
TSL266,Intervención Social,10,intervencion social
TSL267,Análisis de Datos I (TSL267),10,analisis de datos 1 (tsl267)
TSL270,Enfoques y Modelos para la Intervención Social,10,enfoques y modelos para la intervencion social
TSL271,Estrategias de Producción y Análisis de Datos Cualitativos (A+S),10,estrategias de produccion y analisis de datos cualitativos (a+s)
TSL271N,Estrategias de Producción y Análisis de Datos Cualitativos,10,estrategias de produccion y analisis de datos cualitativos
TSL272,Estructuras y Dinámicas Familiares,10,estructuras y dinamicas familiares
TSL273,Construcción de la Intervención Social (A+S),10,construccion de la intervencion social (a+s)
TSL273N,Construcción de la Intervención Social,10,construccion de la intervencion social
TSL274,Estrategias de Producción y Análisis Descriptivos de Datos,10,estrategias de produccion y analisis descriptivos de datos
TSL276,Sistemas de Protección y Bienestar Social,10,sistemas de proteccion y bienestar social
TSL305,Investigación Social I (TSL305),10,investigacion social 1 (tsl305)
TSL307,Trabajo Social Con Grupos,10,trabajo social con grupos
TSL312,Políticas Sociales y Familia (TSL312),10,politicas sociales y familia (tsl312)
TSL313,Trabajo y Organizaciones,10,trabajo y organizaciones
TSL314,Intervención Familiar,10,intervencion familiar
TSL317,Investigación Social I (TSL317),10,investigacion social 1 (tsl317)
TSL318,Procesos de Intervención Social,10,procesos de intervencion social
TSL319,Análisis de Datos II (TSL319),10,analisis de datos 2 (tsl319)
TSL323,Investigación Social II,10,investigacion social 2
TSL326,Trabajo Social y Organizaciones,10,trabajo social y organizaciones
TSL330,Ética Aplicada,10,etica aplicada
TSL331,Diseño y Evaluación de Intervenciones Sociales (A+S),10,diseno y evaluacion de intervenciones sociales (a+s)
TSL331N,Diseño y Evaluación de Intervenciones Sociales,10,diseno y evaluacion de intervenciones sociales
TSL333,Estrategias de Producción y Análisis Inferencial de Datos,10,estrategias de produccion y analisis inferencial de datos
TSL334,Taller de Intervención,30,taller de intervencion
TSL335,Estrategias de Análisis Organizacional,10,estrategias de analisis organizacional
TSL355,Investigación Social II (TSL355),10,investigacion social 2 (tsl355)
TSL356,Organizaciones y Trabajo Social,10,organizaciones y trabajo social
TSL358,Políticas Laborales y Seguridad Social,10,politicas laborales y seguridad social
TSL360,Trabajo Social y Acción Sociocomunitaria,10,trabajo social y accion sociocomunitaria
TSL361,Planificación y Gestión,10,planificacion y gestion
TSL362,Descentralización y Desarrollo Local,10,descentralizacion y desarrollo local
TSL366,Intervención en Organizaciones Laborales,10,intervencion en organizaciones laborales
TSL368,Investigación Social II (TSL368),10,investigacion social 2 (tsl368)
TSL369,Competencias para la Intervención Social,10,competencias para la intervencion social
TSL370,Proyectos Sociales (TSL370),10,proyectos sociales (tsl370)
TSL371,Ética en la Intervención Social,10,etica en la intervencion social
TSL372,Análisis de Datos III (TSL372),10,analisis de datos 3 (tsl372)
TSL373,Práctica II (TSL373),10,practica 2 (tsl373)
TSL375,Práctica II (TSL375),15,practica 2 (tsl375)
TSL376,Sistemas de Protección Social (TSL376),10,sistemas de proteccion social (tsl376)
TSL381,Introducción al Análisis del Discurso,10,introduccion al analisis del discurso
TSL384,Educación Social,10,educacion social
TSL396,Juventud:Un Enfoque Psicosocial,10,juventud:un enfoque psicosocial
TSL397,Nuevas Configuraciones de Lo Social,10,nuevas configuraciones de lo social
TSL403,"Institucionalidad, Participación y Protección de Derechos",10,"institucionalidad, participacion y proteccion de derechos"
TSL404,Instituciones y Desarrollo,10,instituciones y desarrollo
TSL408,Intervención Socio Comunitaria,10,intervencion socio comunitaria
TSL410,Proyecto Sociales,10,proyecto sociales
TSL411,Intervención en Trabajo Social,10,intervencion en trabajo social
TSL412,Planificación y Gestión (TSL412),10,planificacion y gestion (tsl412)
TSL415,Trabajo Social y Familia (TSL415),10,trabajo social y familia (tsl415)
TSL416,Trabajo Social y Derechos Humanos,10,trabajo social y derechos humanos
TSL417,"Acerca de los Niños, Niñas y Adolescentes: Ciclo Vital y Perspectiva de Derechos",10,"acerca de los ninos, ninas y adolescentes: ciclo vital y perspectiva de derechos"
TSL418,Desarrollo de Competencias Operativas para Intervenciones Sociales,10,desarrollo de competencias operativas para intervenciones sociales
TSL419,Habilidades Interpersonales para el Trabajo en Equipo en la Intervención Social,10,habilidades interpersonales para el trabajo en equipo en la intervencion social
TSL420,Intimidad y Familia,10,intimidad y familia
TSL421,Movimientos Sociales en América Latina,10,movimientos sociales en america latina
TSL422,Trabajo Social y Vulneración de Derechos en la Población Infanto Juvenil,10,trabajo social y vulneracion de derechos en la poblacion infanto juvenil
TSL423,Innovación y Aprendizaje Social en Organizaciones No Lucrativas en el Contexto de la Economía Social,10,innovacion y aprendizaje social en organizaciones no lucrativas en el contexto de la economia social
TSL424,Desarrollo Comunitario e Innovación Social,10,desarrollo comunitario e innovacion social
TSL425,Intervención en Parejas y Familias: Un Acercamiento a la Consejeria Familiar.,10,intervencion en parejas y familias: un acercamiento a la consejeria familiar.
TSL426,Investigación en Pregrado UC Propone Trabajo Social,10,investigacion en pregrado uc propone trabajo social
TSL427,Trabajo Social y Salud,10,trabajo social y salud
TSL428,Constelaciones Familiares: una Herramienta para la Intervención con Familias,10,constelaciones familiares: una herramienta para la intervencion con familias
TSL429,Fundamentos de la Acción Social (TSL429),10,fundamentos de la accion social (tsl429)
TSL430,Mediación Familiar,10,mediacion familiar
TSL431,Interculturalidad e Intervención Social,10,interculturalidad e intervencion social
TSL432,Gerontología Social,10,gerontologia social
TSL433,Violencia Intrafamiliar,10,violencia intrafamiliar
TSL434,Delito-Justicia y Trabajo Social,10,delito-justicia y trabajo social
TSL435,Planificación Estrategica,10,planificacion estrategica
TSL437,Asp.Juridicos Sobre Flia y Menore,6,asp.juridicos sobre flia y menore
TSL446,Familia Ante Tribunales de Justicia,10,familia ante tribunales de justicia
TSL449,Trabajo Social y Desarrollo Rural,10,trabajo social y desarrollo rural
TSL454,Escuchando a los Niños: Teorías y Métodos,10,escuchando a los ninos: teorias y metodos
TSL457,Seminario Intervención Profesional,20,seminario intervencion profesional
TSL459,Pensamiento Latinoamericano e Intervención Social,10,pensamiento latinoamericano e intervencion social
TSL461,Descentralización y Desarrollo,10,descentralizacion y desarrollo
TSL462,Trabajo Social y Organizaciones (TSL462),10,trabajo social y organizaciones (tsl462)
TSL464,Adolescentes en Conflicto Con la Ley: Diagnóstico e Intervención Diferenciada,10,adolescentes en conflicto con la ley: diagnostico e intervencion diferenciada
TSL465,"Crimen, Carcel y Reinserción Social Introducción a la Criminología y al Trabajo Social Penitenciario",10,"crimen, carcel y reinsercion social introduccion a la criminologia y al trabajo social penitenciario"
TSL470,Trabajo Social y Desarrollo Sostenible,10,trabajo social y desarrollo sostenible
TSL471,Curso-Taller Introducción a la Investigación Biografico-Narrativa,10,curso-taller introduccion a la investigacion biografico-narrativa
TSL472,"Trabajo Social, Sistemas Juridicos y Políticas Públicas: Desde Un Enfoque de Ciudadanía Activa",10,"trabajo social, sistemas juridicos y politicas publicas: desde un enfoque de ciudadania activa"
TSL482,Lo Político y Lo Moral en la Intervención,10,lo politico y lo moral en la intervencion
TSL490,Gestión y Liderazgo de Intervenciones,10,gestion y liderazgo de intervenciones
TSL491,Derechos Humanos,10,derechos humanos
TSL493,Diseño de Proyectos Sociales (A+S),10,diseno de proyectos sociales (a+s)
TSL493N,Diseño de Proyectos Sociales,10,diseno de proyectos sociales
TSL495,Enfoques de la Diversidad,10,enfoques de la diversidad
TSL496,Políticas Públicas y Ciudadanía,10,politicas publicas y ciudadania
TSL497,Evaluación de Proyectos Sociales (A+S),10,evaluacion de proyectos sociales (a+s)
TSL505,Análisis de Políticas Sociales,10,analisis de politicas sociales
TSL514,Análisis de Políticas,10,analisis de politicas
TSL515,Pobreza y Exclusión Social,10,pobreza y exclusion social
TSL516,Seminario de Integración,10,seminario de integracion
TSL517,Ciudadanía y Mediación Social,10,ciudadania y mediacion social
TSL518,Trabajo Social y Multiculturalismo,10,trabajo social y multiculturalismo
TSL534,Innovación Social y Tecnología para la Intervención,10,innovacion social y tecnologia para la intervencion
TSL534N,Innovación Social y Tecnología para la Intervención (TSL534N),10,innovacion social y tecnologia para la intervencion (tsl534n)
TSL582,Fgs Crecer en Familia,5,fgs crecer en familia
TSL583,Interdisciplinario de Derechos Humanos,10,interdisciplinario de derechos humanos
TSL584,"Institucionalidad, Participación y Protección de Derechos (TSL584)",10,"institucionalidad, participacion y proteccion de derechos (tsl584)"
TSL585,Desigualdades y Diversidades en la Escuela: Desafíos para el Trabajo Social,10,desigualdades y diversidades en la escuela: desafios para el trabajo social
TSL586,Habilidades para la Intervención Directa en Trabajo Social,10,habilidades para la intervencion directa en trabajo social
TSL587,Innovación Social y Tecnología para el Trabajo Social,10,innovacion social y tecnologia para el trabajo social
TSL588,Envejecimiento y Diversidad: Intervenciones para el Bienestar Biopsicosocial en la Vejez,10,envejecimiento y diversidad: intervenciones para el bienestar biopsicosocial en la vejez
TSL589,Pobreza y Exclusión Social (TSL589),10,pobreza y exclusion social (tsl589)
TSL590,"Institucionalidad, Participación y Protección de Derechos (TSL590)",10,"institucionalidad, participacion y proteccion de derechos (tsl590)"
TSL591,Interdisciplinario de Derechos Humanos (TSL591),10,interdisciplinario de derechos humanos (tsl591)
TSL592,Jovenes y Movimientos Sociales,10,jovenes y movimientos sociales
TSL593,Trabajo Social Clínico en Cuidados Paliativos,10,trabajo social clinico en cuidados paliativos
TSL594,Informalidad Laboral y Genero desde el Trabajo Social,10,informalidad laboral y genero desde el trabajo social
TSL595,Trabajo Social y Salud Mental,10,trabajo social y salud mental
TSL596,Cuidadania y Derechos Humanos: Enfoques Interdisciplinarios,10,cuidadania y derechos humanos: enfoques interdisciplinarios
TSL597,"Ciudad, Vivienda y Barrio",10,"ciudad, vivienda y barrio"
TSL598,Organización Comunitaria y Participación Social,10,organizacion comunitaria y participacion social
TSL599,Estrategias de Cuidado Profesional en Servicios Sociales,10,estrategias de cuidado profesional en servicios sociales
TSL600,Introducción a los Problemas Psico-Socio-Juridicos: Una Mirada desde el Trabajo Social,10,introduccion a los problemas psico-socio-juridicos: una mirada desde el trabajo social
TSL601,Habilidades para la Intervención Social en Victimas de Violencia basada en Genero,10,habilidades para la intervencion social en victimas de violencia basada en genero
TSL602,Trabajo Social Ecoterritorial,10,trabajo social ecoterritorial
TSM3021,Cambio Climático e Intervención Socioambiental en Trabajo Social,10,cambio climatico e intervencion socioambiental en trabajo social
TSM3023,Trabajo Social en el Ambito Jurídico: El Rol de la Evaluación Social,10,trabajo social en el ambito juridico: el rol de la evaluacion social
TSM3024,Decisiones Estrategicas y Políticas en la Intervención Social Organizacional,10,decisiones estrategicas y politicas en la intervencion social organizacional
TTF010,Teología Fundamental,10,teologia fundamental
TTF011,La Credibilidad del Cristianismo,10,la credibilidad del cristianismo
TTF013,Tópicos de Ética Social Cristiana,10,topicos de etica social cristiana
TTF015,Lo Femenino en Dios y en el Ser Humano,10,lo femenino en dios y en el ser humano
TTF016,Antropología Cristiana (TTF016),10,antropologia cristiana (ttf016)
TTF017,Religión Cristiana en el Mundo Actual,10,religion cristiana en el mundo actual
TTF018,Fundamentos Teologicos del Simbolo Sacramental,10,fundamentos teologicos del simbolo sacramental
TTF019,Psicología y Religión Cristiana,10,psicologia y religion cristiana
TTF020,Dios en las Culturas,10,dios en las culturas
TTF021,Religiones y Cristianismo (TTF021),10,religiones y cristianismo (ttf021)
TTF022,Fundamentos de la Moral Cristiana,10,fundamentos de la moral cristiana
TTF023,Desafíos a la Fe Cristiana,10,desafios a la fe cristiana
TTF024,Credibilidad del Cristianismo Biblico,10,credibilidad del cristianismo biblico
TTF025,"Religión, Cristianismo e Iglesia",10,"religion, cristianismo e iglesia"
TTF026,Introducción a la Biblia,10,introduccion a la biblia
TTF027,Jesus: Distintas Comprensiones,10,jesus: distintas comprensiones
TTF028,Búsquedas de Sentido y Propuesta Cristiana,10,busquedas de sentido y propuesta cristiana
TTF029,El Hombre y el Trabajo (TTF029),10,el hombre y el trabajo (ttf029)
TTF030,La Persona de Jesucristo (TTF030),10,la persona de jesucristo (ttf030)
TTF032,Maria en la Iglesia,10,maria en la iglesia
TTF033,Iniciación a la Lectura de la Biblia,10,iniciacion a la lectura de la biblia
TTF034,Antropología Cristiana: Bases Interdisciplinarias,10,antropologia cristiana: bases interdisciplinarias
TTF035,Fe Cristiana y Cultura Contemporánea,10,fe cristiana y cultura contemporanea
TTF036,La Biblia de Jesus,10,la biblia de jesus
TTF037,A la Busqueda del Dios Perdido,10,a la busqueda del dios perdido
TTF038,A Jesus por la Historia,10,a jesus por la historia
TTF039,El Padrenuestro: la Oración qué Jesus Enseño,10,el padrenuestro: la oracion que jesus enseno
TTF041,Fe y Razón. Una Perspectiva Histórica,10,fe y razon. una perspectiva historica
TTF042,Ecology: a Challenge to the Great Religions,10,ecology: a challenge to the great religions
TTF043,Saber y Creer. la Busqueda de Dios: el Problema Fundamental de la Teología,10,saber y creer. la busqueda de dios: el problema fundamental de la teologia
TTF044,Religión y Fe Ante el Reto de la Cultura Moderna,10,religion y fe ante el reto de la cultura moderna
TTF045,Ser Cristiano en la Actualidad,10,ser cristiano en la actualidad
TTF046,Moral Social. Aportes de San Alberto Hurtado,10,moral social. aportes de san alberto hurtado
TTF047,Dios en el Siglo XXI,10,dios en el siglo xxi
TTF048,Seguir a Cristo Hoy: ñUna Utopiañ,10,seguir a cristo hoy: nuna utopian
TTF049,El por Qué de la Indiferencia Religiosa,10,el por que de la indiferencia religiosa
TTF050,Experiencia Moral de la Persona y Su Vida en Cristo,10,experiencia moral de la persona y su vida en cristo
TTF051,Benedicto Xvi: Una Visión Teológica del Mundo,10,benedicto xvi: una vision teologica del mundo
TTF052,"El Espiritu Santo: Su Presencia y Acción en Nuestra Vida, en la Historia y en el Mundo",10,"el espiritu santo: su presencia y accion en nuestra vida, en la historia y en el mundo"
TTF054,"Matrimonio, Familia y Sexualidad en la Biblia y en la Enseñanza de la Iglesia",10,"matrimonio, familia y sexualidad en la biblia y en la ensenanza de la iglesia"
TTF055,El Enigma Humano a la Luz de la Fe Cristiana,10,el enigma humano a la luz de la fe cristiana
TTF056,La Biblia de los Cristianos,10,la biblia de los cristianos
TTF057,Fe y Modelos de Racionalidad Cientifica,10,fe y modelos de racionalidad cientifica
TTF059,Creer en Dios Hoy,10,creer en dios hoy
TTF060,Dios en la Teología Latinoamericana,10,dios en la teologia latinoamericana
TTF061,Espiritualidad Laical y Opción de Fe en el Mundo,10,espiritualidad laical y opcion de fe en el mundo
TTF062,"La Justicia, Tradiciones Eticas Contrastantes",10,"la justicia, tradiciones eticas contrastantes"
TTF063,Mujeres y Misticismo: Existencias qué Marcan la Historia,10,mujeres y misticismo: existencias que marcan la historia
TTF064,Ecología y Teología,10,ecologia y teologia
TTF065,Creer en Dios en Un Mundo Adulto,10,creer en dios en un mundo adulto
TTF067,Lecturas Contemporaneas de la Biblia (Seminario),10,lecturas contemporaneas de la biblia (seminario)
TTF068,El Matrimonio Cristiano Hoy,10,el matrimonio cristiano hoy
TTF069,Espiritu Santo: Presencia y Acción,10,espiritu santo: presencia y accion
TTF070,Fe Cristiana en Epoca de Crisis,10,fe cristiana en epoca de crisis
TTF071,Redescubrir la Biblia,10,redescubrir la biblia
TTF072,La Iglesia en la qué (No) Creemos. Temas Selectos para Pensar la Iglesia,10,la iglesia en la que (no) creemos. temas selectos para pensar la iglesia
TTF073,Fin de los Tiempos. Mitos y Realidad,10,fin de los tiempos. mitos y realidad
TTF074,ñCreer o no Creerñ (TTF074),10,ncreer o no creern (ttf074)
TTF075,"La Liturgia, Encuentro Con Jesucristo",10,"la liturgia, encuentro con jesucristo"
TTF076,Los Fundamentos de las Consecuencias Morales de la Fe Cristiana,10,los fundamentos de las consecuencias morales de la fe cristiana
TTF077,La Iglesia en la qué (No) Creemos,10,la iglesia en la que (no) creemos
TTF078,"Caminos de Diálogo Con el Judaismo, Cristianismo e Islam",10,"caminos de dialogo con el judaismo, cristianismo e islam"
TTF079,Experiencia Cristiana y Compromiso Social,10,experiencia cristiana y compromiso social
TTF080,ñQuien Es el Hombreñ Una Mirada Desde la Antropología Cristiana,10,nquien es el hombren una mirada desde la antropologia cristiana
TTF081,Cristianismo y Disidencia: Una Mirada Histórica,10,cristianismo y disidencia: una mirada historica
TTF082,Fe y Cultura,10,fe y cultura
TTF083,Cristianismo y Derechos Humanos,10,cristianismo y derechos humanos
TTF084,Lecturas Contemporaneas de la Biblia,10,lecturas contemporaneas de la biblia
TTF085,ñEs la Fe Una Respuesta a las Inquietudes del Hombreñ,10,nes la fe una respuesta a las inquietudes del hombren
TTF086,Matrimonio y Familia Hoy,10,matrimonio y familia hoy
TTF087,ñEsta Dios en el Escenario Humanoñ,10,nesta dios en el escenario humanon
TTF088,Caminar en el Espiritu,10,caminar en el espiritu
TTF089,La Sexualidad Humana en la Tradición Cristiana,10,la sexualidad humana en la tradicion cristiana
TTF090,Los Cristos del Cine,10,los cristos del cine
TTF091,Leer el Evangelio en el siglo XXI,10,leer el evangelio en el siglo xxi
TTF092,El mundo como Sacramento de Dios,10,el mundo como sacramento de dios
TTF093,"El Evangelio de Juan, una propuesta de Cristianismo de Ayer y para Hoy",10,"el evangelio de juan, una propuesta de cristianismo de ayer y para hoy"
TTF095,Lectura Teológica del Problema Etico de la Civilización Tecnologica,10,lectura teologica del problema etico de la civilizacion tecnologica
TTF096,"Jesucristo, un Dios empatico",10,"jesucristo, un dios empatico"
TTF097,Liturgia: Celebrar aquello qué se cree,10,liturgia: celebrar aquello que se cree
TTF098,Diálogo: Clave y Fundamento del Empeño Ecumenico,10,dialogo: clave y fundamento del empeno ecumenico
TTF099,"Eucaristia, Comunion de Dios, Comunion de los Hombres",10,"eucaristia, comunion de dios, comunion de los hombres"
TTF100,Arte y Revelación,10,arte y revelacion
TTF101,La Multiples Caras de la Religión en el Mundo Actual,10,la multiples caras de la religion en el mundo actual
TTF102,ñPor Qué Celebrarñ,10,npor que celebrarn
TTF103,Miradas Cristianas Sobre las Religiones del Mundo,10,miradas cristianas sobre las religiones del mundo
TTF104,Teología y Cuestiones Actuales,10,teologia y cuestiones actuales
TTF106,Pintura de Iconos: Teofania en la Linea y el Color,10,pintura de iconos: teofania en la linea y el color
TTF107,La Religión Popular: Una Mirada Teológica,10,la religion popular: una mirada teologica
TTF108,La Pregunta por la Salvación en la Literatura,10,la pregunta por la salvacion en la literatura
TTF109,La Belleza de la Fragilidad Humana,10,la belleza de la fragilidad humana
TTF111,Ética Teológica de la Tecnología Moderna,10,etica teologica de la tecnologia moderna
TTF112,Religión y Política UC Propone,10,religion y politica uc propone
TTF113,Religión y Ciencia,10,religion y ciencia
TTF114,Historia del Cristianismo a través del Arte,10,historia del cristianismo a traves del arte
TTF115,Vigen Maria y Feminismo: ñDialogo o Confrontacionñ,10,vigen maria y feminismo: ndialogo o confrontacionn
TTF116,Arquitectura Sacra,10,arquitectura sacra
TTF118,"Esperanza Cristiana, Muerte y Mas Alla",10,"esperanza cristiana, muerte y mas alla"
TTF201,Dios en las Culturas (TTF201),10,dios en las culturas (ttf201)
TTF202,Búsquedas Religiosas y Cristianismo,10,busquedas religiosas y cristianismo
TTF203,Desafíos a la Fe,10,desafios a la fe
TTF204,Jesus: Distintas Comprensiones (TTF204),10,jesus: distintas comprensiones (ttf204)
TTF205,ñQuien es Jesus de Nazarethñ,10,nquien es jesus de nazarethn
TTF206,El Padrenuestro: La Oración de Jesus,10,el padrenuestro: la oracion de jesus
TTF207,Doctrina Social de la Iglesia,10,doctrina social de la iglesia
TTF208,Fe y Razón: Una Perspectiva Histórica,10,fe y razon: una perspectiva historica
TTF209,La Pregunta por Dios: Relación entre Fe y Razón,10,la pregunta por dios: relacion entre fe y razon
TTF210,Experiencia Creyente y Secularismo,10,experiencia creyente y secularismo
TTF211,Para Pensar la Muerte,10,para pensar la muerte
TTF212,Dios en la Teología Latinoamericana: A+S,10,dios en la teologia latinoamericana: a+s
TTF213,Espiritualidad Laical y Cultura Moderna,10,espiritualidad laical y cultura moderna
TTF214,Mujeres Misticas,10,mujeres misticas
TTF215,Teología y Ecología,10,teologia y ecologia
TTF216,ñCreer o no Creerñ,10,ncreer o no creern
TTF217,ñEs necesaria la Iglesiañ,10,nes necesaria la iglesian
TTF218,Lectura Contemporánea de la Biblia,10,lectura contemporanea de la biblia
TTF219,Existencia Humana y la Busqueda de Sentido,10,existencia humana y la busqueda de sentido
TTF220,Teología del Cuerpo Humano,10,teologia del cuerpo humano
TTF221,El Arte y lo Sagrado (TTF221),10,el arte y lo sagrado (ttf221)
TTF222,Cristianismo y Crisis Ecológica,10,cristianismo y crisis ecologica
TTF223,Taller de Pintura de Iconos (A+S),10,taller de pintura de iconos (a+s)
TTF224,Cristianismo Popular Latinoamericano,10,cristianismo popular latinoamericano
TTF225,Fe y Ciencia,10,fe y ciencia
TTF226,Religión y Política,10,religion y politica
TTF228,Espiritu Santo: Señor y Dador de Vida,10,espiritu santo: senor y dador de vida
TTF229,Holy Spirit: Lord and Giver of Life,10,holy spirit: lord and giver of life
TTF230,Religiones en Diálogo,10,religiones en dialogo
TTF231,Religions in Dialogue,10,religions in dialogue
TTF232,Teología Feminista: Un Signo de los Tiempos,10,teologia feminista: un signo de los tiempos
TTF233,Teología y Literatura,10,teologia y literatura
TTF234,ñQue Creian los Primeros Cristianosñ,10,nque creian los primeros cristianosn
TTF235,Para Pensar el Mal,10,para pensar el mal
TUF1001,Español Semestral (TUF1001),10,espanol semestral (tuf1001)
UC_0001,Voces. Diálogo Ciudadano y Bien Común,10,voces. dialogo ciudadano y bien comun
VET0010,Introducción a la Medicina Veterinaria,5,introduccion a la medicina veterinaria
VET0100,Histología y Embriología,10,histologia y embriologia
VET0110,Anatomía Veterinaria I,10,anatomia veterinaria 1
VET0120,Anatomía Veterinaria II,10,anatomia veterinaria 2
VET015E,Ornitología,10,ornitologia
VET0500,Etología y Bienestar Animal,10,etologia y bienestar animal
VET0510,Procedimientos de Manejo Animal,10,procedimientos de manejo animal
VET052B,Etología Clínica,10,etologia clinica
VET1000,Economía y Administración Veterinaria,10,economia y administracion veterinaria
VET111D,Técnicas Moleculares Aplicadas en Ciencias Animales.,10,tecnicas moleculares aplicadas en ciencias animales.
VET112D,Laboratorio Clínico Veterinario Avanzado,10,laboratorio clinico veterinario avanzado
VET112R,Biotecnología Reproductiva en Animales Domesticos y Silvestres,10,biotecnologia reproductiva en animales domesticos y silvestres
VET1130,Fisiopatología Veterinaria,10,fisiopatologia veterinaria
VET1140,Enfermedades Parasitarias,10,enfermedades parasitarias
VET1150,Patología General y Sistemática,10,patologia general y sistematica
VET115D,Patología Aplicada al Diagnóstico Veterinario,10,patologia aplicada al diagnostico veterinario
VET1160,Enfermedades Infecciosas,10,enfermedades infecciosas
VET1180,Farmacología y Toxicología,10,farmacologia y toxicologia
VET1190,Ginecología y Obstetricia,10,ginecologia y obstetricia
VET119C,Tópicos en Neurofarmacología Veterinaria,10,topicos en neurofarmacologia veterinaria
VET1300,Producción de Monogástricos,10,produccion de monogastricos
VET132P,Biología y Enfermedades de Peces,10,biologia y enfermedades de peces
VET133P,Medicina de Rumiantes en Sistemas Sostenibles,10,medicina de rumiantes en sistemas sostenibles
VET1400,Ecología Veterinaria,10,ecologia veterinaria
VET1410,Manejo de Vida Silvestre y Medicina de Animales Exóticos,10,manejo de vida silvestre y medicina de animales exoticos
VET142E,Biología y Conservación de Megavertebrados Marinos,10,biologia y conservacion de megavertebrados marinos
VET143C,Medicina de Mascotas No Convencionales,10,medicina de mascotas no convencionales
VET144E,Medicina de la Conservación,10,medicina de la conservacion
VET1600,Salud Pública y Epidemiología,10,salud publica y epidemiologia
VET1601,Una Salud,10,una salud
VET161G,Tenencia Responsable de Mascotas,10,tenencia responsable de mascotas
VET162G,UC Propone: Investigación Aplicada en Ecología Integral y Sustentabilidad (VET162G),10,uc propone: investigacion aplicada en ecologia integral y sustentabilidad (vet162g)
VET163G,Mujeres Inspiradoras: Grandes Cientificas Modernas,10,mujeres inspiradoras: grandes cientificas modernas
VET1700,Calidad e Inocuidad de Productos Pecuarios,10,calidad e inocuidad de productos pecuarios
VET1800,Semiología y Métodos Diagnósticos,10,semiologia y metodos diagnosticos
VET1810,Patología Clínica,10,patologia clinica
VET181C,Farmacología Clínica Veterinaria,10,farmacologia clinica veterinaria
VET1830,Medicina Interna I,10,medicina interna 1
VET184C,Medicina Veterinaria en Emergencias y Desastres,10,medicina veterinaria en emergencias y desastres
VET185C,Aspectos Moleculares y Clinicos del Cancer,10,aspectos moleculares y clinicos del cancer
VET186C,Neonatología y Pediatría Veterinaria,10,neonatologia y pediatria veterinaria
VET187C,Evaluación Clínica de Enfermedades Cardiovasculares en Animales Pequeños,10,evaluacion clinica de enfermedades cardiovasculares en animales pequenos
VET188C,Nutrición de Pequeñas Especies,10,nutricion de pequenas especies
VET189C,Anatomía Clínica Aplicada al Diagnóstico,10,anatomia clinica aplicada al diagnostico
VET2000,Formulación y Evaluación de Proyectos en Medicina Veterinaria,10,formulacion y evaluacion de proyectos en medicina veterinaria
VET2800,Cirugía y Anestesia,10,cirugia y anestesia
VET2810,Cirugía y Anestesia Avanzada,10,cirugia y anestesia avanzada
VET281A,Internado de Cirugía y Anestesia en Pequeños Animales,25,internado de cirugia y anestesia en pequenos animales
VET281C,Geriatria Veterinaria,10,geriatria veterinaria
VET281Q,Internado de Cirugía y Anestesia en Equinos,20,internado de cirugia y anestesia en equinos
VET2820,Imagenología Veterinaria,10,imagenologia veterinaria
VET282C,Medicina Deportiva en Equinos,10,medicina deportiva en equinos
VET2830,Medicina Interna II,10,medicina interna 2
VET283A,Internado de Medicina Interna en Pequeños Animales,30,internado de medicina interna en pequenos animales
VET283C,Medicina Interna Felina,10,medicina interna felina
VET283Q,Internado de Medicina General e Interna Equina,35,internado de medicina general e interna equina
VET284A,Internado de Emergencias y Cuidados Intesivos en Pequeños Animales,10,internado de emergencias y cuidados intesivos en pequenos animales
VET284C,Medicina Interna Felina (VET284C),10,medicina interna felina (vet284c)
VET284P,Producción Equina,10,produccion equina
VET2850,Internado de Caninos y Felinos,100,internado de caninos y felinos
VET285A,Internado de Imagenología en Pequeños Animales,10,internado de imagenologia en pequenos animales
VET285C,Bienestar y Seguridad en Pista en el Caballo Deportivo,10,bienestar y seguridad en pista en el caballo deportivo
VET2860,Internado en Equinos,100,internado en equinos
VET286A,Internado de Reproducción en Pequeños Animales,5,internado de reproduccion en pequenos animales
VET286Q,Internado de Reproducción y Neonatología Equina,25,internado de reproduccion y neonatologia equina
VET287A,Internado de Anatomía Patologica en Pequeños Animales,5,internado de anatomia patologica en pequenos animales
VET287Q,Internado de Anatomía Patologica en Equinos,5,internado de anatomia patologica en equinos
VET288A,Internado Electivo en Pequeños Animales,10,internado electivo en pequenos animales
VET288Q,Internado Electivo en Equinos,10,internado electivo en equinos
VET289A,Internado de Patología Clínica en Pequeños Animales,5,internado de patologia clinica en pequenos animales
VET289Q,Internado de Patología Clínica en Equinos,5,internado de patologia clinica en equinos
VET295I,Seminario de Investigación en Medicina Veterinaria,10,seminario de investigacion en medicina veterinaria
VIE301E,Lectura Musical I,8,lectura musical 1
VIE302E,Lectura Musical II,8,lectura musical 2
VIE303T,Taller de Instrumentos I,8,taller de instrumentos 1
VIE304T,Taller de Instrumentos II,8,taller de instrumentos 2
VIE305T,Taller Vocal e Instrumental,8,taller vocal e instrumental
VIE306E,Folklore,6,folklore
VIE307E,Metodología de Educación Musical III,10,metodologia de educacion musical 3
VIE308E,Dirección Coral,6,direccion coral
VIE600P,Práctica Mención Educación Musical,10,practica mencion educacion musical
VIF101F,Fundamentos Biológicos y Atención de Emergencia,8,fundamentos biologicos y atencion de emergencia
VIF102F,Psicomotricidad,6,psicomotricidad
VIF103F,Gimnasia Formativa,6,gimnasia formativa
VIF104F,Expresión Corporal y Ritmica,6,expresion corporal y ritmica
VIF105F,Iniciación Deportiva I,6,iniciacion deportiva 1
VIF106F,Iniciación Deportiva II,6,iniciacion deportiva 2
VIF107F,Actividades Ludicas y Recreativas,6,actividades ludicas y recreativas
VIF108F,Teoría del Movimiento y Gimnasia Correctiva,6,teoria del movimiento y gimnasia correctiva
VIF109F,Metodología y Evaluación de la Educación Física,10,metodologia y evaluacion de la educacion fisica
VIF600P,Práctica Mención Educación Física,10,practica mencion educacion fisica
VIL001D,Fundamentos de la Educación Física,5,fundamentos de la educacion fisica
VIL002D,"Kayak, Campamento y Naturaleza",10,"kayak, campamento y naturaleza"
VIL0102,Práctica en Educación Parvularia III: Creación de Ambientes para el Aprendizaje,20,practica en educacion parvularia iii: creacion de ambientes para el aprendizaje
VIL0103,"Práctica en Educación Parvularia IV: Enfoques Globalizadores, Juegos y Metodologías Activas",20,"practica en educacion parvularia iv: enfoques globalizadores, juegos y metodologias activas"
VIL0104,"Práctica Profesional I: Familia, Comunidades, Interculturalidad y Desarrollo Sustentable",40,"practica profesional i: familia, comunidades, interculturalidad y desarrollo sustentable"
VIL0105,Práctica Profesional II: Identidad Profesional y Liderazgo,40,practica profesional ii: identidad profesional y liderazgo
VIL0109,Neurodiversidad e Inclusión en Educación Parvularia,10,neurodiversidad e inclusion en educacion parvularia
VIL0112,Libros y Literaturas para las Infancias (VIL0112),10,libros y literaturas para las infancias (vil0112)
VIL0114,Currículum y Modalidades Curriculares en Educación Parvularia (VIL0114),10,curriculum y modalidades curriculares en educacion parvularia (vil0114)
VIL0115,Planificación y Evaluación del Proceso Educativo,10,planificacion y evaluacion del proceso educativo
VIL0116,Didáctica Integrada de los Lenguajes Artisticos I,10,didactica integrada de los lenguajes artisticos 1
VIL0117,Didáctica Integrada de los Lenguajes Artisticos II,10,didactica integrada de los lenguajes artisticos 2
VIL0119,Educación Basada en el Lugar para el Desarrollo Sustentable,10,educacion basada en el lugar para el desarrollo sustentable
VIL0120,"Didacticas Integradas al Contexto: Matemáticas, Ciencias Sociales y Ciencias Naturales I",10,"didacticas integradas al contexto: matematicas, ciencias sociales y ciencias naturales 1"
VIL0121,"Didacticas Integradas al Contexto: Matemáticas, Ciencias Sociales y Ciencias Naturales II",10,"didacticas integradas al contexto: matematicas, ciencias sociales y ciencias naturales 2"
VIL0122,"Didacticas Integradas al Contexto: Matemáticas, Ciencias Sociales y Ciencias Naturales III",10,"didacticas integradas al contexto: matematicas, ciencias sociales y ciencias naturales 3"
VIL0124,Kimeltun 1: Lengua y Cultura Mapuche,5,kimeltun 1: lengua y cultura mapuche
VIL0125,Kimeltun 2: Habilidades Comunicativas en Mapudungun I,5,kimeltun 2: habilidades comunicativas en mapudungun 1
VIL0126,Kimeltun 3: Habilidades Comunicativas en Mapudungun II,5,kimeltun 3: habilidades comunicativas en mapudungun 2
VIL0127,Kimeltun 4: Didáctica del Mapudungun,5,kimeltun 4: didactica del mapudungun
VIL0128,Taller de Corporalidad y Juego en Educación Parvularia,5,taller de corporalidad y juego en educacion parvularia
VIL0129,Taller de Bienestar y Autocuidado Docente,5,taller de bienestar y autocuidado docente
VIL0130,Taller de Salud y Bienestar Infantil,5,taller de salud y bienestar infantil
VIL0131,Taller de Competencias Interculturales,10,taller de competencias interculturales
VIL0132,"Saberes Locales, Comunidad y Territorio",10,"saberes locales, comunidad y territorio"
VIL0133,Competencias Interculturales en Contextos de Migración,10,competencias interculturales en contextos de migracion
VIL0134,"Interculturalidad, Desarrollo y Educación (VIL0134)",10,"interculturalidad, desarrollo y educacion (vil0134)"
VIL0135,Taller de Interculturalidad,10,taller de interculturalidad
VIL0137,Examen de Licenciatura (VIL0137),0,examen de licenciatura (vil0137)
VIL0301,Gestión de Aulas Inclusivas con Perspectiva Intercultural y Sustentable,10,gestion de aulas inclusivas con perspectiva intercultural y sustentable
VIL0302,Práctica I: Enseñanza para un Desarrollo Sustentable,10,practica i: ensenanza para un desarrollo sustentable
VIL0303,"Práctica II: Familia, Comunidad e Interculturalidad",10,"practica ii: familia, comunidad e interculturalidad"
VIL0304,Liderazgo y Comunicación I,5,liderazgo y comunicacion 1
VIL0305,Liderazgo y Comunicación II,5,liderazgo y comunicacion 2
VIL0307,Aprendizaje y Desarrollo en la Adolescencia,10,aprendizaje y desarrollo en la adolescencia
VIL0308,Neurociencias para la Inclusión Educativa,10,neurociencias para la inclusion educativa
VIL0309,Trabajo Final de Título,10,trabajo final de titulo
VIL0310,"Didáctica de los números, el Álgebra y la Geometría",10,"didactica de los numeros, el algebra y la geometria"
VIL0311,Didáctica de la Estadística y las Probabilidades,10,didactica de la estadistica y las probabilidades
VIL0312,Didáctica del Cálculo y el Pensamiento Computacional,10,didactica del calculo y el pensamiento computacional
VIL0313,Prueba de Conocimientos Disciplinares,0,prueba de conocimientos disciplinares
VIL1001,Psicopedagogía del Escolar Basico I (VIL1001),8,psicopedagogia del escolar basico 1 (vil1001)
VIL1002,Psicopedagogía del Escolar Basico II (VIL1002),8,psicopedagogia del escolar basico 2 (vil1002)
VIL1003,Psicopedagogía del Aprendizaje (VIL1003),6,psicopedagogia del aprendizaje (vil1003)
VIL1004,Trastornos del Aprendizaje,8,trastornos del aprendizaje
VIL1005,Alternativas Curriculares,6,alternativas curriculares
VIL1006,Evaluación en Educación General Básica,8,evaluacion en educacion general basica
VIL1007,Orientación,6,orientacion
VIL1008,Introducción a la Administración Escolar,6,introduccion a la administracion escolar
VIL101,Psicología del Desarrollo,10,psicologia del desarrollo
VIL1011,Sociología de la Educación (VIL1011),8,sociologia de la educacion (vil1011)
VIL1012,Estadística Aplicada a la Educación,6,estadistica aplicada a la educacion
VIL1013,Filosofía de la Educación I,8,filosofia de la educacion 1
VIL1014,Filosofía de la Educación II,8,filosofia de la educacion 2
VIL101F,"Fundamentos Biológicos, Higiene y Primeros Auxilios",6,"fundamentos biologicos, higiene y primeros auxilios"
VIL1020,Ciencias Naturales I,6,ciencias naturales 1
VIL1021,Ciencias Naturales II,6,ciencias naturales 2
VIL1022,Metodología de las Ciencias Naturales,6,metodologia de las ciencias naturales
VIL102D,Didáctica de las Ciencias Sociales II,10,didactica de las ciencias sociales 2
VIL102F,Desarrollo Motor en el Escolar Basico,6,desarrollo motor en el escolar basico
VIL1030,Geografía Universal (VIL1030),6,geografia universal (vil1030)
VIL103F,Educación del Ritmo y Expresión Corporal,6,educacion del ritmo y expresion corporal
VIL1040,Historia I,8,historia 1
VIL1041,Historia II,8,historia 2
VIL1042,Metodología de la Historia y Geografía,6,metodologia de la historia y geografia
VIL104F,Actividades Ludicas y Recreativas (VIL104F),6,actividades ludicas y recreativas (vil104f)
VIL1050,Gramática Española (VIL1050),8,gramatica espanola (vil1050)
VIL1051,Castellano Escrito (VIL1051),8,castellano escrito (vil1051)
VIL1052,Iniciación Literaria (VIL1052),8,iniciacion literaria (vil1052)
VIL1053,Metodología del Castellano I,6,metodologia del castellano 1
VIL1054,Metodología del Castellano II,6,metodologia del castellano 2
VIL105F,Iniciación Deportiva I (VIL105F),8,iniciacion deportiva 1 (vil105f)
VIL1060,Álgebra Básica,8,algebra basica
VIL1061,Geometría Básica,8,geometria basica
VIL1062,Metodología de la Matemática I,6,metodologia de la matematica 1
VIL1063,Metodología de la Matemática II,6,metodologia de la matematica 2
VIL106F,Iniciación Deportiva II (VIL106F),8,iniciacion deportiva 2 (vil106f)
VIL1070,Metodología General de la Educación Básica,12,metodologia general de la educacion basica
VIL1071,Metodología de la Educación Física I,5,metodologia de la educacion fisica 1
VIL1072,Metodología de la Educación Física II,5,metodologia de la educacion fisica 2
VIL1075,Metodología de las Artes Plasticas I,5,metodologia de las artes plasticas 1
VIL1076,Metodología de las Artes Plasticas II,5,metodologia de las artes plasticas 2
VIL107F,Teoría del Movimiento y Gimnasia Correctiva (VIL107F),10,teoria del movimiento y gimnasia correctiva (vil107f)
VIL108,Elementos de la Gramática Española,10,elementos de la gramatica espanola
VIL1080,Metodología de la Investigación en Educación General Básica,10,metodologia de la investigacion en educacion general basica
VIL1081,Metodología de la Educación Musical I,8,metodologia de la educacion musical 1
VIL1082,Metodología de la Educación Musical II,5,metodologia de la educacion musical 2
VIL108F,Metodología y Evaluación de la Educación Física (VIL108F),10,metodologia y evaluacion de la educacion fisica (vil108f)
VIL1091,Metodología de la Educación Tecnico Manual I,5,metodologia de la educacion tecnico manual 1
VIL1092,Metodología de la Educación Tecnico Manual II,5,metodologia de la educacion tecnico manual 2
VIL109F,Psicología del Deporte y de la Actividad Física,10,psicologia del deporte y de la actividad fisica
VIL1100,Catequesis General,5,catequesis general
VIL1101,Cristología (VIL1101),5,cristologia (vil1101)
VIL1102,Formación Religiosa del Escolar Basico (Metodología de Religión),5,formacion religiosa del escolar basico (metodologia de religion)
VIL110F,Práctica Mención Educación Física (VIL110F),10,practica mencion educacion fisica (vil110f)
VIL112D,Didáctica de la Matemática III (VIL112D),10,didactica de la matematica 3 (vil112d)
VIL1200,Pre-Internado,16,pre-internado
VIL1201,Internado Pedagogico,32,internado pedagogico
VIL1202,Seminario de Grado (VIL1202),10,seminario de grado (vil1202)
VIL122D,Didáctica de las Ciencias Naturales III (VIL122D),10,didactica de las ciencias naturales 3 (vil122d)
VIL130D,Didáctica de la Lecto-Escritura,10,didactica de la lecto-escritura
VIL131D,Didáctica de la Lectura y Escritura,10,didactica de la lectura y escritura
VIL132D,Didáctica de la Comunicación Multimodal (VIL132D),10,didactica de la comunicacion multimodal (vil132d)
VIL2001,Historia de la Salvación,4,historia de la salvacion
VIL2002,Cristo y la Persona del Educador,6,cristo y la persona del educador
VIL2003,Didáctica de la Formación Religiosa del Escolar Basico,6,didactica de la formacion religiosa del escolar basico
VIL2004,Biodiversidad. Conservación y Observación,10,biodiversidad. conservacion y observacion
VIL200T,Taller de Desarrollo Personal del Educador,6,taller de desarrollo personal del educador
VIL202,Cultura y Lengua Mapuche,10,cultura y lengua mapuche
VIL203,Historia de Chile,10,historia de chile
VIL203I,Lengua Inglesa I (VIL203I),10,lengua inglesa 1 (vil203i)
VIL2047,"Oratoria: Mas qué Hablar, Comunicar",10,"oratoria: mas que hablar, comunicar"
VIL2048,"Aproximación al Conocimiento de las Desigualdades Económicas, Sociales y Culturales",10,"aproximacion al conocimiento de las desigualdades economicas, sociales y culturales"
VIL2049,Geografía Física y Tecnologías de Información Geográfica (Tig),10,geografia fisica y tecnologias de informacion geografica (tig)
VIL204I,Lengua Inglesa II (VIL204I),10,lengua inglesa 2 (vil204i)
VIL205,"Familia, Escuela y Comunidad",10,"familia, escuela y comunidad"
VIL205I,Lengua Inglesa III (VIL205I),10,lengua inglesa 3 (vil205i)
VIL206,Currículum en la Organización Educativa,10,curriculum en la organizacion educativa
VIL206I,Lengua Inglesa IV (VIL206I),10,lengua inglesa 4 (vil206i)
VIL207,Literatura para los Niños,10,literatura para los ninos
VIL207I,Fonética Aplicada,10,fonetica aplicada
VIL208I,Gramática Aplicada,10,gramatica aplicada
VIL209I,Didáctica y Evaluación I,10,didactica y evaluacion 1
VIL210I,Didáctica y Evaluación II,10,didactica y evaluacion 2
VIL211I,Internado Mención Inglés (VIL211I),10,internado mencion ingles (vil211i)
VIL257,Interculturalidad y Educación (VIL257),10,interculturalidad y educacion (vil257)
VIL3000,La Educación Desde la Perspectiva Socio-Cultural (VIL3000),10,la educacion desde la perspectiva socio-cultural (vil3000)
VIL3001,Psicopedagogía del Escolar Basico I (VIL3001),8,psicopedagogia del escolar basico 1 (vil3001)
VIL3002,Psicopedagogía del Escolar Basico II (VIL3002),8,psicopedagogia del escolar basico 2 (vil3002)
VIL3004,El Currículum y la Organización Educativa,12,el curriculum y la organizacion educativa
VIL3005,La Evaluación en la Acción Educativa (VIL3005),8,la evaluacion en la accion educativa (vil3005)
VIL3006,La Educación Desde la Perspectiva Filosófica (VIL3006),8,la educacion desde la perspectiva filosofica (vil3006)
VIL3007,Orientación (VIL3007),6,orientacion (vil3007)
VIL300A,Castellano Instrumental (VIL300A),10,castellano instrumental (vil300a)
VIL300B,Literatura,8,literatura
VIL300C,Didáctica del Lenguaje I (VIL300C),8,didactica del lenguaje 1 (vil300c)
VIL300D,Didáctica del Lenguaje II (VIL300D),8,didactica del lenguaje 2 (vil300d)
VIL300M,Elementos Básicos de la Lengua Mapuche,6,elementos basicos de la lengua mapuche
VIL3010,El Aprendizaje Desde la Perspectiva de la Psicología Educacional,10,el aprendizaje desde la perspectiva de la psicologia educacional
VIL3011,Administración Educacional,6,administracion educacional
VIL3012,Interculturalidad y Desarrollo,10,interculturalidad y desarrollo
VIL301E,Lectura Musical I (VIL301E),8,lectura musical 1 (vil301e)
VIL302E,Lectura Musical II (VIL302E),8,lectura musical 2 (vil302e)
VIL303E,Taller de Instrumentos I (VIL303E),8,taller de instrumentos 1 (vil303e)
VIL304E,Taller de Instrumentos II (VIL304E),8,taller de instrumentos 2 (vil304e)
VIL305E,Taller Vocal e Instrumental (VIL305E),8,taller vocal e instrumental (vil305e)
VIL306E,Folklore (VIL306E),6,folklore (vil306e)
VIL307E,Metodología de Educación Musical III (VIL307E),10,metodologia de educacion musical 3 (vil307e)
VIL308E,Dirección Coral (VIL308E),6,direccion coral (vil308e)
VIL310M,Práctica Mención Educación Musical (VIL310M),10,practica mencion educacion musical (vil310m)
VIL4000,Educación Matemática,10,educacion matematica
VIL401,Introducción a la Investigación Educativa,10,introduccion a la investigacion educativa
VIL401M,Álgebra (VIL401M),10,algebra (vil401m)
VIL402M,Geometría II (VIL402M),10,geometria 2 (vil402m)
VIL403M,Taller de Geometría,10,taller de geometria
VIL404M,Taller de Aritmética y Álgebra,10,taller de aritmetica y algebra
VIL405M,Psicología y Aprendizaje Matematico,6,psicologia y aprendizaje matematico
VIL406M,Tecnología de la Información en la Educación Matemática,10,tecnologia de la informacion en la educacion matematica
VIL407M,Educación Matemática y Evaluación,6,educacion matematica y evaluacion
VIL408M,Didáctica de la Matemática III (VIL408M),10,didactica de la matematica 3 (vil408m)
VIL410M,Práctica Mención Matemática,10,practica mencion matematica
VIL5001,Geografía,10,geografia
VIL500P,Práctica Profesional I: Mención Lenguaje y Comunicación,20,practica profesional i: mencion lenguaje y comunicacion
VIL500T,Taller de Historia,12,taller de historia
VIL501N,Las Propiedades y los Cambios Fisicos en la Materia,6,las propiedades y los cambios fisicos en la materia
VIL501P,Práctica Profesional II: Mención Lenguaje y Comunicación,20,practica profesional ii: mencion lenguaje y comunicacion
VIL501T,Taller de Educación Tecnologica (VIL501T),6,taller de educacion tecnologica (vil501t)
VIL502,Literatura Infantil y Juvenil (VIL502),10,literatura infantil y juvenil (vil502)
VIL5020,Didáctica de Educación Tecnologica,6,didactica de educacion tecnologica
VIL502N,Estructuras y Transformaciones Química de la Materia,10,estructuras y transformaciones quimica de la materia
VIL502P,Práctica Profesional I: Mención Matemática,20,practica profesional i: mencion matematica
VIL503,Gramática para la Competencia Comunicativa (VIL503),10,gramatica para la competencia comunicativa (vil503)
VIL5030,Psicología y Educación del Adolescente,10,psicologia y educacion del adolescente
VIL503N,El Mundo Vegetal,10,el mundo vegetal
VIL503P,Práctica Profesional II: Mención Matemática,20,practica profesional ii: mencion matematica
VIL504,Leer y Escribir a Través del Currículum (VIL504),10,leer y escribir a traves del curriculum (vil504)
VIL504C,Crítica Literaria (VIL504C),6,critica literaria (vil504c)
VIL504N,El Mundo Animal,10,el mundo animal
VIL504P,Práctica Profesional I: Mención Ciencias Naturales,20,practica profesional i: mencion ciencias naturales
VIL505C,Literatura I (Narrativa),6,literatura 1 (narrativa)
VIL505D,Literatura II (Lirica),6,literatura 2 (lirica)
VIL505E,Literatura III (Genero Dramatico),6,literatura 3 (genero dramatico)
VIL505N,Educación Ambiental (VIL505N),10,educacion ambiental (vil505n)
VIL505P,Práctica Profesional II: Mención Ciencias Naturales,20,practica profesional ii: mencion ciencias naturales
VIL506C,Teoría del Lenguaje y Comunicación,6,teoria del lenguaje y comunicacion
VIL506N,Educación y Promoción de la Salud,6,educacion y promocion de la salud
VIL506P,Práctica Profesional I: Mención Ciencias Sociales,20,practica profesional i: mencion ciencias sociales
VIL507C,Morfosintaxis Española,8,morfosintaxis espanola
VIL507N,La Persona Humana y Aspectos de Su Dimensión Biológica,8,la persona humana y aspectos de su dimension biologica
VIL507P,Práctica Profesional II: Mención Ciencias Sociales,20,practica profesional ii: mencion ciencias sociales
VIL507T,Taller de Educación de la Expresión Verbal I,6,taller de educacion de la expresion verbal 1
VIL508C,Metodología III,10,metodologia 3
VIL508T,Taller de Educación de la Expresión Verbal II,6,taller de educacion de la expresion verbal 2
VIL510,Álgebra y Sistemas Numéricos I (VIL510),10,algebra y sistemas numericos 1 (vil510)
VIL510N,Práctica Mención Ciencias Naturales,10,practica mencion ciencias naturales
VIL511,Geometría II (VIL511),10,geometria 2 (vil511)
VIL513,Álgebra y Sistemas Numéricos II (VIL513),10,algebra y sistemas numericos 2 (vil513)
VIL520,Biología Animal y Vegetal,10,biologia animal y vegetal
VIL521,Biodiversidad y Educación Ambiental,10,biodiversidad y educacion ambiental
VIL522,Acidos Nucleicos la Base de la Biotecnología,10,acidos nucleicos la base de la biotecnologia
VIL523,Ciencias Experimentales,10,ciencias experimentales
VIL530,Pensamiento Histórico,10,pensamiento historico
VIL531,Temas de Chile y América Siglo XIX (VIL531),10,temas de chile y america siglo xix (vil531)
VIL532,Geografía Humana y Medio Ambiente,10,geografia humana y medio ambiente
VIL533,Antropología Chilena (VIL533),10,antropologia chilena (vil533)
VIL6000,Fundamentos de la Psicomotricidad y Educación Física,6,fundamentos de la psicomotricidad y educacion fisica
VIL6001,Didáctica de la Educación Física,6,didactica de la educacion fisica
VIL6002,Didáctica de la Expresión Artística,10,didactica de la expresion artistica
VIL600M,Mapudungun I,4,mapudungun 1
VIL600P,Práctica Mención Castellano,10,practica mencion castellano
VIL600T,Taller de la Expresión Artística,10,taller de la expresion artistica
VIL601,Técnicas Argumentativas,10,tecnicas argumentativas
VIL601M,Mapudungun II,4,mapudungun 2
VIL602,"Arte, Cultura y Expresión (VIL602)",10,"arte, cultura y expresion (vil602)"
VIL602G,Taller de Folklore,5,taller de folklore
VIL602S,Historia Moderna y Contemporánea,10,historia moderna y contemporanea
VIL603,Prevención y Autocuidado,10,prevencion y autocuidado
VIL603G,Polideportivo,5,polideportivo
VIL603M,"Patrimonio Cultural, Memoria Histórica y Educación",10,"patrimonio cultural, memoria historica y educacion"
VIL603S,Historia y Cultura de la IX Region,10,historia y cultura de la 9 region
VIL604,Biodiversidad y Medioambiente,10,biodiversidad y medioambiente
VIL604G,Impostación de la Voz,5,impostacion de la voz
VIL604M,"Intel, Educar para el Futuro",10,"intel, educar para el futuro"
VIL604S,Trayectoria Institucional de Chile,8,trayectoria institucional de chile
VIL605,"Patrimonio, Memoria Histórica y Educación (VIL605)",10,"patrimonio, memoria historica y educacion (vil605)"
VIL605G,Familia Amor y Sexualidad,5,familia amor y sexualidad
VIL605M,"Patrimonio Cultural, Memoria Histórica y Educación II",10,"patrimonio cultural, memoria historica y educacion 2"
VIL605S,Economía y Desarrollo Sustentable,8,economia y desarrollo sustentable
VIL606,"Cultura, Cognición y Educación",10,"cultura, cognicion y educacion"
VIL606C,Química Práctica,10,quimica practica
VIL606G,Técnicas y Métodos de Estudio,5,tecnicas y metodos de estudio
VIL606M,Aplicación del Programa de Enrequecimiento Instrumental de Reuven Feuerstein,10,aplicacion del programa de enrequecimiento instrumental de reuven feuerstein
VIL606S,"Ciencia, Tecnología y Desarrollo Humano",8,"ciencia, tecnologia y desarrollo humano"
VIL607,Fundamento de los Deportes Colectivos,5,fundamento de los deportes colectivos
VIL607G,Guitarra Funcional,5,guitarra funcional
VIL607M,Fotografía II (VIL607M),10,fotografia 2 (vil607m)
VIL607S,Educación y Responsabilidad Social,8,educacion y responsabilidad social
VIL608,Multimedia Educativa (VIL608),10,multimedia educativa (vil608)
VIL608G,Educación Ambiental (VIL608G),5,educacion ambiental (vil608g)
VIL608I,Speaking Skills,10,speaking skills
VIL608S,Relación Sociedad y Paisaje,10,relacion sociedad y paisaje
VIL609,Interculturalidad y Desarrollo (VIL609),10,interculturalidad y desarrollo (vil609)
VIL609G,Metodología de Inglés para Quinto Ano,5,metodologia de ingles para quinto ano
VIL609S,Didáctica de las Ciencias Sociales II (VIL609S),10,didactica de las ciencias sociales 2 (vil609s)
VIL610,Elaboración y Gestión de Proyectos,10,elaboracion y gestion de proyectos
VIL610G,Taller Coral,5,taller coral
VIL610M,Comunicación y Educación Vocal,10,comunicacion y educacion vocal
VIL610S,Práctica Mención Ciencias Sociales,10,practica mencion ciencias sociales
VIL611,Juego y Aprendizaje (VIL611),10,juego y aprendizaje (vil611)
VIL611G,Iniciación Deportiva I (VIL611G),5,iniciacion deportiva 1 (vil611g)
VIL612,Interculturalidad y Competencias Interculturales,10,interculturalidad y competencias interculturales
VIL612G,Mapudungun I (VIL612G),5,mapudungun 1 (vil612g)
VIL613,Taller de Expresión Musical,10,taller de expresion musical
VIL613G,Mapudungun II (VIL613G),5,mapudungun 2 (vil613g)
VIL614,Fundamentos y Didáctica de la Motricidad en la Educación Pre Básica y Básica,6,fundamentos y didactica de la motricidad en la educacion pre basica y basica
VIL614G,Cultura Mapuche,5,cultura mapuche
VIL615,Habilidades Comunicativas Básicas en Lengua Mapuche,10,habilidades comunicativas basicas en lengua mapuche
VIL615G,Juegos y Movimientos,5,juegos y movimientos
VIL616G,"Iglesia, Sacramentos y Mariología",5,"iglesia, sacramentos y mariologia"
VIL617,"Infancia, Interculturalidad y Diversidad",10,"infancia, interculturalidad y diversidad"
VIL617G,Vóleibol (VIL617G),5,voleibol (vil617g)
VIL618,Gestión Curricular para Aulas Multigrado,10,gestion curricular para aulas multigrado
VIL618G,Gimnasia Formativa (VIL618G),5,gimnasia formativa (vil618g)
VIL619,El Lenguaje usa todos los sentidos,10,el lenguaje usa todos los sentidos
VIL619G,Evangelio Según San Juan,5,evangelio segun san juan
VIL620,El Poder de las Palabras: Fortaleciendo la Lectura Comprensiva a Través de la Expansión del Vocabula,10,el poder de las palabras: fortaleciendo la lectura comprensiva a traves de la expansion del vocabula
VIL620G,Literatura I,5,literatura 1
VIL621,Conozcamos Nuestra Fauna Silvestre: Técnicas Practicas para su Estudio y Fomento en Escuela,10,conozcamos nuestra fauna silvestre: tecnicas practicas para su estudio y fomento en escuela
VIL621G,Literatura II,5,literatura 2
VIL622,Latín American Biodiversity Conservation,5,latin american biodiversity conservation
VIL622G,Elaboración de Materiales Didacticos,5,elaboracion de materiales didacticos
VIL623,Conservation of Forest Ecosystems and Wildlife,10,conservation of forest ecosystems and wildlife
VIL623G,Taller de Desarrollo Personal del Educador (VIL623G),5,taller de desarrollo personal del educador (vil623g)
VIL624,"Territory, Interculturality and Education for Sustainability",10,"territory, interculturality and education for sustainability"
VIL624G,Informática Educativa en Aulas Multigrado,5,informatica educativa en aulas multigrado
VIL625,Planning for Local Sustainability in a Global Age,10,planning for local sustainability in a global age
VIL625G,Técnicas y Métodos de Estudio (VIL625G),4,tecnicas y metodos de estudio (vil625g)
VIL626,Field Methods for Enquiring Social-Ecological Systems,5,field methods for enquiring social-ecological systems
VIL626G,Polideportivo (VIL626G),4,polideportivo (vil626g)
VIL627,Fundamentos y Didáctica de la Educación Física y Salud en la Educación General Básica,10,fundamentos y didactica de la educacion fisica y salud en la educacion general basica
VIL627G,Educación Ambiental (VIL627G),4,educacion ambiental (vil627g)
VIL628,Pedagogía para el Aprendizaje en Aulas Multigrado,10,pedagogia para el aprendizaje en aulas multigrado
VIL628G,Guitarra Funcional (VIL628G),4,guitarra funcional (vil628g)
VIL629,"Infancia, Juventud y Cambio Climático",10,"infancia, juventud y cambio climatico"
VIL629G,Mapudungun II (VIL629G),4,mapudungun 2 (vil629g)
VIL630,"Conozcamos Nuestra Fauna Silvestre: Identificación, Problematicas de Consevación y Ciencia Ciudadana",10,"conozcamos nuestra fauna silvestre: identificacion, problematicas de consevacion y ciencia ciudadana"
VIL630G,Mapudungun II (VIL630G),4,mapudungun 2 (vil630g)
VIL631,Seres Humanos y otros Animales: Una Aproximación Sociocultural,10,seres humanos y otros animales: una aproximacion sociocultural
VIL631G,Impostación de la Voz (VIL631G),4,impostacion de la voz (vil631g)
VIL632,La Experiencia de Ocio como Proveedora de Salud y Bienestar,10,la experiencia de ocio como proveedora de salud y bienestar
VIL632G,Familia Amor y Sexualidad (VIL632G),4,familia amor y sexualidad (vil632g)
VIL633,Patrimonio Cultural y Memoria Histórica,10,patrimonio cultural y memoria historica
VIL633G,Taller de Folklore (VIL633G),4,taller de folklore (vil633g)
VIL634,"Wallmapu, su Historia y su Presente",10,"wallmapu, su historia y su presente"
VIL634G,Cultura Civica y Participación Ciudadana,6,cultura civica y participacion ciudadana
VIL635,Otra Cosa es con Guitarra,10,otra cosa es con guitarra
VIL636,Huerta para la Vida: La Huerta Agroecologica como Fuente se Salud y Recreación,10,huerta para la vida: la huerta agroecologica como fuente se salud y recreacion
VIL636G,Dificultades del Aprendizaje,6,dificultades del aprendizaje
VIL637G,Interculturalidad y Educación (VIL637G),6,interculturalidad y educacion (vil637g)
VIL638G,Taller de Fotografía Básica (Blanco y Negro),6,taller de fotografia basica (blanco y negro)
VIL639G,Taller de Diseño y Producción Audiovisual,6,taller de diseno y produccion audiovisual
VIL640G,Aprender a Aprender en el Marco de la Sociedad del Conocimiento,10,aprender a aprender en el marco de la sociedad del conocimiento
VIL641G,Juego Educación y Naturaleza,10,juego educacion y naturaleza
VIL642G,Inteligencia Emocional Como Una Herramienta,10,inteligencia emocional como una herramienta
VIL643G,"Cognición, Cultura y Educación",10,"cognicion, cultura y educacion"
VIL644G,Multimedia para la Educación,10,multimedia para la educacion
VIL645G,Gestión del Aula,4,gestion del aula
VIL646G,Habilidades Comunicativas Escritas,10,habilidades comunicativas escritas
VIL7000,Ciencias Naturales para la Educación General Básica,12,ciencias naturales para la educacion general basica
VIL7001,Didáctica de las Ciencias Naturales,10,didactica de las ciencias naturales
VIL701C,Comunicación Oral,10,comunicacion oral
VIL702C,Comunicación Escrita,10,comunicacion escrita
VIL703C,Teoría del Lenguaje y Comunicación (VIL703C),10,teoria del lenguaje y comunicacion (vil703c)
VIL704C,Taller de Teatro y Creación Literaria,10,taller de teatro y creacion literaria
VIL705C,Literatura (VIL705C),10,literatura (vil705c)
VIL706C,Morfosintaxis Española (VIL706C),10,morfosintaxis espanola (vil706c)
VIL708C,Didáctica del Lenguaje III,10,didactica del lenguaje 3
VIL710C,Práctica Mención Castellano (VIL710C),10,practica mencion castellano (vil710c)
VIL8000,Pre-Internado (VIL8000),20,pre-internado (vil8000)
VIL8010,Internado Pedagogico (VIL8010),40,internado pedagogico (vil8010)
VIL8020,Seminario de Grado (VIL8020),10,seminario de grado (vil8020)
VIM600P,Práctica Mención Matemática (VIM600P),10,practica mencion matematica (vim600p)
VIM602M,Geometría II (VIM602M),8,geometria 2 (vim602m)
VIM603M,Matemática Recreativa,6,matematica recreativa
VIM604M,Computación Educacional,8,computacion educacional
VIM607T,Taller de Educación Matemática I,10,taller de educacion matematica 1
VIM608T,Taller de Educación Matemática II,6,taller de educacion matematica 2
VIM610M,Evaluación de la Matemática,6,evaluacion de la matematica
VIM611M,Metodología de la Matemática III,10,metodologia de la matematica 3
VIN503N,Morfofisiología Vegetal,6,morfofisiologia vegetal
VIN504N,Morfofisiología Animal,10,morfofisiologia animal
VIN505N,La Persona Humana: Aspectos de Su Dimensión Biológica,8,la persona humana: aspectos de su dimension biologica
VIN506N,Educación Ambiental (VIN506N),8,educacion ambiental (vin506n)
VIN507N,Salud y Enfermedad,6,salud y enfermedad
VIN508N,Metodología de las Ciencias Naturales (VIN508N),10,metodologia de las ciencias naturales (vin508n)
VIN600P,Práctica Mención Ciencias Naturales (VIN600P),10,practica mencion ciencias naturales (vin600p)
VIP001,Práctica I: Introducción al Campo Profesional de la Educación Parvularia y Cambio Social,10,practica i: introduccion al campo profesional de la educacion parvularia y cambio social
VIP002,Currículum y Modelos Pedagogicos en Educación de Parvulos,10,curriculum y modelos pedagogicos en educacion de parvulos
VIP004,Ciencias Naturales (VIP004),5,ciencias naturales (vip004)
VIP005,Adquisición y Desarrollo de la Lengua (VIP005),10,adquisicion y desarrollo de la lengua (vip005)
VIP021,Fundamentos de la Educación Parvularia (VIP021),5,fundamentos de la educacion parvularia (vip021)
VIP023,"Números, Geometría, Datos y Azar para la Educación Parvularia",5,"numeros, geometria, datos y azar para la educacion parvularia"
VIP030,Aprendizaje y Desarrollo del Niño: Teoría y Práctica,10,aprendizaje y desarrollo del nino: teoria y practica
VIP033,Práctica II: Educación Parvularia (VIP033),10,practica ii: educacion parvularia (vip033)
VIP040,Literatura en la Infancia (VIP040),10,literatura en la infancia (vip040)
VIP041,Metodología de la Educación Parvularia (VIP041),10,metodologia de la educacion parvularia (vip041)
VIP042,Pensamiento Científico del Niño y Su Didáctica (VIP042),10,pensamiento cientifico del nino y su didactica (vip042)
VIP043,Pensamiento Matematico del Niño y Su Didáctica (VIP043),10,pensamiento matematico del nino y su didactica (vip043)
VIP044,Práctica III (Exploratoria al Major),10,practica 3 (exploratoria al major)
VIP051,Didáctica del Lenguaje Artístico Visual (VIP051),5,didactica del lenguaje artistico visual (vip051)
VIP052,Pensamiento Social del Niño y Su Didáctica (VIP052),10,pensamiento social del nino y su didactica (vip052)
VIP053,Didáctica del Movimiento y la Expresión Corporal,5,didactica del movimiento y la expresion corporal
VIP054,Didáctica del Lenguaje Oral y Escrito (VIP054),10,didactica del lenguaje oral y escrito (vip054)
VIP055,Didáctica del Lenguaje Artístico Musical (VIP055),5,didactica del lenguaje artistico musical (vip055)
VIP060,Metodología y Toma de Decisiones en Educación Temprana (VIP060),10,metodologia y toma de decisiones en educacion temprana (vip060)
VIP061,Didáctica de la Escritura Inicial,10,didactica de la escritura inicial
VIP062,Estrategias de Enseñanza para el Desarrollo Afectivo Temprano,10,estrategias de ensenanza para el desarrollo afectivo temprano
VIP063,Didáctica del Numero para la Educación Inicial,10,didactica del numero para la educacion inicial
VIP064,Didáctica para la Adquisición del Lenguaje Oral (VIP064),5,didactica para la adquisicion del lenguaje oral (vip064)
VIP065,Didáctica de la Lectura Inicial,5,didactica de la lectura inicial
VIP066,Liderazgo y Colaboración Entre Familia y Otros Agentes Educativos (VIP066),5,liderazgo y colaboracion entre familia y otros agentes educativos (vip066)
VIP067,Didáctica de la Geometría para la Educación Inicial,5,didactica de la geometria para la educacion inicial
VIP070,Seminario de Investigación y Enseñanza Basado en Evidencias I,5,seminario de investigacion y ensenanza basado en evidencias 1
VIP071,Práctica IV Profesional (Asociada a Major),15,practica 4 profesional (asociada a major)
VIP080,Seminario de Investigación y Enseñanza Basado en Evidencias II,5,seminario de investigacion y ensenanza basado en evidencias 2
VIP081,Taller de Practicas (Minor),10,taller de practicas (minor)
VIP082,Práctica Profesional V,15,practica profesional 5
VIP083,Taller de Práctica Minor: Interculturalidad,10,taller de practica minor: interculturalidad
VIP201P,Teoría del Arte,6,teoria del arte
VIP202P,Elementos Formales de la Plastica,6,elementos formales de la plastica
VIP203T,Taller de Dibujo,8,taller de dibujo
VIP204T,Taller de Expresión Plastica y Creatividad,6,taller de expresion plastica y creatividad
VIP205T,Taller de Técnicas Pictoricas,8,taller de tecnicas pictoricas
VIP206T,Taller de Escultura,6,taller de escultura
VIP207T,Taller de Modelado y Construcción,6,taller de modelado y construccion
VIP208P,Arte Chileno,8,arte chileno
VIP209P,Metodología de las Artes Plasticas III,10,metodologia de las artes plasticas 3
VIP501,Psicomotricidad y Juego en el Niño (VIP501),10,psicomotricidad y juego en el nino (vip501)
VIP600P,Práctica Mención Artes Plasticas,10,practica mencion artes plasticas
VIS600P,Práctica Mención Ciencias Sociales (VIS600P),10,practica mencion ciencias sociales (vis600p)
VIS600S,Elementos de Cartografía,6,elementos de cartografia
VIS601S,Historia Universal Moderna,6,historia universal moderna
VIS602S,Historia Universal Contemporánea,6,historia universal contemporanea
VIS603S,Introducción a la Vida Civica,6,introduccion a la vida civica
VIS604S,Geografía Humana y Económica,8,geografia humana y economica
VIS605S,Geografía Regional de Chile y América,8,geografia regional de chile y america
VIS606S,Trayectoria Institucional de Chile Republicano,6,trayectoria institucional de chile republicano
VIS607S,Elementos de Economía,6,elementos de economia
VIS608S,Metodología de las Ciencias Sociales II,10,metodologia de las ciencias sociales 2
VIT4010,Educación y Cuidados del Niño,5,educacion y cuidados del nino
VIT4011,Diseño Tecnico,5,diseno tecnico
VIT4012,Técnicas de Cultivo y Crianza,8,tecnicas de cultivo y crianza
VIT4013,Metodología Educación Tecnico Manual III,10,metodologia educacion tecnico manual 3
VIT401T,Tecnología y Taller de Metales y Electricidad,8,tecnologia y taller de metales y electricidad
VIT402T,Tecnología y Taller de Fibras y Géneros,8,tecnologia y taller de fibras y generos
VIT403T,Tecnología y Taller de Maderas,8,tecnologia y taller de maderas
VIT404T,Tecnología y Taller de Alimentación,8,tecnologia y taller de alimentacion
VIT600P,Práctica Mención Técnicas Manuales,10,practica mencion tecnicas manuales
VRA0000,Ruta Novata UC,0,ruta novata uc
VRA001V,English Test Villarrica,0,english test villarrica
VRA0901,Taller de Iniciación (VRA0901),5,taller de iniciacion (vra0901)
VRA100C,Examen de Comunicación Escrita (ECE),0,examen de comunicacion escrita (ece)
VRA100I,Test Diagnóstico Inglés,0,test diagnostico ingles
VRA101C,Eximido Requisito de Castellano,0,eximido requisito de castellano
VRA101I,Eximido Requisito de Inglés,0,eximido requisito de ingles
VRA102C,Comunicación Escrita-Norma Primer Ingreso,0,comunicacion escrita-norma primer ingreso
VRA102I,Inglés-Norma Primer Ingreso,0,ingles-norma primer ingreso
VRA1120,Taller de Habilidades para la Vida Universitaria,0,taller de habilidades para la vida universitaria
VRA1121,Taller de Habilidades para la Vida Universitaria II,0,taller de habilidades para la vida universitaria 2
VRA1220,Taller de Habilidades para la Vida Universitaria I,5,taller de habilidades para la vida universitaria 1
VRA1221,Taller de Habilidades para la Vida Universitaria II (VRA1221),5,taller de habilidades para la vida universitaria 2 (vra1221)
VRA1322,Introducción al Aprendizaje de las Ciencias Sociales y Humanidades,10,introduccion al aprendizaje de las ciencias sociales y humanidades
VRA1323,Formación en Docencia para Ayudantes UC,0,formacion en docencia para ayudantes uc
VRA2000,English Test Alte 2,0,english test alte 2
VRA200I,Test de Inglés Alte 3,0,test de ingles alte 3
VRA2010,English Placement Test Alte 3,0,english placement test alte 3
VRA3010,English Test (Sufficiency Alte 3),0,english test (sufficiency alte 3)
VRA4000,Integridad Académica en la UC,0,integridad academica en la uc
